Geneid,dcp2_2
YAL012W,16685
YAL069W,2
YAL068W-A,1
YAL068C,130
YAL067W-A,0
YAL067C,265
YAL066W,7
YAL065C,186
YAL064W-B,330
YAL064C-A,87
YAL064W,44
YAL063C-A,151
YAL063C,1668
YAL062W,334
YAL061W,1429
YAL060W,4198
YAL059C-A,21
YAL059W,1587
YAL058W,1339
YAL056C-A,20
YAL056W,2458
YAL055W,315
YAL054C,1155
YAL053W,12779
YAL051W,2302
YAL049C,2345
YAL048C,2005
YAL047W-A,25
YAL047C,791
YAL046C,655
YAL045C,5
YAL044W-A,1395
YAL044C,2741
YAL043C,3658
YAL042C-A,21
YAL042W,6382
YAL041W,3273
YAL040C,13488
YAL039C,1595
YAL038W,42617
YAL037C-B,7
YAL037C-A,2
YAL037W,290
YAL036C,2651
YAL035W,7094
YAL034C-B,5
YAL034W-A,501
YAL034C,2568
YAL033W,1127
YAL032C,750
YAL031W-A,23
YAL031C,1434
YAL030W,1264
YAL029C,5569
YAL028W,1166
YAL027W,518
YAL026C-A,475
YAL026C,4302
YAL025C,2818
YAL024C,1480
YAL023C,10339
YAL022C,4616
YAL021C,7095
YAL020C,2059
YAL019W-A,40
YAL019W,4748
YAL018C,23
YAL017W,5518
YAL016C-B,0
YAL016C-A,17
YAL016W,3947
YAL015C,1038
YAL014C,2734
YAL013W,1047
YAL011W,527
YAL010C,1330
YAL009W,962
YAL008W,747
YAL007C,2787
YAL005C,16207
YAL004W,6
YAL003W,8596
YAL002W,3547
YAL001C,2224
YAR002W,2853
YAR002C-A,4698
YAR003W,1331
YAR007C,2530
YAR008W,908
YAR009C,3706
YAR010C,346
YAR014C,3920
YAR015W,2399
YAR018C,1305
YAR019C,2048
YAR019W-A,124
YAR020C,215
YAR023C,412
YAR027W,2102
YAR028W,985
YAR029W,195
YAR030C,157
YAR031W,535
YAR033W,869
YAR035W,759
YAR035C-A,2
YAR042W,4257
YAR047C,8
YAR050W,1439
YAR053W,30
YAR060C,2
YAR064W,5
YAR066W,140
YAR068W,605
YAR069C,12
YAR070C,6
YAR071W,121
YAR073W,186
YAR075W,32
Q0010,40
Q0017,20
Q0032,0
Q0045,12355
Q0070,9938
Q0065,8787
Q0060,4406
Q0055,10248
Q0050,12977
Q0075,354
Q0080,13
Q0085,161
Q0092,0
Q0105,5103
Q0120,5127
Q0115,3321
Q0110,3071
Q0130,3825
Q0140,88
Q0142,3
Q0143,0
Q0144,3
Q0160,663
Q0182,151
Q0250,3543
Q0255,384
Q0275,7294
Q0297,1372
YER054C,1134
YER114C,3375
YER169W,2215
YEL077C,2172
YEL077W-A,74
YEL076C-A,50
YEL076C,150
YEL075W-A,381
YEL075C,22
YEL074W,247
YEL073C,608
YEL072W,1104
YEL071W,6844
YEL070W,295
YEL069C,24
YEL068C,588
YEL067C,369
YEL066W,690
YEL065W,6850
YEL064C,1445
YEL063C,10108
YEL062W,1461
YEL061C,1436
YEL060C,7294
YEL059C-A,696
YEL059W,32
YEL058W,5711
YEL057C,183
YEL056W,1904
YEL055C,4606
YEL054C,6591
YEL053W-A,7
YEL053C,2760
YEL052W,2856
YEL051W,2531
YEL050W-A,2
YEL050C,2237
YEL049W,269
YEL048C,534
YEL047C,3030
YEL046C,15091
YEL045C,1466
YEL044W,1079
YEL043W,3516
YEL042W,5813
YEL041W,673
YEL040W,12692
YEL039C,1584
YEL038W,1475
YEL037C,3225
YEL036C,3404
YEL035C,5
YEL034C-A,18
YEL034W,18401
YEL033W,7114
YEL032W,4832
YEL032C-A,0
YEL031W,11652
YEL030C-A,27
YEL030W,1107
YEL029C,1466
YEL028W,671
YEL027W,6770
YEL026W,4227
YEL025C,3478
YEL024W,4912
YEL023C,1114
YEL022W,3981
YEL021W,1807
YEL020C-B,5
YEL020W-A,2197
YEL020C,1154
YEL019C,481
YEL018C-A,4
YEL018W,638
YEL017C-A,1699
YEL017W,2846
YEL016C,1736
YEL015W,3417
YEL014C,7
YEL013W,5602
YEL012W,746
YEL011W,3873
YEL010W,1
YEL009C-A,104
YEL009C,10036
YEL008W,60
YEL008C-A,515
YEL007W,6204
YEL006W,2463
YEL005C,1130
YEL004W,772
YEL003W,1488
YEL002C,4653
YEL001C,4917
YER001W,4986
YER002W,2043
YER003C,3629
YER004W,2620
YER005W,2815
YER006W,3358
YER006C-A,75
YER007W,359
YER007C-A,1770
YER008C,3411
YER009W,3585
YER010C,2048
YER011W,377
YER012W,2639
YER013W,1375
YER014W,1048
YER014C-A,16
YER015W,1317
YER016W,1359
YER017C,4403
YER018C,1340
YER019W,3051
YER019C-A,2256
YER020W,1767
YER021W,4743
YER022W,1634
YER023W,3893
YER023C-A,8
YER024W,1441
YER025W,7523
YER026C,5288
YER027C,1738
YER028C,684
YER029C,712
YER030W,1569
YER031C,1939
YER032W,2569
YER033C,2418
YER034W,700
YER035W,2538
YER036C,8943
YER037W,1474
YER038C,812
YER038W-A,163
YER039C,776
YER039C-A,334
YER040W,2935
YER041W,1617
YER042W,1093
YER043C,16456
YER044C,2768
YER044C-A,571
YER045C,2397
YER046W,570
YER046W-A,5
YER047C,1253
YER048C,2377
YER048W-A,1924
YER049W,4628
YER050C,1983
YER051W,940
YER052C,8930
YER053C,3630
YER053C-A,2395
YER055C,6092
YER056C,14788
YER056C-A,6378
YER057C,2724
YER058W,416
YER059W,1500
YER060W,734
YER060W-A,706
YER061C,687
YER062C,1688
YER063W,1646
YER064C,4652
YER065C,461
YER066W,788
YER066C-A,44
YER067W,3353
YER067C-A,14
YER068W,2899
YER068C-A,30
YER069W,6605
YER070W,15012
YER071C,478
YER072W,3323
YER073W,6632
YER074W,5787
YER074W-A,1611
YER075C,2263
YER076C,1128
YER076W-A,95
YER077C,2562
YER078C,1187
YER078W-A,96
YER079W,617
YER079C-A,5
YER080W,2380
YER081W,2724
YER082C,2651
YER083C,4085
YER084W,288
YER084W-A,1
YER085C,20
YER086W,8197
YER087W,951
YER087C-A,144
YER087C-B,2797
YER088C,9516
YER088C-A,3026
YER088W-B,27
YER089C,7591
YER090W,4420
YER090C-A,8
YER091C,18485
YER091C-A,1
YER092W,1748
YER093C,2235
YER093C-A,637
YER094C,4205
YER095W,4133
YER096W,373
YER097W,312
YER098W,745
YER099C,2705
YER100W,1508
YER101C,1149
YER102W,4055
YER103W,1802
YER104W,679
YER105C,5790
YER106W,49
YER107C,1168
YER107W-A,2
YER109C,3065
YER110C,10218
YER111C,2634
YER112W,2050
YER113C,2571
YER115C,637
YER116C,1084
YER117W,6599
YER118C,3015
YER119C,2362
YER119C-A,22
YER120W,5842
YER121W,216
YER122C,5172
YER123W,2258
YER124C,6055
YER125W,8945
YER126C,2735
YER127W,2417
YER128W,482
YER129W,3947
YER130C,2695
YER131W,6083
YER132C,4264
YER133W,3902
YER133W-A,1
YER134C,1491
YER135C,24
YER136W,3967
YER137C,422
YER137W-A,8
YER138C,1004
YER137C-A,170
YER138W-A,664
YER139C,1055
YER140W,1123
YER141W,5912
YER142C,324
YER143W,1481
YER144C,3965
YER145C,3720
YER145C-A,14
YER146W,1391
YER147C,1041
YER147C-A,2
YER148W,2126
YER148W-A,4
YER149C,947
YER150W,2348
YER151C,4380
YER152C,3041
YER152W-A,8
YER153C,758
YER154W,3185
YER155C,9692
YER156C,2919
YER157W,1619
YER158C,1804
YER158W-A,27
YER159C,2238
YER160C,1939
YER159C-A,129
YER161C,1363
YER162C,687
YER163C,1642
YER164W,3944
YER165W,7382
YER165C-A,2
YER166W,7272
YER167W,3738
YER168C,1767
YER170W,810
YER171W,2533
YER172C,5347
YER172C-A,5
YER173W,1631
YER174C,1099
YER175C,1549
YER175W-A,113
YER176W,1666
YER177W,10728
YER178W,8758
YER179W,83
YER180C,1014
YER180C-A,163
YER181C,17
YER182W,895
YER183C,914
YER184C,1961
YER185W,547
YER186C,1402
YER187W,70
YER188W,147
YER188C-A,208
YER189W,129
YER190W,2072
YER190C-A,0
YER190C-B,50
YJL091C,3654
YJL026W,5913
YJL026C-A,1
YJR125C,2259
YJL225C,825
YJL225W-A,1
YJL223C,284
YJL222W-B,0
YJL222W-A,1
YJL222W,6361
YJL221C,546
YJL220W,0
YJL219W,89
YJL218W,139
YJL217W,3102
YJL216C,495
YJL215C,194
YJL214W,278
YJL213W,850
YJL212C,8351
YJL211C,202
YJL210W,2318
YJL209W,1199
YJL208C,2168
YJL207C,4313
YJL206C,1176
YJL205C,684
YJL204C,1594
YJL203W,662
YJL202C,14
YJL201W,2458
YJL200C,6242
YJL199C,489
YJL198W,3518
YJL197W,2514
YJL197C-A,0
YJL196C,1896
YJL195C,23
YJL194W,1440
YJL193W,1816
YJL192C,3622
YJL191W,3737
YJL190C,6161
YJL189W,3628
YJL188C,4
YJL187C,2524
YJL186W,5767
YJL185C,838
YJL184W,1425
YJL183W,2679
YJL182C,1
YJL181W,1081
YJL180C,998
YJL179W,1623
YJL178C,2562
YJL177W,5754
YJL176C,2392
YJL175W,4
YJL174W,5223
YJL173C,918
YJL172W,7834
YJL171C,3796
YJL170C,4
YJL169W,2
YJL168C,2037
YJL167W,7417
YJL166W,2255
YJL165C,2240
YJL164C,1340
YJL163C,1034
YJL162C,1426
YJL161W,866
YJL160C,77
YJL159W,50703
YJL158C,17085
YJL157C,3597
YJL156W-A,147
YJL156C,2428
YJL155C,1242
YJL154C,3491
YJL153C,975
YJL152W,37
YJL151C,4309
YJL150W,115
YJL149W,1723
YJL148W,1702
YJL147C,745
YJL146W,1450
YJL145W,1564
YJL144W,536
YJL143W,4833
YJL142C,556
YJL141C,5562
YJL140W,2775
YJL139C,2302
YJL138C,8313
YJL137C,743
YJL136W-A,5
YJL136C,5124
YJL135W,257
YJL134W,2317
YJL133C-A,2300
YJL133W,3502
YJL132W,1576
YJL131C,545
YJL130C,21528
YJL129C,3197
YJL128C,3711
YJL127W-A,4
YJL127C-B,1371
YJL127C,1859
YJL126W,673
YJL125C,1363
YJL124C,2282
YJL123C,2062
YJL122W,1690
YJL121C,2898
YJL120W,22
YJL119C,316
YJL118W,2050
YJL117W,2269
YJL116C,2133
YJL115W,621
YJL114W,305
YJL113W,2202
YJL112W,1869
YJL111W,3782
YJL110C,5235
YJL109C,8886
YJL108C,645
YJL107C,877
YJL106W,1371
YJL105W,181
YJL104W,2388
YJL103C,1098
YJL102W,926
YJL101C,4489
YJL100W,1547
YJL099W,1491
YJL098W,3297
YJL097W,2361
YJL096W,1354
YJL095W,2236
YJL094C,3321
YJL093C,4083
YJL092W,2550
YJL090C,2600
YJL089W,373
YJL088W,1656
YJL087C,1357
YJL086C,97
YJL085W,1542
YJL084C,3612
YJL083W,1178
YJL082W,3591
YJL081C,2290
YJL080C,7547
YJL079C,6993
YJL078C,12893
YJL077W-B,240
YJL077C,76
YJL077W-A,309
YJL076W,4904
YJL075C,0
YJL074C,2223
YJL073W,1984
YJL072C,1080
YJL071W,1515
YJL070C,1051
YJL069C,2316
YJL068C,2256
YJL067W,7
YJL066C,1399
YJL065C,2203
YJL064W,4
YJL063C,1632
YJL062W-A,1683
YJL062W,3715
YJL061W,2887
YJL060W,3022
YJL059W,1336
YJL058C,1121
YJL057C,1576
YJL056C,1665
YJL055W,2199
YJL054W,2304
YJL053W,1491
YJL052C-A,3
YJL052W,3485
YJL051W,1907
YJL050W,4827
YJL049W,1363
YJL048C,2677
YJL047C-A,215
YJL047C,1405
YJL046W,1479
YJL045W,120
YJL044C,2406
YJL043W,52
YJL042W,5063
YJL041W,4258
YJL039C,6793
YJL038C,52
YJL037W,63
YJL036W,1609
YJL035C,547
YJL034W,13222
YJL033W,2873
YJL032W,0
YJL031C,725
YJL030W,521
YJL029C,2638
YJL028W,14
YJL027C,20
YJL025W,1751
YJL024C,1786
YJL023C,674
YJL022W,108
YJL020C,6870
YJL020W-A,2
YJL019W,1799
YJL016W,2781
YJL015C,11
YJL014W,4972
YJL013C,1372
YJL012C,3165
YJL011C,599
YJL010C,2329
YJL009W,6
YJL008C,4367
YJL007C,7
YJL006C,658
YJL005W,6652
YJL004C,1956
YJL003W,490
YJL002C,7573
YJL001W,2904
YJR001W,5239
YJR002W,3113
YJR003C,1738
YJR004C,10799
YJR005W,2509
YJR005C-A,19
YJR006W,2785
YJR007W,5075
YJR008W,1496
YJR009C,20676
YJR010W,2577
YJR010C-A,529
YJR011C,256
YJR012C,500
YJR013W,2446
YJR014W,2186
YJR015W,7415
YJR016C,18797
YJR017C,1633
YJR018W,33
YJR019C,1428
YJR020W,158
YJR021C,1269
YJR022W,464
YJR023C,98
YJR024C,2843
YJR025C,1626
YJR027W,7006
YJR026W,1112
YJR029W,8136
YJR028W,2950
YJR030C,1645
YJR031C,2919
YJR032W,1532
YJR033C,2911
YJR034W,515
YJR035W,1778
YJR036C,813
YJR037W,1
YJR038C,18
YJR039W,1916
YJR040W,2000
YJR041C,3688
YJR042W,3357
YJR043C,1235
YJR044C,2685
YJR045C,15609
YJR046W,2893
YJR047C,81
YJR048W,2193
YJR049C,1655
YJR050W,773
YJR051W,1567
YJR052W,1099
YJR053W,659
YJR054W,1144
YJR055W,347
YJR056C,1313
YJR057W,1269
YJR058C,1260
YJR059W,3333
YJR060W,1822
YJR061W,605
YJR062C,2225
YJR063W,2553
YJR064W,4024
YJR065C,5574
YJR066W,4336
YJR067C,675
YJR068W,1712
YJR069C,1449
YJR070C,3221
YJR071W,11
YJR072C,1985
YJR073C,4606
YJR074W,1450
YJR075W,2678
YJR076C,2406
YJR077C,4967
YJR078W,484
YJR079W,129
YJR080C,1891
YJR082C,1486
YJR083C,812
YJR084W,1129
YJR085C,1945
YJR086W,518
YJR087W,232
YJR088C,1948
YJR089W,1328
YJR090C,2928
YJR091C,6749
YJR092W,2823
YJR093C,1475
YJR094C,334
YJR094W-A,5101
YJR095W,127
YJR096W,1047
YJR097W,864
YJR098C,640
YJR099W,1243
YJR100C,1402
YJR101W,1867
YJR102C,797
YJR103W,3700
YJR104C,7417
YJR105W,8676
YJR106W,2553
YJR107W,1389
YJR108W,335
YJR109C,15115
YJR110W,1255
YJR111C,1668
YJR112W,593
YJR112W-A,1096
YJR113C,1776
YJR114W,34
YJR115W,869
YJR116W,2009
YJR117W,6706
YJR118C,1256
YJR119C,923
YJR120W,847
YJR121W,19806
YJR122W,1538
YJR123W,14035
YJR124C,2580
YJR126C,2228
YJR127C,6509
YJR128W,114
YJR129C,666
YJR130C,2325
YJR131W,2097
YJR132W,3453
YJR133W,1203
YJR134C,1699
YJR135C,588
YJR135W-A,857
YJR136C,1027
YJR137C,4789
YJR138W,2542
YJR139C,6137
YJR140C,2403
YJR140W-A,1
YJR141W,361
YJR142W,1457
YJR143C,8659
YJR144W,1365
YJR145C,9791
YJR146W,405
YJR147W,3248
YJR148W,5168
YJR149W,836
YJR150C,8
YJR151C,2524
YJR151W-A,0
YJR152W,1380
YJR153W,504
YJR154W,1068
YJR155W,1423
YJR156C,305
YJR157W,5
YJR158W,8
YJR159W,510
YJR160C,68
YJR161C,2953
YJR162C,3
YBL047C,12364
YBR012W-B,5359
YBR078W,18567
YBR140C,11257
YBL113C,2225
YBL113W-A,43
YBL112C,352
YBL111C,1792
YBL109W,85
YBL108C-A,6
YBL108W,7
YBL107W-A,4
YBL107C,885
YBL106C,1355
YBL105C,4147
YBL104C,1710
YBL103C,2453
YBL102W,3381
YBL101C,2181
YBL100W-C,20
YBL100W-B,7621
YBL100W-A,1452
YBL100C,1
YBL099W,9194
YBL098W,474
YBL097W,702
YBL096C,38
YBL095W,857
YBL094C,75
YBL093C,1281
YBL092W,6365
YBL091C-A,423
YBL091C,3263
YBL090W,1162
YBL089W,2262
YBL088C,4750
YBL087C,5572
YBL086C,1296
YBL085W,4228
YBL084C,1556
YBL083C,1169
YBL082C,3161
YBL081W,5615
YBL080C,765
YBL079W,8092
YBL078C,897
YBL077W,0
YBL076C,14701
YBL075C,2359
YBL074C,918
YBL073W,4
YBL072C,9366
YBL071C-B,166
YBL071W-A,1533
YBL071C,32
YBL070C,6
YBL069W,1318
YBL068W-A,340
YBL068W,2041
YBL067C,2115
YBL066C,3333
YBL065W,20
YBL064C,1587
YBL063W,923
YBL062W,1
YBL061C,2999
YBL060W,2008
YBL059C-A,1209
YBL059W,861
YBL058W,3584
YBL057C,1598
YBL056W,3588
YBL055C,1190
YBL054W,2913
YBL053W,30
YBL052C,1469
YBL051C,5458
YBL050W,2234
YBL049W,532
YBL048W,193
YBL046W,994
YBL045C,5844
YBL044W,18
YBL043W,1222
YBL042C,7018
YBL041W,2323
YBL040C,2955
YBL039W-B,243
YBL039C,6257
YBL039C-A,1521
YBL038W,1850
YBL037W,2486
YBL036C,1469
YBL035C,1832
YBL034C,1695
YBL033C,1951
YBL032W,2698
YBL031W,637
YBL030C,9868
YBL029C-A,1095
YBL029W,592
YBL028C,1591
YBL027W,8230
YBL026W,1149
YBL025W,718
YBL024W,4745
YBL023C,2641
YBL022C,4583
YBL021C,674
YBL020W,2483
YBL019W,1052
YBL018C,838
YBL017C,8433
YBL016W,3339
YBL015W,1587
YBL014C,1820
YBL013W,485
YBL012C,3
YBL011W,3075
YBL010C,1059
YBL009W,1476
YBL008W-A,26
YBL008W,1524
YBL007C,8390
YBL006C,2106
YBL006W-A,28
YBL005W,1937
YBL005W-B,13054
YBL005W-A,6939
YBL004W,10076
YBL003C,2598
YBL002W,7219
YBL001C,1481
YBR001C,2279
YBR002C,1801
YBR003W,2151
YBR004C,2801
YBR005W,1623
YBR006W,1377
YBR007C,1894
YBR008C,2947
YBR009C,5651
YBR010W,3514
YBR011C,8066
YBR012C,0
YBR012W-A,1521
YBR013C,0
YBR014C,1625
YBR015C,4984
YBR016W,2355
YBR017C,6095
YBR018C,89
YBR019C,244
YBR020W,498
YBR021W,3133
YBR022W,876
YBR023C,9786
YBR024W,535
YBR025C,7803
YBR026C,2209
YBR027C,133
YBR028C,2378
YBR029C,4252
YBR030W,2178
YBR031W,8327
YBR032W,1
YBR033W,815
YBR034C,3373
YBR035C,2062
YBR036C,6448
YBR037C,1516
YBR038W,4326
YBR039W,3602
YBR040W,396
YBR041W,3252
YBR042C,815
YBR043C,7305
YBR044C,1558
YBR045C,369
YBR046C,798
YBR047W,224
YBR048W,8240
YBR049C,2996
YBR050C,186
YBR051W,38
YBR052C,1872
YBR053C,1969
YBR054W,3391
YBR055C,2739
YBR056W,2169
YBR056W-A,576
YBR056C-B,46
YBR057C,1459
YBR058C,3330
YBR058C-A,1116
YBR059C,4685
YBR060C,1593
YBR061C,1662
YBR062C,629
YBR063C,1205
YBR064W,1
YBR065C,1985
YBR066C,778
YBR067C,7308
YBR068C,22199
YBR069C,7788
YBR070C,986
YBR071W,3918
YBR072W,788
YBR072C-A,15
YBR073W,5133
YBR074W,5980
YBR076W,27
YBR076C-A,1008
YBR077C,1779
YBR079C,8023
YBR080C,3905
YBR081C,2728
YBR082C,7537
YBR083W,3965
YBR084W,6565
YBR084C-A,8031
YBR085W,215
YBR085C-A,3451
YBR086C,9616
YBR087W,1394
YBR088C,2295
YBR089W,29
YBR089C-A,2172
YBR090C,1898
YBR091C,678
YBR092C,7701
YBR093C,660
YBR094W,1964
YBR095C,1279
YBR096W,3220
YBR097W,1619
YBR098W,943
YBR099C,48
YBR101C,2675
YBR102C,1813
YBR103W,1436
YBR103C-A,22
YBR104W,1051
YBR105C,4402
YBR106W,2639
YBR107C,607
YBR108W,2356
YBR109C,3308
YBR109W-A,126
YBR110W,2543
YBR111C,2237
YBR111W-A,688
YBR112C,4520
YBR113W,42
YBR114W,1283
YBR115C,10683
YBR116C,95
YBR117C,366
YBR118W,34213
YBR119W,689
YBR120C,667
YBR121C,10110
YBR121C-A,758
YBR122C,2027
YBR123C,1251
YBR124W,80
YBR125C,2064
YBR126C,7683
YBR126W-A,1665
YBR126W-B,1636
YBR127C,9614
YBR128C,210
YBR129C,1506
YBR130C,1737
YBR131W,1115
YBR131C-A,3
YBR132C,2453
YBR133C,4956
YBR134W,17
YBR135W,2262
YBR136W,2984
YBR137W,1005
YBR138C,1319
YBR139W,6632
YBR141C,640
YBR141W-A,222
YBR142W,3486
YBR143C,6788
YBR144C,22
YBR145W,1827
YBR146W,2474
YBR147W,450
YBR148W,143
YBR149W,4900
YBR150C,1195
YBR151W,3372
YBR152W,573
YBR153W,1133
YBR154C,2489
YBR155W,1257
YBR156C,1289
YBR157C,738
YBR158W,8067
YBR159W,2258
YBR160W,2236
YBR161W,1307
YBR162C,10026
YBR162W-A,1942
YBR163W,1590
YBR164C,1798
YBR165W,1488
YBR166C,2716
YBR167C,700
YBR168W,1318
YBR169C,2379
YBR170C,1782
YBR171W,1903
YBR172C,4089
YBR173C,3136
YBR174C,18
YBR175W,2638
YBR176W,700
YBR177C,3489
YBR178W,18
YBR179C,1882
YBR180W,58
YBR181C,3930
YBR182C,532
YBR182C-A,49
YBR183W,2463
YBR184W,559
YBR185C,1428
YBR186W,32
YBR187W,3004
YBR188C,830
YBR189W,8988
YBR190W,569
YBR191W,7075
YBR191W-A,350
YBR192W,1080
YBR193C,1179
YBR194W,793
YBR195C,926
YBR196C,23886
YBR196C-A,62
YBR196C-B,108
YBR197C,1373
YBR198C,2497
YBR199W,4058
YBR200W,2396
YBR200W-A,0
YBR201W,633
YBR201C-A,794
YBR202W,3795
YBR203W,2295
YBR204C,1074
YBR205W,2543
YBR206W,911
YBR207W,3901
YBR208C,6257
YBR209W,12
YBR210W,1415
YBR211C,926
YBR212W,6447
YBR213W,446
YBR214W,5506
YBR215W,1567
YBR216C,2328
YBR217W,1028
YBR218C,9651
YBR219C,478
YBR220C,1936
YBR221C,8106
YBR221W-A,2
YBR222C,5223
YBR223C,1525
YBR223W-A,0
YBR224W,202
YBR225W,2425
YBR226C,19
YBR227C,1150
YBR228W,977
YBR229C,4108
YBR230C,2618
YBR230W-A,655
YBR231C,294
YBR232C,7
YBR233W,1350
YBR233W-A,915
YBR234C,4884
YBR235W,2354
YBR236C,1661
YBR237W,1693
YBR238C,5757
YBR239C,2218
YBR240C,271
YBR241C,2004
YBR242W,1800
YBR243C,2150
YBR244W,840
YBR245C,3413
YBR246W,3159
YBR247C,2688
YBR248C,2849
YBR249C,8682
YBR250W,196
YBR251W,1163
YBR252W,1613
YBR253W,1105
YBR254C,1011
YBR255W,965
YBR255C-A,789
YBR256C,3124
YBR257W,806
YBR258C,745
YBR259W,1281
YBR260C,1754
YBR261C,1520
YBR262C,2024
YBR263W,2594
YBR264C,783
YBR265W,2939
YBR267W,2124
YBR266C,13
YBR268W,1461
YBR269C,1473
YBR270C,1358
YBR271W,917
YBR272C,1407
YBR273C,1185
YBR274W,1695
YBR275C,2433
YBR276C,2434
YBR277C,31
YBR278W,759
YBR279W,2470
YBR280C,1038
YBR281C,2714
YBR282W,1024
YBR283C,8793
YBR284W,611
YBR285W,57
YBR286W,10154
YBR287W,5126
YBR288C,1265
YBR289W,1958
YBR290W,1650
YBR291C,2247
YBR292C,268
YBR293W,3259
YBR294W,457
YBR295W,2606
YBR296C,338
YBR296C-A,18
YBR297W,2297
YBR298C,3936
YBR298C-A,7
YBR299W,233
YBR300C,40
YBR301W,37
YBR302C,1707
YDR293C,12701
YDL183C,387
YDL112W,5709
YDL033C,1757
YDR036C,1489
YDR100W,1798
YDR166C,2344
YDR351W,3478
YDR420W,6102
YDR496C,3793
YDL248W,1734
YDL247W-A,184
YDL247W,427
YDL246C,7
YDL245C,53
YDL244W,344
YDL243C,1456
YDL242W,90
YDL241W,875
YDL240C-A,3
YDL240W,1723
YDL239C,702
YDL238C,905
YDL237W,2812
YDL236W,2024
YDL235C,2083
YDL234C,2559
YDL233W,1058
YDL232W,1026
YDL231C,7637
YDL230W,926
YDL229W,30837
YDL228C,2
YDL227C,1010
YDL226C,2640
YDL225W,2174
YDL224C,6658
YDL223C,1771
YDL222C,629
YDL221W,172
YDL220C,1947
YDL219W,1172
YDL218W,498
YDL217C,1279
YDL216C,964
YDL215C,4888
YDL214C,206
YDL213C,1849
YDL212W,4253
YDL211C,1122
YDL210W,295
YDL209C,913
YDL208W,2439
YDL207W,1409
YDL206W,2082
YDL205C,2864
YDL204W,3859
YDL203C,2847
YDL202W,1254
YDL201W,1622
YDL200C,727
YDL199C,973
YDL198C,4553
YDL197C,3381
YDL196W,69
YDL195W,13101
YDL194W,1072
YDL193W,1103
YDL192W,4497
YDL191W,6877
YDL190C,5230
YDL189W,1679
YDL188C,3116
YDL187C,648
YDL186W,45
YDL185C-A,2
YDL185W,20020
YDL184C,1780
YDL182W,3339
YDL181W,1642
YDL180W,2188
YDL179W,2329
YDL178W,2545
YDL177C,512
YDL176W,1722
YDL175C,680
YDL174C,3872
YDL173W,2336
YDL172C,24
YDL171C,12240
YDL170W,1673
YDL169C,331
YDL168W,2796
YDL167C,3756
YDL166C,819
YDL165W,679
YDL164C,2109
YDL163W,1
YDL162C,23
YDL161W,3749
YDL160C-A,328
YDL160C,9302
YDL159W-A,2
YDL159W,1176
YDL159C-B,2
YDL158C,148
YDL157C,789
YDL156W,842
YDL155W,1788
YDL154W,1327
YDL153C,1668
YDL152W,5
YDL151C,2
YDL150W,1690
YDL149W,904
YDL148C,3092
YDL147W,5696
YDL146W,690
YDL145C,12359
YDL144C,2641
YDL143W,4912
YDL142C,1042
YDL141W,3060
YDL140C,16353
YDL139C,328
YDL138W,2593
YDL137W,3707
YDL136W,2970
YDL135C,1790
YDL134C,2933
YDL133C-A,1816
YDL133W,1728
YDL132W,4084
YDL131W,4787
YDL130W-A,1617
YDL130W,7185
YDL129W,500
YDL128W,6146
YDL127W,902
YDL126C,11319
YDL125C,5972
YDL124W,6608
YDL123W,1881
YDL122W,4618
YDL121C,1986
YDL120W,1601
YDL119C,1277
YDL118W,10
YDL117W,3195
YDL116W,2423
YDL115C,1420
YDL114W-A,17
YDL114W,21
YDL113C,1494
YDL111C,3318
YDL110C,2363
YDL109C,1804
YDL108W,1010
YDL107W,987
YDL106C,1767
YDL105W,796
YDL104C,1031
YDL103C,1771
YDL102W,2504
YDL101C,1369
YDL100C,4749
YDL099W,1238
YDL098C,529
YDL097C,3135
YDL096C,16
YDL095W,8150
YDL094C,111
YDL093W,2564
YDL092W,1958
YDL091C,1281
YDL090C,1052
YDL089W,762
YDL088C,3142
YDL087C,811
YDL086W,5116
YDL086C-A,102
YDL085C-A,510
YDL085W,238
YDL084W,6465
YDL083C,6338
YDL082W,5416
YDL081C,6933
YDL080C,2090
YDL079C,598
YDL078C,2806
YDL077C,2227
YDL076C,1637
YDL075W,5137
YDL074C,2627
YDL073W,2556
YDL072C,5026
YDL071C,94
YDL070W,2322
YDL069C,339
YDL068W,19
YDL067C,3634
YDL066W,3914
YDL065C,1151
YDL064W,1167
YDL063C,2253
YDL062W,18
YDL061C,3480
YDL060W,3659
YDL059C,377
YDL058W,2519
YDL057W,490
YDL056W,2490
YDL055C,13343
YDL054C,2253
YDL053C,1541
YDL052C,3930
YDL051W,3059
YDL050C,0
YDL049C,354
YDL048C,5152
YDL047W,3165
YDL046W,6532
YDL045W-A,1213
YDL045C,1418
YDL044C,957
YDL043C,862
YDL042C,1529
YDL041W,38
YDL040C,5085
YDL039C,2074
YDL037C,466
YDL036C,964
YDL035C,2124
YDL034W,7
YDL032W,54
YDL031W,3195
YDL030W,1059
YDL029W,3955
YDL028C,1586
YDL027C,1793
YDL026W,32
YDL025C,2642
YDL025W-A,35
YDL024C,173
YDL022C-A,19
YDL023C,59
YDL022W,7587
YDL021W,278
YDL020C,5485
YDL019C,3853
YDL018C,1398
YDL017W,783
YDL016C,525
YDL015C,5706
YDL014W,11049
YDL013W,1394
YDL012C,3347
YDL011C,5
YDL010W,1181
YDL009C,46
YDL008W,903
YDL007C-A,4
YDL007W,2853
YDL006W,1180
YDL005C,1467
YDL004W,3000
YDL003W,2210
YDL002C,899
YDL001W,1606
YDR001C,5005
YDR002W,2749
YDR003W,1551
YDR003W-A,473
YDR004W,1348
YDR005C,2273
YDR006C,5456
YDR007W,1215
YDR008C,241
YDR009W,407
YDR010C,33
YDR011W,17634
YDR012W,22583
YDR013W,791
YDR014W,1294
YDR014W-A,25
YDR015C,0
YDR016C,620
YDR017C,3171
YDR018C,491
YDR019C,3035
YDR020C,1241
YDR021W,863
YDR022C,558
YDR023W,7077
YDR024W,572
YDR025W,7613
YDR026C,2182
YDR027C,2110
YDR028C,5367
YDR029W,6
YDR030C,514
YDR031W,546
YDR032C,3725
YDR033W,13835
YDR034C,3400
YDR034C-D,7641
YDR034C-C,1183
YDR034C-A,0
YDR034W-B,232
YDR035W,4725
YDR037W,10826
YDR038C,3527
YDR039C,2107
YDR040C,9147
YDR041W,1338
YDR042C,143
YDR043C,1665
YDR044W,2559
YDR045C,1081
YDR046C,11406
YDR047W,3223
YDR048C,31
YDR049W,1891
YDR050C,12316
YDR051C,1830
YDR052C,2866
YDR053W,7
YDR054C,2804
YDR055W,13976
YDR056C,1599
YDR057W,1536
YDR058C,473
YDR059C,1699
YDR060W,6521
YDR061W,1729
YDR062W,4486
YDR063W,1104
YDR064W,8261
YDR065W,969
YDR066C,358
YDR067C,900
YDR068W,1292
YDR069C,2158
YDR070C,342
YDR071C,2765
YDR072C,4360
YDR073W,1489
YDR074W,7840
YDR075W,1576
YDR076W,537
YDR077W,98394
YDR078C,337
YDR079W,626
YDR079C-A,584
YDR080W,1662
YDR081C,1918
YDR082W,2178
YDR083W,2170
YDR084C,1377
YDR085C,1618
YDR086C,2374
YDR087C,1930
YDR088C,876
YDR089W,2674
YDR090C,1614
YDR091C,6658
YDR092W,1770
YDR093W,6457
YDR094W,699
YDR095C,6
YDR096W,3878
YDR097C,2763
YDR098C,2586
YDR098C-B,3470
YDR098C-A,626
YDR099W,6483
YDR101C,5176
YDR102C,35
YDR103W,3083
YDR104C,1055
YDR105C,3246
YDR106W,147
YDR107C,833
YDR108W,1422
YDR109C,1327
YDR110W,1043
YDR111C,1849
YDR112W,8
YDR113C,1189
YDR114C,10
YDR115W,1456
YDR116C,1590
YDR117C,1681
YDR118W,993
YDR118W-A,85
YDR119W,5040
YDR119W-A,664
YDR120C,2271
YDR121W,1453
YDR122W,3852
YDR123C,1948
YDR124W,915
YDR125C,975
YDR126W,1636
YDR127W,17585
YDR128W,2640
YDR129C,6923
YDR130C,1061
YDR131C,1549
YDR132C,1028
YDR133C,14836
YDR135C,11991
YDR136C,26
YDR137W,2531
YDR138W,1879
YDR139C,1076
YDR140W,1664
YDR141C,5090
YDR142C,1209
YDR143C,3767
YDR144C,3633
YDR145W,3414
YDR146C,2118
YDR147W,1983
YDR148C,3376
YDR149C,3
YDR150W,4923
YDR151C,2111
YDR152W,2506
YDR153C,2427
YDR154C,6739
YDR155C,10863
YDR156W,4371
YDR157W,1420
YDR158W,8003
YDR159W,1982
YDR160W,2589
YDR161W,1896
YDR162C,1449
YDR163W,830
YDR164C,2155
YDR165W,2675
YDR167W,898
YDR168W,3149
YDR169C,2342
YDR169C-A,60
YDR170C,9912
YDR170W-A,1511
YDR171W,3043
YDR172W,6450
YDR173C,569
YDR174W,4520
YDR175C,1675
YDR176W,1592
YDR177W,2423
YDR178W,3148
YDR179C,350
YDR179W-A,902
YDR180W,1076
YDR181C,1010
YDR182W,2894
YDR182W-A,103
YDR183W,610
YDR183C-A,167
YDR184C,1760
YDR185C,378
YDR186C,5781
YDR187C,10
YDR188W,3845
YDR189W,3167
YDR190C,4054
YDR191W,519
YDR192C,1194
YDR193W,7
YDR194C,3931
YDR194W-A,7
YDR195W,1335
YDR196C,1256
YDR197W,1415
YDR198C,1349
YDR199W,4
YDR200C,1388
YDR201W,477
YDR202C,982
YDR203W,15
YDR204W,1852
YDR205W,3344
YDR206W,5541
YDR207C,2233
YDR208W,4097
YDR209C,8
YDR210W,1351
YDR210W-B,10503
YDR210W-A,3194
YDR210C-D,6889
YDR210C-C,1700
YDR211W,3975
YDR212W,5030
YDR213W,1857
YDR214W,7976
YDR215C,42
YDR216W,6614
YDR217C,2082
YDR218C,48
YDR219C,1208
YDR220C,146
YDR221W,2360
YDR222W,1805
YDR223W,153
YDR224C,4959
YDR225W,5473
YDR226W,3326
YDR227W,2229
YDR228C,2554
YDR229W,1089
YDR230W,8
YDR231C,928
YDR232W,7769
YDR233C,12250
YDR234W,6225
YDR235W,1605
YDR236C,1934
YDR237W,1370
YDR238C,8377
YDR239C,1087
YDR240C,709
YDR241W,265
YDR242W,1438
YDR243C,931
YDR244W,1417
YDR245W,2635
YDR246W,1382
YDR246W-A,129
YDR247W,1798
YDR248C,855
YDR249C,1158
YDR250C,38
YDR251W,3947
YDR252W,388
YDR253C,315
YDR254W,919
YDR255C,1032
YDR256C,281
YDR257C,1589
YDR258C,5056
YDR259C,632
YDR260C,1350
YDR261C,2648
YDR261W-B,9547
YDR261W-A,4798
YDR261C-D,4201
YDR261C-C,1608
YDR262W,2334
YDR263C,612
YDR264C,7772
YDR265W,1359
YDR266C,3688
YDR267C,1513
YDR268W,1240
YDR269C,9
YDR270W,2109
YDR271C,108
YDR272W,1418
YDR273W,151
YDR274C,12
YDR275W,1144
YDR276C,4430
YDR277C,2295
YDR278C,5
YDR279W,880
YDR280W,1937
YDR281C,54
YDR282C,707
YDR283C,3836
YDR284C,2803
YDR285W,794
YDR286C,364
YDR287W,1064
YDR288W,1243
YDR289C,819
YDR290W,2
YDR291W,2635
YDR292C,3044
YDR294C,3499
YDR295C,992
YDR296W,1357
YDR297W,3948
YDR298C,4278
YDR299W,1935
YDR300C,1213
YDR301W,2679
YDR302W,1562
YDR303C,2201
YDR304C,3585
YDR305C,935
YDR306C,1173
YDR307W,3442
YDR308C,1387
YDR309C,5577
YDR310C,2594
YDR311W,1254
YDR312W,1320
YDR313C,1024
YDR314C,1015
YDR315C,405
YDR316W,1335
YDR316W-B,5741
YDR316W-A,1317
YDR317W,87
YDR318W,916
YDR319C,1769
YDR320C,2268
YDR320C-A,1330
YDR320W-B,190
YDR321W,4758
YDR322W,1378
YDR322C-A,1184
YDR323C,527
YDR324C,3852
YDR325W,2282
YDR326C,5364
YDR327W,5
YDR328C,2978
YDR329C,1408
YDR330W,1511
YDR331W,2615
YDR332W,1500
YDR333C,1912
YDR334W,2178
YDR335W,3957
YDR336W,974
YDR337W,1199
YDR338C,1477
YDR339C,1626
YDR340W,10
YDR341C,6526
YDR342C,27911
YDR343C,1197
YDR344C,312
YDR345C,8541
YDR346C,4418
YDR347W,2074
YDR348C,2621
YDR349C,7680
YDR350C,2677
YDR352W,2068
YDR353W,7258
YDR354W,4977
YDR354C-A,7
YDR355C,2
YDR356W,1085
YDR357C,1222
YDR358W,1536
YDR359C,3086
YDR360W,5
YDR361C,1727
YDR362C,1147
YDR363W,1162
YDR363W-A,2379
YDR364C,1918
YDR365C,3080
YDR365W-B,2315
YDR365W-A,954
YDR366C,11
YDR367W,1488
YDR368W,2151
YDR369C,1043
YDR370C,1940
YDR371W,1417
YDR371C-A,3
YDR372C,3169
YDR373W,2120
YDR374C,29
YDR374W-A,596
YDR375C,1552
YDR376W,1701
YDR377W,2624
YDR378C,1501
YDR379W,2808
YDR379C-A,797
YDR380W,5841
YDR381W,6967
YDR381C-A,947
YDR382W,7068
YDR383C,361
YDR384C,3843
YDR385W,51517
YDR386W,1097
YDR387C,2425
YDR388W,4720
YDR389W,3530
YDR390C,2266
YDR391C,2115
YDR392W,940
YDR393W,1427
YDR394W,3829
YDR395W,6978
YDR396W,34
YDR397C,1432
YDR398W,3605
YDR399W,3970
YDR400W,1870
YDR401W,151
YDR402C,193
YDR403W,611
YDR404C,4017
YDR405W,1295
YDR406W,5019
YDR406W-A,43
YDR407C,4118
YDR408C,1801
YDR409W,1466
YDR410C,1250
YDR411C,3970
YDR412W,1382
YDR413C,15
YDR414C,920
YDR415C,1404
YDR416W,1079
YDR417C,9
YDR418W,7192
YDR419W,1324
YDR421W,2013
YDR422C,2489
YDR423C,1420
YDR424C,842
YDR425W,1243
YDR426C,11
YDR427W,3000
YDR428C,535
YDR429C,3716
YDR430C,3038
YDR431W,27
YDR432W,8135
YDR433W,2781
YDR434W,2495
YDR435C,1194
YDR436W,1629
YDR437W,1427
YDR438W,1405
YDR439W,285
YDR440W,1280
YDR441C,2671
YDR442W,5
YDR443C,2590
YDR444W,1622
YDR445C,6
YDR446W,21
YDR447C,4076
YDR448W,2726
YDR449C,1405
YDR450W,6450
YDR451C,1877
YDR452W,4455
YDR453C,747
YDR454C,2288
YDR455C,1
YDR456W,4324
YDR457W,13041
YDR458C,1961
YDR459C,2383
YDR460W,787
YDR461W,44
YDR461C-A,227
YDR462W,1076
YDR463W,2783
YDR464W,1532
YDR464C-A,1
YDR465C,2801
YDR466W,3016
YDR467C,40
YDR468C,1659
YDR469W,921
YDR470C,1218
YDR471W,7696
YDR472W,1430
YDR473C,846
YDR475C,1635
YDR476C,2501
YDR477W,3414
YDR478W,443
YDR479C,2025
YDR480W,948
YDR481C,3662
YDR482C,479
YDR483W,4122
YDR484W,1123
YDR485C,1479
YDR486C,1798
YDR487C,4238
YDR488C,891
YDR489W,1232
YDR490C,2035
YDR491C,10
YDR492W,4606
YDR493W,642
YDR494W,2183
YDR495C,1141
YDR497C,13398
YDR498C,1295
YDR499W,1436
YDR500C,3970
YDR501W,646
YDR502C,4749
YDR503C,1132
YDR504C,317
YDR505C,4011
YDR506C,429
YDR507C,3983
YDR508C,10422
YDR509W,5
YDR510W,3109
YDR510C-A,44
YDR511W,1047
YDR512C,934
YDR513W,1869
YDR514C,917
YDR515W,1165
YDR516C,5062
YDR517W,2442
YDR518W,1477
YDR519W,2090
YDR520C,953
YDR521W,7
YDR522C,15
YDR523C,134
YDR524C,2302
YDR524W-C,3
YDR524C-B,8567
YDR524C-A,31
YDR525W,28
YDR525W-A,1162
YDR526C,9
YDR527W,2077
YDR528W,2401
YDR529C,5496
YDR530C,2017
YDR531W,1722
YDR532C,1014
YDR533C,1448
YDR534C,1284
YDR535C,219
YDR536W,104
YDR537C,17
YDR538W,2385
YDR539W,2847
YDR540C,382
YDR541C,1610
YDR542W,22
YDR543C,6
YDR544C,33
YDR545W,2146
YDR545C-A,0
YIL122W,873
YIL048W,3358
YIR019C,2015
YIL177C,6203
YIL177W-A,41
YIL176C,2
YIL173W,310
YIL172C,23
YIL171W-A,7
YIL169C,1091
YIL166C,536
YIL165C,855
YIL164C,1209
YIL163C,108
YIL162W,6464
YIL161W,857
YIL160C,111
YIL159W,1134
YIL158W,1473
YIL157C,2312
YIL156W-A,159
YIL156W-B,853
YIL156W,2338
YIL155C,3332
YIL154C,1657
YIL153W,2613
YIL152W,769
YIL151C,2478
YIL150C,584
YIL149C,2482
YIL148W,6882
YIL147C,4029
YIL146C,1023
YIL145C,3330
YIL144W,1357
YIL143C,2193
YIL142C-A,16
YIL142W,4416
YIL141W,855
YIL140W,5739
YIL139C,474
YIL138C,2852
YIL137C,4491
YIL136W,1568
YIL135C,3213
YIL134C-A,70
YIL134W,1254
YIL133C,7917
YIL132C,545
YIL131C,2414
YIL130W,3989
YIL129C,6150
YIL128W,3004
YIL127C,1597
YIL126W,3337
YIL125W,8289
YIL124W,2949
YIL123W,13090
YIL121W,1359
YIL120W,1285
YIL119C,1852
YIL118W,2854
YIL117C,3019
YIL116W,3583
YIL115W-A,0
YIL115C,5434
YIL114C,698
YIL113W,387
YIL112W,1295
YIL111W,1655
YIL110W,1929
YIL109C,13260
YIL108W,4376
YIL107C,1651
YIL106W,2979
YIL105C,1947
YIL105W-A,1
YIL104C,1118
YIL103W,1264
YIL102C-A,730
YIL102C,1
YIL101C,4033
YIL100C-A,221
YIL100W,78
YIL099W,892
YIL098C,800
YIL097W,1055
YIL096C,892
YIL095W,1811
YIL094C,5135
YIL093C,1508
YIL092W,902
YIL091C,2938
YIL090W,4125
YIL089W,244
YIL088C,4547
YIL087C,1820
YIL086C,193
YIL085C,2588
YIL084C,985
YIL083C,1446
YIL082W-A,5443
YIL082W,86
YIL079C,1569
YIL078W,9223
YIL077C,1538
YIL076W,3469
YIL075C,7812
YIL074C,2198
YIL073C,792
YIL072W,502
YIL071W-A,114
YIL071C,1288
YIL070C,2104
YIL069C,5704
YIL068W-A,5
YIL068C,1522
YIL067C,2362
YIL066W-A,18
YIL066C,1118
YIL065C,1351
YIL064W,1373
YIL063C,1685
YIL062C,2557
YIL061C,713
YIL060W,39
YIL059C,798
YIL058W,35
YIL057C,25
YIL056W,3716
YIL055C,1304
YIL054W,8
YIL053W,6621
YIL052C,4242
YIL051C,5098
YIL050W,2233
YIL049W,1979
YIL047C-A,850
YIL047C,6157
YIL046W-A,60
YIL046W,2324
YIL045W,1183
YIL044C,1436
YIL043C,3977
YIL042C,1254
YIL041W,3166
YIL040W,1629
YIL039W,2220
YIL038C,2309
YIL037C,31
YIL036W,3648
YIL035C,2300
YIL034C,5122
YIL033C,4775
YIL032C,2
YIL031W,2073
YIL030W-A,248
YIL030C,6793
YIL029W-A,0
YIL029C,475
YIL028W,406
YIL027C,1027
YIL026C,2384
YIL025C,1
YIL024C,687
YIL023C,4722
YIL022W,3669
YIL021W,2422
YIL021C-A,0
YIL020C-A,12
YIL020C,535
YIL019W,1305
YIL018W,15887
YIL017C,2237
YIL016W,556
YIL015W,207
YIL014C-A,267
YIL014W,2009
YIL013C,2272
YIL012W,48
YIL011W,472
YIL010W,1083
YIL009C-A,1636
YIL009W,3563
YIL008W,886
YIL007C,826
YIL006W,2739
YIL005W,2566
YIL004C,644
YIL003W,1123
YIL002W-A,872
YIL002C,2727
YIL001W,1008
YIR001C,1576
YIR002C,2010
YIR003W,2070
YIR004W,1863
YIR005W,557
YIR006C,8415
YIR007W,1922
YIR008C,1344
YIR009W,1130
YIR010W,1651
YIR011C,1807
YIR012W,4637
YIR013C,74
YIR014W,276
YIR015W,712
YIR016W,1256
YIR017C,648
YIR017W-A,19
YIR018W,893
YIR018C-A,168
YIR020C,463
YIR020W-A,2
YIR020C-B,25
YIR021W,1252
YIR021W-A,121
YIR022W,2426
YIR023W,5109
YIR023C-A,28
YIR024C,544
YIR025W,504
YIR026C,2034
YIR027C,143
YIR028W,413
YIR029W,983
YIR030C,112
YIR030W-A,30
YIR031C,3388
YIR032C,863
YIR033W,3251
YIR034C,4946
YIR035C,2753
YIR036C,1514
YIR036W-A,13
YIR037W,2125
YIR038C,1919
YIR039C,3302
YIR040C,0
YIR041W,44
YIR042C,1394
YFL068W,0
YFL067W,3
YFL066C,1516
YFL065C,300
YFL064C,93
YFL063W,14
YFL062W,1813
YFL061W,786
YFL060C,909
YFL059W,601
YFL058W,99
YFL057C,2296
YFL056C,2650
YFL055W,1211
YFL054C,1680
YFL053W,59
YFL052W,867
YFL051C,8
YFL050C,2796
YFL049W,2346
YFL048C,2674
YFL047W,2234
YFL046W,917
YFL045C,6747
YFL044C,1616
YFL042C,1612
YFL041W-A,66
YFL041W,1879
YFL040W,21
YFL039C,18891
YFL038C,4467
YFL037W,6860
YFL036W,3345
YFL034C-B,1416
YFL034C-A,4038
YFL034W,1789
YFL033C,4397
YFL032W,1095
YFL031W,13267
YFL031C-A,0
YFL030W,1205
YFL029C,870
YFL028C,1614
YFL027C,678
YFL026W,839
YFL025C,2624
YFL024C,2656
YFL023W,913
YFL022C,6039
YFL021C-A,91
YFL021W,11114
YFL020C,177
YFL019C,53
YFL018C,4283
YFL017W-A,630
YFL017C,1191
YFL016C,3567
YFL015W-A,8
YFL015C,12
YFL014W,4332
YFL013W-A,12
YFL013C,1806
YFL012W-A,3
YFL012W,3
YFL011W,64
YFL010W-A,31
YFL010C,5359
YFL009W,3034
YFL008W,2787
YFL007W,7147
YFL005W,3267
YFL004W,3085
YFL003C,109
YFL002W-A,1638
YFL002W-B,499
YFL002C,2279
YFL001W,1038
YFR001W,1783
YFR002W,3553
YFR003C,1210
YFR004W,2238
YFR005C,2539
YFR006W,3453
YFR007W,780
YFR008W,559
YFR009W,4779
YFR009W-A,491
YFR010W,3481
YFR010W-A,1
YFR011C,937
YFR012W,53
YFR012W-A,26
YFR013W,2092
YFR014C,1722
YFR015C,4169
YFR016C,2142
YFR017C,2306
YFR018C,2351
YFR019W,4582
YFR020W,1892
YFR021W,1629
YFR022W,2900
YFR023W,30
YFR024C-A,3172
YFR025C,1417
YFR026C,509
YFR027W,409
YFR028C,2823
YFR029W,1627
YFR030W,5470
YFR031C,2013
YFR031C-A,12377
YFR032C,33
YFR032C-A,2821
YFR032C-B,718
YFR033C,4881
YFR034C,1507
YFR034W-A,493
YFR035C,26
YFR036W,740
YFR036W-A,18
YFR037C,3011
YFR038W,2178
YFR039C,1571
YFR040W,3877
YFR041C,1237
YFR042W,1637
YFR043C,887
YFR044C,8985
YFR045W,1024
YFR046C,1023
YFR047C,2233
YFR048W,1535
YFR049W,845
YFR050C,3715
YFR051C,5311
YFR052W,1786
YFR052C-A,1664
YFR053C,11708
YFR054C,51
YFR056C,5
YFR055W,8941
YFR057W,2
YKL023C-A,1291
YKR046C,9705
YKR103W,1696
YKL225W,0
YKL224C,12
YKL223W,0
YKL222C,2997
YKL221W,208
YKL220C,2006
YKL219W,1505
YKL218C,1390
YKL217W,2332
YKL216W,3731
YKL215C,3281
YKL214C,562
YKL213C,3196
YKL212W,4749
YKL211C,4205
YKL210W,7325
YKL209C,1217
YKL208W,565
YKL207W,5035
YKL206C,1293
YKL205W,2946
YKL204W,2938
YKL203C,5072
YKL202W,158
YKL201C,998
YKL198C,2187
YKL197C,2242
YKL196C,3253
YKL195W,2991
YKL194C,1249
YKL193C,926
YKL192C,4902
YKL191W,3760
YKL190W,2200
YKL189W,800
YKL188C,1512
YKL187C,2584
YKL186C,2484
YKL185W,5316
YKL184W,5720
YKL183C-A,4
YKL183W,866
YKL182W,51182
YKL181W,6827
YKL180W,7492
YKL179C,2106
YKL178C,4887
YKL177W,14
YKL176C,4988
YKL175W,5970
YKL174C,2967
YKL173W,2253
YKL172W,4189
YKL171W,1793
YKL170W,1589
YKL169C,53
YKL168C,1951
YKL167C,1091
YKL166C,1360
YKL165C-A,62
YKL165C,4598
YKL164C,32688
YKL163W,4397
YKL162C-A,126
YKL162C,397
YKL161C,5211
YKL160W,1744
YKL159C,760
YKL157W,6405
YKL156W,6277
YKL156C-A,0
YKL155C,1644
YKL154W,1137
YKL153W,22
YKL152C,17531
YKL151C,1376
YKL150W,5006
YKL149C,888
YKL148C,7433
YKL147C,17
YKL146W,4587
YKL145W,5164
YKL145W-A,400
YKL144C,1023
YKL143W,2161
YKL142W,3024
YKL141W,5140
YKL140W,2069
YKL139W,1418
YKL138C-A,891
YKL138C,979
YKL137W,1010
YKL136W,124
YKL135C,2873
YKL134C,1076
YKL133C,378
YKL132C,577
YKL131W,31
YKL130C,1170
YKL129C,2663
YKL128C,1409
YKL127W,2378
YKL126W,3988
YKL125W,2038
YKL124W,1606
YKL123W,559
YKL122C,2297
YKL121W,1629
YKL120W,5868
YKL119C,617
YKL118W,8
YKL117W,3283
YKL116C,2522
YKL115C,374
YKL114C,1324
YKL113C,1676
YKL112W,3017
YKL111C,8
YKL110C,2043
YKL109W,4840
YKL108W,679
YKL107W,83
YKL106C-A,69
YKL106W,2360
YKL105C,1961
YKL104C,13984
YKL103C,1828
YKL102C,30
YKL101W,7440
YKL100C,4685
YKL100W-A,2
YKL099C,1956
YKL098W,1966
YKL097C,21
YKL096C-B,10
YKL096W-A,14484
YKL096W,15304
YKL095W,985
YKL094W,2808
YKL093W,353
YKL092C,1567
YKL091C,1470
YKL090W,769
YKL089W,838
YKL088W,1064
YKL087C,2531
YKL086W,160
YKL085W,2526
YKL084W,682
YKL083W,16
YKL082C,1062
YKL081W,17313
YKL080W,3025
YKL079W,2225
YKL078W,1284
YKL077W,2872
YKL076C,351
YKL075C,1064
YKL074C,1473
YKL073W,2847
YKL072W,728
YKL071W,342
YKL070W,56
YKL069W,1356
YKL068W-A,2332
YKL068W,4608
YKL067W,3883
YKL066W,1982
YKL065W-A,89
YKL065C,3217
YKL064W,3687
YKL063C,1572
YKL062W,4706
YKL061W,676
YKL060C,28699
YKL059C,1412
YKL058W,2066
YKL057C,5328
YKL056C,8759
YKL055C,535
YKL054C,9160
YKL053C-A,724
YKL053W,68
YKL052C,1065
YKL051W,5739
YKL050C,1251
YKL049C,887
YKL048C,1236
YKL047W,961
YKL046C,2893
YKL045W,2047
YKL044W,359
YKL043W,2162
YKL042W,1107
YKL041W,296
YKL040C,1844
YKL039W,6318
YKL038W,3178
YKL037W,48
YKL036C,55
YKL035W,9725
YKL034W,3315
YKL033W-A,3971
YKL033W,2292
YKL032C,3638
YKL031W,196
YKL030W,12
YKL029C,8999
YKL028W,2295
YKL027W,1550
YKL026C,595
YKL025C,2662
YKL024C,1738
YKL023W,954
YKL022C,1798
YKL021C,1925
YKL020C,3202
YKL019W,2423
YKL018C-A,149
YKL018W,2000
YKL017C,1470
YKL016C,3770
YKL015W,2502
YKL014C,5318
YKL013C,3110
YKL012W,1953
YKL011C,690
YKL010C,4962
YKL009W,3424
YKL008C,2965
YKL007W,2835
YKL006C-A,848
YKL006W,5842
YKL005C,1619
YKL004W,4063
YKL003C,1392
YKL002W,1467
YKL001C,1343
YKR001C,5081
YKR002W,1629
YKR003W,1540
YKR004C,918
YKR005C,355
YKR006C,2493
YKR007W,1228
YKR008W,1768
YKR009C,1144
YKR010C,777
YKR011C,791
YKR012C,75
YKR013W,12840
YKR014C,2414
YKR015C,61
YKR016W,2432
YKR017C,921
YKR018C,2918
YKR019C,837
YKR020W,742
YKR021W,3474
YKR022C,1257
YKR023W,763
YKR024C,1927
YKR025W,752
YKR026C,2870
YKR027W,2975
YKR028W,4205
YKR029C,1572
YKR030W,1750
YKR031C,2874
YKR032W,7
YKR033C,45
YKR034W,262
YKR035C,16
YKR035W-A,1777
YKR036C,1501
YKR037C,1014
YKR038C,2926
YKR039W,10759
YKR040C,2944
YKR041W,291
YKR042W,13585
YKR043C,3838
YKR044W,1494
YKR045C,1807
YKR047W,42
YKR048C,4237
YKR049C,1231
YKR050W,3158
YKR051W,1339
YKR052C,1641
YKR053C,377
YKR054C,5141
YKR055W,469
YKR056W,1796
YKR057W,2752
YKR058W,1891
YKR059W,11820
YKR060W,1117
YKR061W,3496
YKR062W,1368
YKR063C,1316
YKR064W,1447
YKR065C,3069
YKR066C,4286
YKR067W,2338
YKR068C,2352
YKR069W,1562
YKR070W,1240
YKR071C,4466
YKR072C,3107
YKR073C,143
YKR074W,1242
YKR075C,1797
YKR075W-A,23
YKR076W,792
YKR077W,2233
YKR078W,1142
YKR079C,2654
YKR080W,1464
YKR081C,2304
YKR082W,3898
YKR083C,638
YKR084C,1694
YKR085C,1283
YKR086W,2140
YKR087C,1568
YKR088C,2357
YKR089C,1892
YKR090W,1552
YKR091W,4001
YKR092C,3293
YKR093W,18998
YKR094C,5566
YKR095W,4384
YKR095W-A,867
YKR096W,2752
YKR097W,824
YKR098C,790
YKR099W,1745
YKR100C,2181
YKR101W,909
YKR102W,1473
YKR104W,327
YKR105C,41
YKR106W,411
YOL100W,2416
YOL034W,1062
YOR033C,1763
YOR108W,8367
YOR172W,1832
YOR239W,3796
YOR321W,2217
YOL166W-A,2
YOL166C,8
YOL165C,574
YOL164W-A,88
YOL164W,2506
YOL163W,1089
YOL162W,448
YOL161C,4
YOL160W,101
YOL159C-A,841
YOL159C,1157
YOL158C,5360
YOL157C,723
YOL156W,193
YOL155W-A,3
YOL155C,7269
YOL154W,369
YOL152W,5926
YOL151W,1478
YOL150C,81
YOL149W,1008
YOL148C,2179
YOL147C,2125
YOL146W,1254
YOL145C,3858
YOL144W,961
YOL143C,1821
YOL142W,2111
YOL141W,794
YOL140W,1854
YOL139C,6040
YOL138C,2865
YOL137W,2378
YOL136C,7007
YOL135C,880
YOL134C,2
YOL133W,1260
YOL132W,91
YOL131W,6
YOL130W,4267
YOL129W,3816
YOL128C,934
YOL127W,6730
YOL126C,4793
YOL125W,1075
YOL124C,1497
YOL123W,4318
YOL122C,3007
YOL121C,5173
YOL120C,10879
YOL119C,3143
YOL118C,56
YOL117W,1067
YOL116W,972
YOL115W,1146
YOL114C,163
YOL113W,1465
YOL112W,2323
YOL111C,1544
YOL110W,966
YOL109W,5298
YOL108C,931
YOL107W,1751
YOL106W,145
YOL105C,4802
YOL104C,2939
YOL103W-B,4200
YOL103W-A,2278
YOL103W,3084
YOL102C,832
YOL101C,898
YOL099C,12
YOL098C,5071
YOL097W-A,179
YOL097C,3485
YOL096C,838
YOL095C,578
YOL094C,956
YOL093W,1477
YOL092W,3080
YOL091W,355
YOL090W,2071
YOL089C,1563
YOL088C,1860
YOL087C,2211
YOL086W-A,943
YOL086C,27142
YOL085W-A,342
YOL085C,24
YOL084W,1093
YOL083W,443
YOL083C-A,22
YOL082W,1665
YOL081W,15009
YOL080C,871
YOL079W,1
YOL078W,979
YOL077W-A,1523
YOL077C,3756
YOL076W,2249
YOL075C,1957
YOL073C,2440
YOL072W,1026
YOL071W,1255
YOL070C,2788
YOL069W,994
YOL068C,2790
YOL067C,1098
YOL066C,1238
YOL065C,577
YOL064C,1352
YOL063C,2503
YOL062C,2895
YOL061W,5405
YOL060C,4065
YOL059W,6332
YOL058W,6128
YOL057W,3448
YOL056W,736
YOL055C,1117
YOL054W,1182
YOL053W,1113
YOL052C-A,1598
YOL052C,3116
YOL051W,4856
YOL050C,2
YOL049W,3516
YOL048C,1570
YOL047C,219
YOL046C,24
YOL045W,2842
YOL044W,500
YOL043C,898
YOL042W,1386
YOL041C,2528
YOL040C,10730
YOL039W,7808
YOL038C-A,172
YOL038W,3988
YOL037C,7
YOL036W,3767
YOL035C,0
YOL033W,952
YOL032W,978
YOL031C,1854
YOL030W,10034
YOL029C,494
YOL028C,950
YOL027C,2695
YOL026C,1722
YOL025W,704
YOL024W,21
YOL023W,1180
YOL022C,2471
YOL021C,4625
YOL020W,7681
YOL019W-A,3
YOL019W,5973
YOL018C,1373
YOL017W,1163
YOL016C,2236
YOL015W,527
YOL014W,520
YOL013W-B,2
YOL013W-A,63
YOL013C,1781
YOL012C,1754
YOL011W,6423
YOL010W,2629
YOL009C,1082
YOL008W,754
YOL007C,3595
YOL006C,2623
YOL005C,2160
YOL004W,8115
YOL003C,2134
YOL002C,2253
YOL001W,1672
YOR001W,3171
YOR002W,5443
YOR003W,1130
YOR004W,1499
YOR005C,1533
YOR006C,1160
YOR007C,4211
YOR008C,3425
YOR008C-A,6
YOR008W-B,425
YOR009W,2093
YOR010C,575
YOR011W,2339
YOR011W-A,1
YOR012W,89
YOR013W,119
YOR014W,5660
YOR015W,438
YOR016C,2269
YOR017W,1724
YOR018W,2083
YOR019W,727
YOR020C,4823
YOR020W-A,1292
YOR021C,1848
YOR022C,789
YOR023C,4429
YOR024W,43
YOR025W,2491
YOR026W,1510
YOR027W,6851
YOR028C,1975
YOR029W,11
YOR030W,3268
YOR031W,321
YOR032C,548
YOR032W-A,89
YOR034C,2864
YOR034C-A,173
YOR035C,2422
YOR036W,1180
YOR037W,1927
YOR038C,1036
YOR039W,2539
YOR040W,398
YOR041C,102
YOR042W,2687
YOR043W,4088
YOR044W,1424
YOR045W,1491
YOR046C,3244
YOR047C,2465
YOR048C,3867
YOR049C,140
YOR050C,4
YOR051C,2264
YOR052C,3415
YOR053W,24
YOR054C,1496
YOR055W,35
YOR056C,1928
YOR057W,1502
YOR058C,1872
YOR059C,2326
YOR060C,1671
YOR061W,2969
YOR062C,917
YOR063W,17367
YOR064C,1175
YOR065W,5631
YOR066W,4102
YOR067C,2460
YOR069W,2104
YOR068C,2
YOR070C,2254
YOR071C,922
YOR072W,79
YOR072W-A,37
YOR072W-B,11
YOR073W,1215
YOR074C,1482
YOR073W-A,0
YOR075W,1445
YOR076C,1288
YOR077W,426
YOR078W,1660
YOR079C,1557
YOR080W,1889
YOR081C,4803
YOR082C,374
YOR083W,364
YOR084W,694
YOR085W,4392
YOR086C,5980
YOR087W,2226
YOR089C,2573
YOR090C,2289
YOR091W,2592
YOR092W,3247
YOR093C,2457
YOR094W,544
YOR095C,1464
YOR096W,4918
YOR097C,914
YOR098C,5052
YOR099W,3726
YOR100C,721
YOR101W,1584
YOR102W,42
YOR103C,2518
YOR104W,1598
YOR105W,547
YOR106W,1000
YOR107W,488
YOR108C-A,8
YOR109W,4181
YOR110W,1139
YOR111W,807
YOR112W,1996
YOR113W,2829
YOR114W,506
YOR115C,1793
YOR116C,5443
YOR117W,3052
YOR118W,1364
YOR119C,2179
YOR120W,3249
YOR121C,448
YOR122C,5671
YOR123C,1132
YOR124C,4551
YOR125C,1359
YOR126C,819
YOR127W,5879
YOR128C,1629
YOR129C,1298
YOR130C,1005
YOR131C,839
YOR132W,1626
YOR133W,8373
YOR134W,807
YOR135C,4
YOR136W,9263
YOR137C,1403
YOR138C,2645
YOR139C,4
YOR140W,2969
YOR141C,1937
YOR142W,6736
YOR142W-B,3998
YOR142W-A,1184
YOR143C,578
YOR144C,1246
YOR145C,2761
YOR146W,7
YOR147W,1474
YOR148C,636
YOR149C,2734
YOR150W,922
YOR151C,8130
YOR152C,583
YOR153W,17359
YOR154W,2032
YOR155C,2204
YOR156C,1369
YOR157C,3203
YOR158W,1478
YOR159C,1263
YOR160W,3128
YOR161C,2688
YOR161W-A,181
YOR161W-B,139
YOR161C-C,61
YOR162C,2028
YOR163W,1412
YOR164C,2632
YOR165W,2989
YOR166C,1735
YOR167C,4070
YOR168W,6232
YOR169C,3
YOR170W,3
YOR171C,2280
YOR173W,1260
YOR174W,1084
YOR175C,3782
YOR176W,2363
YOR177C,255
YOR178C,4137
YOR179C,764
YOR180C,635
YOR181W,2186
YOR182C,2817
YOR183W,78
YOR184W,4047
YOR185C,730
YOR186W,97
YOR186C-A,31
YOR187W,7961
YOR188W,2720
YOR189W,1039
YOR190W,120
YOR191W,4592
YOR192C,846
YOR192C-C,103
YOR192C-B,3001
YOR192C-A,1589
YOR193W,792
YOR194C,1111
YOR195W,2151
YOR196C,1906
YOR197W,4060
YOR198C,6436
YOR199W,20
YOR200W,10
YOR201C,1873
YOR202W,4264
YOR203W,1858
YOR204W,15442
YOR205C,2485
YOR206W,4743
YOR207C,5539
YOR208W,4139
YOR209C,3553
YOR210W,1229
YOR211C,2556
YOR212W,3391
YOR213C,1489
YOR214C,10
YOR215C,1677
YOR216C,1870
YOR217W,2244
YOR218C,4
YOR219C,4051
YOR220W,1307
YOR221C,2027
YOR222W,4446
YOR223W,804
YOR224C,4152
YOR225W,8
YOR226C,2903
YOR227W,6559
YOR228C,913
YOR229W,1311
YOR230W,7364
YOR231W,3029
YOR231C-A,25
YOR232W,3803
YOR233W,1984
YOR234C,3885
YOR235W,728
YOR236W,313
YOR237W,93
YOR238W,1195
YOR241W,2000
YOR242C,317
YOR243C,4270
YOR244W,1794
YOR245C,2146
YOR246C,3823
YOR247W,16310
YOR248W,7223
YOR249C,1309
YOR250C,1223
YOR251C,1844
YOR252W,967
YOR253W,1042
YOR254C,5887
YOR255W,13
YOR256C,2392
YOR257W,632
YOR258W,479
YOR259C,3432
YOR260W,5614
YOR261C,2901
YOR262W,1279
YOR263C,1
YOR264W,3261
YOR265W,1053
YOR266W,704
YOR267C,3943
YOR268C,24
YOR269W,1277
YOR270C,12438
YOR271C,4431
YOR272W,2687
YOR273C,5320
YOR274W,1246
YOR275C,2102
YOR276W,2767
YOR277C,16
YOR278W,850
YOR279C,714
YOR280C,1020
YOR281C,1759
YOR282W,4
YOR283W,1581
YOR284W,722
YOR285W,2707
YOR286W,1975
YOR287C,734
YOR288C,1096
YOR289W,948
YOR290C,3495
YOR291W,4074
YOR292C,1897
YOR293W,6177
YOR293C-A,0
YOR294W,2643
YOR295W,761
YOR296W,1393
YOR297C,2005
YOR298W,117
YOR298C-A,6890
YOR299W,2569
YOR300W,101
YOR301W,2211
YOR302W,3750
YOR303W,11770
YOR304W,2101
YOR304C-A,854
YOR305W,2124
YOR306C,2926
YOR307C,2548
YOR308C,1344
YOR309C,3089
YOR310C,6174
YOR311C,2380
YOR312C,8673
YOR313C,364
YOR314W,3
YOR314W-A,10
YOR315W,2764
YOR316C,4999
YOR316C-A,103
YOR317W,8030
YOR318C,341
YOR319W,1154
YOR320C,2527
YOR322C,2847
YOR323C,3423
YOR324C,2056
YOR325W,5
YOR326W,6387
YOR327C,1471
YOR328W,4631
YOR329C,3604
YOR329W-A,90
YOR330C,2042
YOR331C,8
YOR332W,3778
YOR333C,13
YOR334W,1332
YOR335C,9856
YOR335W-A,0
YOR336W,1796
YOR337W,3107
YOR338W,782
YOR339C,55
YOR340C,2519
YOR341W,15977
YOR342C,4281
YOR343C,321
YOR343W-B,5570
YOR343W-A,1118
YOR344C,1705
YOR345C,11
YOR346W,1654
YOR347C,1798
YOR348C,4874
YOR349W,2385
YOR350C,1804
YOR351C,34
YOR352W,872
YOR353C,1851
YOR354C,2831
YOR355W,4374
YOR356W,1564
YOR357C,1185
YOR358W,675
YOR359W,3670
YOR360C,3623
YOR361C,7728
YOR362C,3899
YOR363C,2634
YOR364W,85
YOR365C,39
YOR366W,87
YOR367W,1052
YOR368W,1030
YOR369C,7017
YOR370C,5793
YOR371C,2091
YOR372C,3405
YOR373W,1842
YOR374W,7816
YOR375C,14802
YOR376W,4
YOR376W-A,617
YOR377W,2663
YOR378W,376
YOR379C,167
YOR380W,2209
YOR381W,2347
YOR381W-A,50
YOR382W,2382
YOR383C,4237
YOR384W,88
YOR385W,1386
YOR386W,1088
YOR387C,17
YOR388C,54
YOR389W,927
YOR390W,1153
YOR391C,133
YOR392W,8
YOR393W,22
YOR394W,1
YOR394C-A,132
YOR396W,245
YOR396C-A,1
YCR009C,5126
YCR084C,18930
YCL076W,8
YCL073C,72
YCL069W,4
YCL068C,834
YCL067C,847
YCL066W,3110
YCL065W,1109
YCL064C,500
YCL063W,2476
YCL061C,5223
YCL059C,3617
YCL058C,777
YCL058W-A,314
YCL057C-A,2830
YCL057W,6262
YCL056C,1710
YCL055W,1292
YCL054W,5196
YCL052C,3979
YCL051W,3834
YCL050C,5122
YCL049C,4622
YCL048W-A,603
YCL048W,191
YCL047C,1662
YCL045C,9685
YCL046W,3
YCL044C,7281
YCL043C,24738
YCL041C,1798
YCL042W,2889
YCL040W,20031
YCL039W,5574
YCL038C,1899
YCL037C,14335
YCL036W,2421
YCL035C,4437
YCL034W,3263
YCL033C,1368
YCL032W,2145
YCL031C,4262
YCL030C,8566
YCL029C,1949
YCL028W,5416
YCL027W,915
YCL026C-B,340
YCL026C-A,98
YCL025C,15784
YCL023C,37
YCL024W,4877
YCL022C,11
YCL021W-A,572
YCL019W,14114
YCL020W,6260
YCL018W,12936
YCL017C,6362
YCL016C,1896
YCL014W,6129
YCL012C,1402
YCL011C,7554
YCL010C,2125
YCL009C,16643
YCL008C,6059
YCL007C,106
YCL005W-A,3152
YCL005W,4679
YCL004W,2410
YCL002C,2841
YCL001W,3160
YCL001W-A,27
YCL001W-B,51
YCR001W,4
YCR002C,4546
YCR003W,2243
YCR004C,4649
YCR005C,8483
YCR006C,935
YCR007C,1559
YCR008W,8613
YCR010C,236
YCR011C,9274
YCR012W,38509
YCR013C,10
YCR014C,2680
YCR015C,1629
YCR016W,2036
YCR017C,14950
YCR018C,3616
YCR018C-A,257
YCR019W,2145
YCR020C,1059
YCR020C-A,1548
YCR020W-B,1515
YCR021C,1616
YCR022C,150
YCR023C,5411
YCR024C,2688
YCR024C-B,7143
YCR024C-A,6505
YCR025C,187
YCR026C,5967
YCR027C,2278
YCR028C,5192
YCR028C-A,3749
YCR030C,9087
YCR031C,14173
YCR032W,6035
YCR033W,4533
YCR034W,5959
YCR035C,3560
YCR036W,5283
YCR037C,4355
YCR038C,1908
YCR038W-A,132
YCR039C,232
YCR040W,130
YCR041W,75
YCR042C,4594
YCR043C,3191
YCR044C,3300
YCR045C,32
YCR045W-A,1604
YCR046C,3055
YCR047C,2181
YCR047W-A,59
YCR049C,4
YCR048W,4055
YCR050C,21
YCR051W,3263
YCR052W,3523
YCR053W,13076
YCR054C,2842
YCR057C,9520
YCR059C,3280
YCR060W,1920
YCR061W,4835
YCR064C,54
YCR063W,1988
YCR065W,6956
YCR066W,1487
YCR067C,11900
YCR068W,4311
YCR069W,5320
YCR071C,2060
YCR072C,2917
YCR073C,4064
YCR073W-A,3103
YCR075C,2302
YCR075W-A,590
YCR076C,1899
YCR077C,11456
YCR079W,3644
YCR081W,4552
YCR081C-A,6
YCR082W,3474
YCR083W,1217
YCR085W,49
YCR086W,909
YCR087W,113
YCR087C-A,2218
YCR088W,6308
YCR089W,13032
YCR090C,2443
YCR091W,2288
YCR092C,2292
YCR093W,15273
YCR094W,2930
YCR095C,1855
YCR095W-A,657
YCR096C,1905
YCR097W,8
YCR097W-A,3
YCR098C,1980
YCR099C,1253
YCR100C,2286
YCR101C,1848
YCR102C,558
YCR102W-A,187
YCR104W,34
YCR105W,272
YCR106W,4245
YCR107W,1658
YCR108C,26
YGL196W,1353
YGL131C,2626
YGL059W,1357
YGR017W,2578
YGR088W,1637
YGR147C,1783
YGR212W,673
YGL263W,2
YGL262W,18
YGL261C,42
YGL260W,0
YGL259W,251
YGL258W-A,159
YGL258W,27
YGL257C,1613
YGL256W,3631
YGL255W,2043
YGL254W,1713
YGL253W,12850
YGL252C,2942
YGL251C,2464
YGL250W,379
YGL249W,162
YGL248W,2531
YGL247W,1005
YGL246C,1852
YGL245W,7960
YGL244W,1759
YGL243W,1497
YGL242C,1993
YGL241W,2146
YGL240W,706
YGL239C,1
YGL238W,5698
YGL237C,841
YGL236C,1950
YGL235W,94
YGL234W,8568
YGL233W,2312
YGL232W,1166
YGL231C,1844
YGL230C,40
YGL229C,1200
YGL228W,3589
YGL227W,1566
YGL226C-A,1431
YGL226W,661
YGL225W,4379
YGL224C,1566
YGL223C,2976
YGL222C,3236
YGL221C,3496
YGL220W,2427
YGL219C,2478
YGL218W,6
YGL217C,9
YGL216W,2234
YGL215W,6408
YGL214W,8
YGL213C,2356
YGL212W,599
YGL211W,1807
YGL210W,1315
YGL209W,1840
YGL208W,1016
YGL207W,6570
YGL206C,10139
YGL205W,242
YGL204C,193
YGL203C,2512
YGL202W,9841
YGL201C,2962
YGL200C,5302
YGL199C,171
YGL198W,2743
YGL197W,6127
YGL195W,20899
YGL194C-A,754
YGL194C,1537
YGL193C,2870
YGL192W,14
YGL191W,3500
YGL190C,2956
YGL189C,7917
YGL188C-A,157
YGL188C,272
YGL187C,2831
YGL186C,2706
YGL185C,1292
YGL184C,1361
YGL183C,33
YGL182C,48
YGL181W,2206
YGL180W,1054
YGL179C,1114
YGL178W,6985
YGL177W,819
YGL176C,1391
YGL175C,521
YGL174W,519
YGL173C,11004
YGL172W,1245
YGL171W,1630
YGL170C,19
YGL169W,2075
YGL168W,11
YGL167C,8586
YGL166W,911
YGL165C,37
YGL164C,729
YGL163C,1548
YGL162W,1745
YGL161C,4013
YGL160W,2257
YGL159W,841
YGL158W,166
YGL157W,2334
YGL156W,1714
YGL155W,2120
YGL154C,1022
YGL153W,554
YGL152C,29
YGL151W,3784
YGL150C,3486
YGL149W,3
YGL148W,5696
YGL147C,6486
YGL146C,444
YGL145W,1479
YGL144C,615
YGL143C,982
YGL142C,3610
YGL141W,2103
YGL140C,6447
YGL139W,3253
YGL138C,9
YGL137W,6635
YGL136C,1347
YGL135W,5862
YGL134W,1409
YGL133W,1590
YGL132W,4
YGL130W,1944
YGL129C,2045
YGL128C,1647
YGL127C,1774
YGL126W,2521
YGL125W,11445
YGL124C,1439
YGL123W,13785
YGL123C-A,13
YGL122C,2668
YGL121C,742
YGL120C,3975
YGL119W,1155
YGL118C,53
YGL117W,1647
YGL116W,1850
YGL115W,2324
YGL114W,4595
YGL113W,1349
YGL112C,2815
YGL111W,2830
YGL110C,1348
YGL109W,8
YGL108C,904
YGL107C,2235
YGL106W,2193
YGL105W,8260
YGL104C,1711
YGL103W,11372
YGL102C,11
YGL101W,1535
YGL100W,2528
YGL099W,1625
YGL098W,1089
YGL097W,2271
YGL096W,422
YGL095C,2453
YGL094C,3647
YGL093W,1397
YGL092W,4986
YGL091C,1282
YGL090W,1063
YGL089C,1796
YGL088W,2937
YGL087C,2042
YGL086W,1268
YGL085W,902
YGL084C,3699
YGL083W,1517
YGL082W,2300
YGL081W,110
YGL080W,1847
YGL079W,1213
YGL078C,3808
YGL077C,4503
YGL076C,7550
YGL075C,553
YGL074C,6
YGL073W,3653
YGL072C,526
YGL071W,2703
YGL070C,1979
YGL069C,93
YGL068W,2815
YGL067W,1645
YGL066W,1776
YGL065C,1441
YGL064C,811
YGL063W,2115
YGL063C-A,24
YGL062W,6333
YGL061C,785
YGL060W,1250
YGL058W,2538
YGL057C,685
YGL056C,4851
YGL055W,18045
YGL054C,2494
YGL053W,869
YGL052W,130
YGL051W,204
YGL050W,1103
YGL049C,4651
YGL048C,3310
YGL047W,654
YGL045W,987
YGL044C,1565
YGL043W,2058
YGL042C,4
YGL041C-B,34
YGL041W-A,964
YGL041C,18
YGL040C,3391
YGL039W,1045
YGL038C,2808
YGL037C,6027
YGL036W,3443
YGL035C,2414
YGL034C,59
YGL033W,30
YGL032C,85
YGL031C,7599
YGL030W,5419
YGL029W,980
YGL028C,14845
YGL027C,3052
YGL026C,11907
YGL025C,1320
YGL024W,26
YGL023C,1674
YGL022W,7482
YGL021W,4068
YGL020C,1116
YGL019W,2913
YGL018C,527
YGL017W,759
YGL016W,2801
YGL015C,42
YGL014W,5142
YGL014C-A,1
YGL013C,3136
YGL012W,6756
YGL011C,2927
YGL010W,1249
YGL009C,19881
YGL008C,59381
YGL007C-A,79
YGL007W,35
YGL006W-A,72
YGL006W,3676
YGL005C,1057
YGL004C,939
YGL003C,2454
YGL002W,1491
YGL001C,3477
YGR001C,1574
YGR002C,1193
YGR003W,2033
YGR004W,1097
YGR005C,1519
YGR006W,615
YGR007W,2344
YGR008C,1706
YGR009C,1714
YGR010W,1367
YGR011W,328
YGR012W,1282
YGR013W,1302
YGR014W,14177
YGR015C,1219
YGR016W,330
YGR018C,102
YGR019W,2875
YGR020C,2731
YGR021W,1097
YGR022C,7
YGR023W,2697
YGR024C,1691
YGR025W,413
YGR026W,2819
YGR027C,6217
YGR027W-B,5810
YGR027W-A,1149
YGR028W,1065
YGR029W,1452
YGR030C,946
YGR031W,1328
YGR031C-A,20
YGR032W,19501
YGR033C,2370
YGR034W,6188
YGR035C,220
YGR035W-A,0
YGR036C,2000
YGR037C,2656
YGR038W,2448
YGR038C-B,5397
YGR038C-A,1480
YGR039W,327
YGR040W,1992
YGR041W,2165
YGR042W,1617
YGR043C,367
YGR044C,3118
YGR045C,457
YGR046W,2330
YGR047C,1591
YGR048W,1451
YGR049W,2511
YGR050C,369
YGR051C,4
YGR052W,346
YGR053C,129
YGR054W,7913
YGR055W,10628
YGR056W,2723
YGR057C,1293
YGR058W,1216
YGR059W,54
YGR060W,8551
YGR061C,9689
YGR062C,928
YGR063C,1504
YGR064W,317
YGR065C,3813
YGR066C,117
YGR067C,778
YGR068C,1728
YGR068W-A,10
YGR069W,30
YGR070W,5081
YGR071C,1846
YGR072W,654
YGR073C,187
YGR074W,1658
YGR075C,491
YGR076C,1023
YGR077C,2935
YGR078C,1531
YGR079W,3711
YGR080W,2032
YGR081C,1714
YGR082W,3590
YGR083C,3341
YGR084C,1870
YGR085C,5270
YGR086C,9008
YGR087C,67
YGR089W,3255
YGR090W,7004
YGR091W,668
YGR092W,2964
YGR093W,1411
YGR094W,12374
YGR095C,1635
YGR096W,1029
YGR097W,6699
YGR098C,3489
YGR099W,1560
YGR100W,2788
YGR101W,2391
YGR102C,978
YGR103W,6515
YGR104C,1164
YGR105W,848
YGR106C,4446
YGR107W,165
YGR108W,3277
YGR109C,976
YGR109W-B,4582
YGR109W-A,80
YGR110W,634
YGR111W,2033
YGR112W,896
YGR113W,1489
YGR114C,1
YGR115C,0
YGR116W,5565
YGR117C,1583
YGR118W,5710
YGR119C,3188
YGR120C,1038
YGR121C,1842
YGR121W-A,220
YGR122W,569
YGR122C-A,86
YGR123C,1644
YGR124W,14496
YGR125W,3891
YGR126W,664
YGR127W,875
YGR128C,4691
YGR129W,619
YGR130C,4000
YGR131W,703
YGR132C,2619
YGR133W,1412
YGR134W,1558
YGR135W,3638
YGR136W,4881
YGR137W,3291
YGR138C,2733
YGR139W,80
YGR140W,1761
YGR141W,704
YGR142W,1459
YGR143W,3616
YGR144W,112
YGR145W,2835
YGR146C,3279
YGR146C-A,39
YGR148C,6481
YGR149W,4514
YGR150C,1711
YGR151C,452
YGR152C,1323
YGR153W,825
YGR154C,1725
YGR155W,10491
YGR156W,1315
YGR157W,10684
YGR158C,1156
YGR159C,7193
YGR160W,13
YGR161C,5860
YGR161W-C,1777
YGR161W-B,12811
YGR161W-A,9681
YGR161C-D,5593
YGR161C-C,577
YGR162W,9106
YGR163W,1842
YGR164W,92
YGR165W,2445
YGR166W,1704
YGR167W,3357
YGR168C,1621
YGR169C,956
YGR169C-A,1049
YGR170W,3342
YGR171C,1090
YGR172C,1783
YGR173W,1862
YGR174C,726
YGR174W-A,180
YGR175C,13759
YGR176W,36
YGR177C,1659
YGR178C,5757
YGR179C,999
YGR180C,5096
YGR181W,871
YGR182C,1133
YGR183C,2749
YGR184C,6452
YGR185C,6152
YGR186W,2476
YGR187C,1483
YGR188C,1067
YGR189C,22444
YGR190C,9
YGR191W,6430
YGR192C,46747
YGR193C,2049
YGR194C,1614
YGR195W,1454
YGR196C,1302
YGR197C,2613
YGR198W,3435
YGR199W,2503
YGR200C,4700
YGR201C,759
YGR202C,1529
YGR203W,1510
YGR204W,10942
YGR204C-A,11
YGR205W,1297
YGR206W,504
YGR207C,1543
YGR208W,1051
YGR209C,1987
YGR210C,3979
YGR211W,5005
YGR213C,480
YGR214W,12250
YGR215W,1149
YGR216C,2557
YGR217W,3358
YGR218W,7238
YGR219W,1
YGR220C,1828
YGR221C,1393
YGR222W,1647
YGR223C,1526
YGR224W,476
YGR225W,180
YGR226C,1
YGR227W,3362
YGR228W,4
YGR229C,3685
YGR230W,805
YGR231C,2544
YGR232W,1420
YGR233C,2781
YGR234W,20055
YGR235C,2159
YGR236C,91
YGR237C,2088
YGR238C,1786
YGR239C,1589
YGR240C,23503
YGR240C-A,29
YGR241C,3259
YGR242W,12
YGR243W,2461
YGR244C,3306
YGR245C,4216
YGR246C,1648
YGR247W,1489
YGR248W,706
YGR249W,468
YGR250C,2845
YGR251W,1310
YGR252W,1162
YGR253C,3114
YGR254W,19849
YGR255C,2682
YGR256W,1059
YGR257C,1904
YGR258C,1509
YGR259C,382
YGR260W,3912
YGR261C,4082
YGR262C,2129
YGR263C,1134
YGR264C,8078
YGR265W,1
YGR266W,1861
YGR267C,3044
YGR268C,2513
YGR269W,70
YGR270W,5292
YGR270C-A,0
YGR271W,3568
YGR271C-A,980
YGR273C,9
YGR274C,2075
YGR275W,1146
YGR276C,1058
YGR277C,1261
YGR278W,1470
YGR279C,16430
YGR280C,413
YGR281W,4973
YGR282C,13809
YGR283C,751
YGR284C,4469
YGR285C,6991
YGR286C,1033
YGR287C,390
YGR288W,1563
YGR289C,1597
YGR290W,6
YGR291C,4
YGR292W,513
YGR293C,30
YGR294W,77
YGR295C,4194
YGR296W,146
YGR296C-A,0
YGR296C-B,1
YLR454W,7457
YLR060W,8321
YLR186W,2217
YLR398C,3913
YLL067C,948
YLL067W-A,0
YLL066W-B,77
YLL066C,3500
YLL066W-A,1
YLL065W,4
YLL064C,2
YLL063C,1616
YLL062C,941
YLL061W,2879
YLL060C,1436
YLL059C,363
YLL058W,1475
YLL057C,346
YLL056C,477
YLL055W,1332
YLL054C,1266
YLL053C,420
YLL052C,550
YLL051C,7593
YLL050C,2486
YLL049W,465
YLL048C,12540
YLL047W,23
YLL046C,120
YLL045C,11272
YLL044W,30
YLL043W,4514
YLL042C,156
YLL041C,4274
YLL040C,7444
YLL039C,5442
YLL038C,1313
YLL037W,72
YLL036C,1621
YLL035W,2096
YLL034C,1717
YLL033W,415
YLL032C,1505
YLL031C,5519
YLL030C,15
YLL029W,3455
YLL028W,4028
YLL027W,2136
YLL026W,9776
YLL025W,203
YLL024C,29529
YLL023C,2229
YLL022C,1497
YLL021W,3698
YLL020C,431
YLL019C,6372
YLL019W-A,3
YLL018C-A,1473
YLL018C,8426
YLL015W,4697
YLL014W,979
YLL013C,4718
YLL012W,1566
YLL011W,2217
YLL010C,2939
YLL009C,1027
YLL008W,2822
YLL007C,1122
YLL006W-A,11
YLL006W,1283
YLL005C,46
YLL004W,870
YLL003W,2221
YLL002W,948
YLL001W,1982
YLR001C,1745
YLR002C,2240
YLR003C,1451
YLR004C,398
YLR005W,1582
YLR006C,2520
YLR007W,1564
YLR008C,2151
YLR009W,3276
YLR010C,506
YLR011W,873
YLR012C,9
YLR013W,3
YLR014C,1438
YLR015W,1177
YLR016C,1310
YLR017W,2958
YLR018C,2128
YLR019W,4441
YLR020C,1708
YLR021W,935
YLR022C,1825
YLR023C,3876
YLR024C,1526
YLR025W,1039
YLR026C,1481
YLR027C,10857
YLR028C,5614
YLR029C,10340
YLR030W,203
YLR031W,153
YLR032W,1638
YLR033W,2179
YLR034C,5781
YLR035C,1333
YLR035C-A,3614
YLR036C,1378
YLR037C,425
YLR038C,1595
YLR039C,1673
YLR040C,10008
YLR041W,29
YLR042C,1079
YLR043C,1803
YLR044C,54745
YLR045C,2048
YLR046C,1548
YLR047C,3877
YLR048W,17101
YLR049C,1754
YLR050C,815
YLR051C,1394
YLR052W,2325
YLR053C,48
YLR054C,158
YLR055C,1315
YLR056W,10147
YLR057W,2664
YLR058C,7567
YLR059C,1722
YLR061W,7031
YLR062C,2
YLR063W,640
YLR064W,3930
YLR065C,927
YLR066W,1091
YLR067C,1179
YLR068W,628
YLR069C,3137
YLR070C,148
YLR071C,2943
YLR072W,1495
YLR073C,4622
YLR074C,1331
YLR075W,11524
YLR076C,1
YLR077W,1285
YLR078C,1339
YLR079W,2458
YLR080W,269
YLR081W,40
YLR082C,502
YLR083C,6529
YLR084C,5073
YLR085C,1839
YLR086W,2044
YLR087C,3677
YLR088W,3327
YLR089C,6779
YLR090W,1714
YLR091W,897
YLR092W,1487
YLR093C,1651
YLR094C,2087
YLR095C,2172
YLR096W,2931
YLR097C,1406
YLR098C,1956
YLR099C,2206
YLR099W-A,712
YLR100W,6216
YLR101C,235
YLR102C,540
YLR103C,1804
YLR104W,1864
YLR105C,1263
YLR106C,16514
YLR107W,1179
YLR108C,1250
YLR109W,7400
YLR110C,25668
YLR111W,35
YLR112W,386
YLR113W,5051
YLR114C,1540
YLR115W,2105
YLR116W,1953
YLR117C,1429
YLR118C,2066
YLR119W,671
YLR120C,9517
YLR120W-A,132
YLR121C,4896
YLR122C,365
YLR123C,345
YLR124W,165
YLR125W,581
YLR126C,323
YLR127C,1148
YLR128W,698
YLR129W,4176
YLR130C,6578
YLR131C,2125
YLR132C,1279
YLR133W,2485
YLR134W,824
YLR135W,747
YLR136C,897
YLR137W,1125
YLR138W,2920
YLR139C,2564
YLR140W,398
YLR141W,1664
YLR142W,1657
YLR143W,1563
YLR144C,2664
YLR145W,604
YLR146C,1659
YLR146W-A,532
YLR147C,1262
YLR148W,1693
YLR149C,1998
YLR149C-A,10
YLR150W,9628
YLR151C,586
YLR152C,3376
YLR153C,14789
YLR154C,689
YLR154W-A,15451
YLR154W-B,14208
YLR154W-C,20459
YLR154W-E,141
YLR154W-F,3404
YLR154C-G,3
YLR154C-H,6
YLR155C,4
YLR156W,83
YLR156C-A,29
YLR157C,477
YLR157W-D,1
YLR157C-B,7785
YLR157C-A,729
YLR157W-E,0
YLR157C-C,0
YLR158C,30
YLR159W,0
YLR159C-A,0
YLR160C,8684
YLR161W,25
YLR162W,218
YLR162W-A,555
YLR163C,2664
YLR163W-A,1
YLR164W,488
YLR165C,940
YLR166C,3239
YLR167W,11023
YLR168C,2428
YLR169W,10
YLR170C,470
YLR171W,12
YLR172C,2356
YLR173W,2632
YLR174W,693
YLR175W,5237
YLR176C,2257
YLR177W,2168
YLR178C,1612
YLR179C,3431
YLR180W,9878
YLR181C,1090
YLR182W,2223
YLR183C,1649
YLR184W,10
YLR185W,5025
YLR187W,2676
YLR188W,2671
YLR189C,2421
YLR190W,2110
YLR191W,1386
YLR192C,3142
YLR193C,1161
YLR194C,5725
YLR195C,2293
YLR196W,4790
YLR197W,7928
YLR198C,264
YLR199C,2075
YLR200W,1562
YLR201C,2305
YLR202C,829
YLR203C,4515
YLR204W,1869
YLR205C,1886
YLR206W,7373
YLR207W,2234
YLR208W,2982
YLR209C,2085
YLR210W,942
YLR211C,670
YLR212C,2561
YLR213C,321
YLR214W,8209
YLR215C,1056
YLR216C,4554
YLR217W,0
YLR218C,276
YLR219W,2687
YLR220W,2718
YLR221C,1766
YLR222C,3543
YLR222C-A,10
YLR223C,2521
YLR224W,3135
YLR225C,1768
YLR226W,1395
YLR227C,847
YLR227W-B,6826
YLR227W-A,1483
YLR228C,2019
YLR229C,3375
YLR230W,5
YLR231C,1987
YLR232W,27
YLR233C,1414
YLR234W,1024
YLR235C,26
YLR236C,62
YLR237W,3674
YLR238W,1069
YLR239C,974
YLR240W,2154
YLR241W,4187
YLR242C,850
YLR243W,1661
YLR244C,3013
YLR245C,486
YLR246W,2140
YLR247C,4126
YLR248W,3914
YLR249W,55213
YLR250W,2109
YLR251W,2025
YLR252W,825
YLR253W,2326
YLR254C,929
YLR255C,80
YLR256W,3614
YLR256W-A,700
YLR257W,7171
YLR258W,9669
YLR259C,13119
YLR260W,1391
YLR261C,1221
YLR262C,1521
YLR262C-A,924
YLR263W,1337
YLR264W,2661
YLR264C-A,9
YLR265C,1158
YLR266C,2445
YLR267W,546
YLR268W,2084
YLR269C,11
YLR270W,1957
YLR271W,717
YLR272C,2665
YLR273C,1075
YLR274W,3121
YLR275W,1145
YLR276C,4415
YLR277C,1842
YLR278C,5221
YLR279W,17
YLR280C,358
YLR281C,375
YLR282C,7
YLR283W,825
YLR284C,584
YLR285W,1684
YLR285C-A,249
YLR286C,23890
YLR286W-A,178
YLR287C,1865
YLR287C-A,4607
YLR288C,1685
YLR289W,1170
YLR290C,770
YLR291C,3191
YLR292C,2631
YLR293C,6540
YLR294C,1964
YLR295C,2918
YLR296W,289
YLR297W,1796
YLR298C,1051
YLR299W,2958
YLR299C-A,7
YLR300W,26698
YLR301W,1344
YLR302C,22
YLR303W,12926
YLR304C,22164
YLR305C,7101
YLR306W,701
YLR307W,88
YLR307C-A,93
YLR308W,11
YLR309C,1520
YLR310C,7687
YLR311C,64
YLR312C,649
YLR312W-A,2015
YLR313C,1003
YLR314C,2785
YLR315W,1043
YLR316C,581
YLR317W,1150
YLR318W,2179
YLR319C,1641
YLR320W,1841
YLR321C,1886
YLR322W,25
YLR323C,677
YLR324W,1417
YLR325C,6446
YLR326W,1024
YLR327C,5529
YLR328W,1560
YLR329W,101
YLR330W,4263
YLR331C,11
YLR332W,7951
YLR333C,3561
YLR334C,11
YLR335W,3425
YLR336C,1948
YLR337C,5045
YLR338W,33
YLR339C,2
YLR340W,20078
YLR341W,108
YLR342W,38648
YLR342W-A,193
YLR343W,502
YLR344W,5779
YLR345W,2214
YLR346C,101
YLR347C,8472
YLR347W-A,4
YLR348C,3056
YLR349W,89
YLR350W,4998
YLR351C,1580
YLR352W,1147
YLR353W,1968
YLR354C,4530
YLR355C,32101
YLR356W,2405
YLR357W,2653
YLR358C,7
YLR359W,3005
YLR360W,1849
YLR361C,1865
YLR361C-A,349
YLR362W,1390
YLR363C,1323
YLR363W-A,629
YLR364W,511
YLR365W,42
YLR364C-A,0
YLR366W,201
YLR367W,4694
YLR368W,1628
YLR369W,1767
YLR370C,4069
YLR371W,4780
YLR372W,6590
YLR373C,3122
YLR374C,215
YLR375W,4161
YLR376C,852
YLR377C,140
YLR378C,9027
YLR379W,8
YLR380W,3273
YLR381W,2666
YLR382C,2039
YLR383W,1949
YLR384C,8543
YLR385C,506
YLR386W,2142
YLR387C,2831
YLR388W,3000
YLR389C,4578
YLR390W,1505
YLR390W-A,18982
YLR392C,1011
YLR393W,1329
YLR394W,1326
YLR395C,2096
YLR396C,1266
YLR397C,2915
YLR399C,3969
YLR399W-A,0
YLR400W,46
YLR401C,2637
YLR402W,364
YLR403W,4419
YLR404W,947
YLR405W,1299
YLR406C,5198
YLR406C-A,17
YLR407W,2162
YLR408C,296
YLR409C,3938
YLR410W,3099
YLR410W-B,8950
YLR410W-A,2742
YLR411W,321
YLR412W,2021
YLR412C-A,188
YLR413W,12179
YLR414C,4396
YLR415C,292
YLR416C,132
YLR417W,1043
YLR418C,1092
YLR419W,2612
YLR420W,1994
YLR421C,2195
YLR422W,3159
YLR423C,561
YLR424W,791
YLR425W,1887
YLR426W,1524
YLR427W,1551
YLR428C,46
YLR429W,5213
YLR430W,6112
YLR431C,880
YLR432W,7867
YLR433C,2054
YLR434C,150
YLR435W,2055
YLR436C,4455
YLR437C,2908
YLR437C-A,29
YLR438W,2652
YLR438C-A,1077
YLR439W,2050
YLR440C,1188
YLR441C,10068
YLR442C,1237
YLR443W,2534
YLR444C,33
YLR445W,8
YLR446W,1464
YLR447C,4361
YLR448W,6627
YLR449W,4158
YLR450W,5297
YLR451W,2402
YLR452C,3754
YLR453C,713
YLR455W,1588
YLR456W,489
YLR457C,723
YLR458W,4
YLR459W,3154
YLR460C,444
YLR461W,108
YLR462W,375
YLR463C,83
YLR464W,1054
YLR465C,68
YLR466W,2736
YLR466C-A,32
YLR466C-B,164
YLR467W,301
YLR467C-A,0
YNL271C,4735
YNL201C,1861
YNL124W,3660
YNR016C,25810
YNL339C,1998
YNL339W-B,5
YNL339W-A,0
YNL338W,58
YNL337W,5
YNL336W,1531
YNL335W,100
YNL334C,277
YNL333W,172
YNL332W,547
YNL331C,1296
YNL330C,2364
YNL329C,4605
YNL328C,766
YNL327W,23983
YNL326C,1075
YNL325C,1005
YNL324W,15
YNL323W,1533
YNL322C,8756
YNL321W,6104
YNL320W,1286
YNL319W,64
YNL318C,18
YNL317W,1261
YNL316C,1388
YNL315C,1588
YNL314W,1035
YNL313C,3819
YNL312W,1511
YNL311C,1487
YNL310C,1062
YNL309W,2348
YNL308C,1974
YNL307C,6482
YNL306W,2005
YNL305C,3115
YNL304W,639
YNL303W,186
YNL302C,5206
YNL301C,3598
YNL300W,7027
YNL299W,1376
YNL298W,2775
YNL297C,4653
YNL296W,1
YNL295W,1237
YNL294C,4660
YNL293W,1051
YNL292W,999
YNL291C,2695
YNL290W,1632
YNL289W,4734
YNL288W,4962
YNL287W,8194
YNL286W,858
YNL285W,61
YNL284C-B,10049
YNL284C-A,1931
YNL284C,1955
YNL283C,6291
YNL282W,758
YNL281W,3685
YNL280C,3826
YNL279W,484
YNL278W,1910
YNL277W-A,170
YNL277W,1585
YNL276C,457
YNL275W,1577
YNL274C,1672
YNL273W,1860
YNL272C,1939
YNL270C,631
YNL269W,52
YNL268W,6733
YNL267W,3889
YNL266W,4
YNL265C,826
YNL264C,948
YNL263C,5016
YNL262W,3944
YNL261W,2071
YNL260C,1484
YNL259C,180
YNL258C,1712
YNL257C,3024
YNL256W,3093
YNL255C,5024
YNL254C,864
YNL253W,790
YNL252C,1246
YNL251C,5971
YNL250W,1155
YNL249C,1171
YNL248C,3610
YNL247W,4794
YNL246W,1313
YNL245C,782
YNL244C,3853
YNL243W,5368
YNL242W,1530
YNL241C,8571
YNL240C,2993
YNL239W,3295
YNL238W,3592
YNL237W,290
YNL236W,3040
YNL235C,2
YNL234W,495
YNL233W,2403
YNL232W,2686
YNL231C,3202
YNL230C,1413
YNL229C,2457
YNL228W,37
YNL227C,1355
YNL226W,3
YNL225C,1005
YNL224C,1326
YNL223W,663
YNL222W,1290
YNL221C,3672
YNL220W,2515
YNL219C,5254
YNL218W,961
YNL217W,1792
YNL216W,2253
YNL215W,274
YNL214W,714
YNL213C,1376
YNL212W,2688
YNL211C,458
YNL210W,3
YNL209W,19384
YNL208W,3810
YNL207W,2575
YNL206C,1373
YNL205C,175
YNL204C,430
YNL203C,365
YNL202W,406
YNL200C,2140
YNL199C,3037
YNL198C,364
YNL197C,8670
YNL196C,45
YNL195C,277
YNL194C,382
YNL193W,1072
YNL192W,7658
YNL191W,1364
YNL190W,15708
YNL189W,6059
YNL188W,1147
YNL187W,1305
YNL186W,3648
YNL185C,2196
YNL184C,706
YNL183C,4016
YNL182C,2854
YNL181W,1231
YNL180C,3353
YNL179C,655
YNL178W,10099
YNL177C,2410
YNL176C,7082
YNL175C,1743
YNL174W,6
YNL173C,1535
YNL172W,3958
YNL171C,4
YNL170W,119
YNL169C,3556
YNL168C,2068
YNL167C,3441
YNL166C,1863
YNL165W,933
YNL164C,1003
YNL163C,2655
YNL162W-A,427
YNL162W,3138
YNL161W,3929
YNL160W,13972
YNL159C,2118
YNL158W,1189
YNL157W,2279
YNL156C,2540
YNL155W,1622
YNL154C,4094
YNL153C,1653
YNL152W,1533
YNL151C,1175
YNL150W,10
YNL149C,1841
YNL148C,742
YNL147W,791
YNL146C-A,26
YNL146W,428
YNL145W,291
YNL144C,1468
YNL144W-A,0
YNL143C,3223
YNL142W,3742
YNL141W,3627
YNL140C,703
YNL139C,3530
YNL138W-A,650
YNL138W,3642
YNL137C,3314
YNL136W,489
YNL135C,4874
YNL134C,6008
YNL133C,548
YNL132W,4520
YNL131W,3511
YNL130C,4738
YNL130C-A,9
YNL129W,792
YNL128W,299
YNL127W,2042
YNL126W,1771
YNL125C,6916
YNL123W,4188
YNL122C,878
YNL121C,5141
YNL120C,15
YNL119W,1410
YNL118C,3995
YNL117W,130
YNL116W,2497
YNL115C,2097
YNL114C,105
YNL113W,1993
YNL112W,5950
YNL111C,2331
YNL110C,2308
YNL109W,227
YNL108C,1294
YNL107W,626
YNL106C,1809
YNL105W,3
YNL104C,23776
YNL103W-A,2
YNL103W,3667
YNL102W,3305
YNL101W,5974
YNL100W,1762
YNL099C,1525
YNL098C,3256
YNL097C-B,76
YNL097C,1020
YNL097W-A,66
YNL096C,5411
YNL095C,679
YNL094W,3923
YNL093W,84
YNL092W,349
YNL091W,3718
YNL090W,1305
YNL089C,8
YNL088W,3911
YNL087W,3576
YNL086W,640
YNL085W,7307
YNL084C,1667
YNL083W,1193
YNL082W,1405
YNL081C,1825
YNL080C,3198
YNL079C,4128
YNL078W,2189
YNL077W,956
YNL076W,2638
YNL075W,1864
YNL074C,5864
YNL073W,1556
YNL072W,1029
YNL071W,6307
YNL070W,2305
YNL069C,12734
YNL068C,3304
YNL067W-A,24
YNL067W-B,3
YNL067W,2162
YNL066W,9735
YNL065W,5528
YNL064C,7606
YNL063W,1399
YNL062C,2185
YNL061W,4249
YNL059C,2383
YNL058C,3120
YNL057W,229
YNL056W,1807
YNL055C,13351
YNL054W-A,2454
YNL054W,2849
YNL053W,2458
YNL052W,5653
YNL051W,1428
YNL050C,1007
YNL049C,3605
YNL048W,1752
YNL047C,2362
YNL046W,4674
YNL045W,5899
YNL044W,3791
YNL043C,29
YNL042W-B,56
YNL042W,1017
YNL041C,2312
YNL040W,2064
YNL039W,1607
YNL038W,1431
YNL037C,6225
YNL036W,3082
YNL035C,1120
YNL034W,78
YNL033W,96
YNL032W,2084
YNL031C,6005
YNL030W,6874
YNL029C,1071
YNL028W,5
YNL027W,1933
YNL026W,2263
YNL025C,1741
YNL024C-A,1184
YNL024C,284
YNL023C,1317
YNL022C,2136
YNL021W,2146
YNL020C,1354
YNL019C,33
YNL018C,71
YNL017C,2
YNL016W,6676
YNL015W,2667
YNL014W,1057
YNL013C,2
YNL012W,456
YNL011C,1316
YNL010W,1460
YNL009W,366
YNL008C,1720
YNL007C,6192
YNL006W,2900
YNL005C,2094
YNL004W,4066
YNL003C,2017
YNL002C,3265
YNL001W,1061
YNR001C,7522
YNR001W-A,5
YNR002C,611
YNR003C,1618
YNR003W-A,1
YNR004W,162
YNR005C,1
YNR006W,2397
YNR007C,834
YNR008W,1998
YNR009W,2106
YNR010W,503
YNR011C,1766
YNR012W,2335
YNR013C,9550
YNR014W,1472
YNR015W,1931
YNR017W,3977
YNR018W,1774
YNR019W,4682
YNR020C,466
YNR021W,3453
YNR022C,1341
YNR023W,1584
YNR024W,658
YNR025C,41
YNR026C,1601
YNR027W,1468
YNR028W,1690
YNR029C,1392
YNR030W,4687
YNR031C,2687
YNR032W,1911
YNR032C-A,467
YNR033W,3349
YNR034W,1361
YNR034W-A,1351
YNR035C,3618
YNR036C,3498
YNR037C,858
YNR038W,2490
YNR039C,2074
YNR040W,880
YNR041C,2415
YNR042W,20
YNR043W,5740
YNR044W,3547
YNR045W,1069
YNR046W,3858
YNR047W,2926
YNR048W,809
YNR049C,1021
YNR050C,4494
YNR051C,2884
YNR052C,3189
YNR053C,4538
YNR054C,1123
YNR055C,5525
YNR056C,349
YNR057C,623
YNR058W,1220
YNR059W,1735
YNR060W,323
YNR061C,1639
YNR062C,54
YNR063W,668
YNR064C,74
YNR065C,2931
YNR066C,1395
YNR067C,12988
YNR068C,483
YNR069C,1111
YNR070W,3
YNR071C,1
YNR072W,0
YNR073C,201
YNR074C,3
YNR075W,1565
YNR075C-A,1
YNR076W,1
YNR077C,1
YPL222W,1173
YPL153C,1177
YPL085W,6352
YPL016W,2172
YPR045C,2058
YPR123C,46
YPR124W,5922
YPR190C,2243
YPL283C,127
YPL283W-B,2
YPL283W-A,0
YPL282C,20
YPL281C,385
YPL280W,55
YPL279C,2829
YPL278C,144
YPL277C,589
YPL274W,4453
YPL273W,3499
YPL272C,1219
YPL271W,3642
YPL270W,1986
YPL269W,832
YPL268W,1534
YPL267W,801
YPL266W,2152
YPL265W,8235
YPL264C,805
YPL263C,2607
YPL262W,4948
YPL261C,11
YPL260W,3634
YPL259C,1478
YPL258C,1647
YPL257W-B,3073
YPL257W-A,955
YPL257W,718
YPL256C,8667
YPL255W,1120
YPL254W,1380
YPL253C,891
YPL252C,1850
YPL251W,5
YPL250C,5069
YPL249C-A,6335
YPL250W-A,11
YPL249C,1229
YPL248C,588
YPL247C,3106
YPL246C,4000
YPL245W,930
YPL244C,2975
YPL243W,3592
YPL242C,4051
YPL241C,914
YPL240C,7008
YPL239W,2428
YPL238C,45
YPL237W,3442
YPL236C,1365
YPL235W,2738
YPL234C,2870
YPL233W,1090
YPL232W,3315
YPL231W,36050
YPL230W,1814
YPL229W,2644
YPL228W,1586
YPL227C,1017
YPL226W,8697
YPL225W,3586
YPL224C,1844
YPL223C,256
YPL222C-A,46
YPL221W,6421
YPL220W,8948
YPL219W,1140
YPL218W,4371
YPL217C,3404
YPL216W,1226
YPL215W,1864
YPL214C,1891
YPL213W,1473
YPL212C,2166
YPL211W,1861
YPL210C,3601
YPL209C,404
YPL208W,1288
YPL207W,3574
YPL206C,2255
YPL205C,37
YPL204W,4662
YPL203W,1547
YPL202C,1755
YPL201C,68
YPL200W,10
YPL199C,1096
YPL198W,4722
YPL197C,36
YPL196W,1045
YPL195W,3048
YPL194W,670
YPL193W,1626
YPL192C,37
YPL191C,533
YPL190C,4402
YPL189C-A,1973
YPL189W,433
YPL188W,2921
YPL187W,11057
YPL186C,859
YPL185W,70
YPL184C,3632
YPL183W-A,1815
YPL183C,3864
YPL182C,5
YPL181W,1865
YPL180W,1699
YPL179W,8254
YPL178W,1477
YPL177C,4210
YPL176C,3721
YPL175W,2042
YPL174C,1720
YPL173W,1206
YPL172C,1920
YPL171C,831
YPL170W,2002
YPL169C,2944
YPL168W,696
YPL167C,1631
YPL166W,670
YPL165C,17
YPL164C,969
YPL163C,8394
YPL162C,1389
YPL161C,1182
YPL160W,11195
YPL159C,1658
YPL158C,2881
YPL157W,1214
YPL156C,445
YPL155C,1643
YPL154C,12100
YPL152W-A,81
YPL152W,1428
YPL151C,1646
YPL150W,2462
YPL149W,1526
YPL148C,1632
YPL147W,846
YPL146C,1662
YPL145C,9363
YPL144W,1088
YPL143W,6338
YPL142C,1
YPL141C,3852
YPL140C,1677
YPL139C,888
YPL138C,1122
YPL137C,3819
YPL136W,18
YPL135W,6221
YPL135C-A,5
YPL134C,1135
YPL133C,1272
YPL132W,958
YPL131W,20634
YPL130W,12
YPL129W,2917
YPL128C,3829
YPL127C,1469
YPL126W,6883
YPL125W,3132
YPL124W,517
YPL123C,866
YPL122C,1051
YPL121C,9
YPL120W,762
YPL119C-A,110
YPL119C,597
YPL118W,2963
YPL117C,4674
YPL116W,2634
YPL115C,2898
YPL114W,417
YPL113C,328
YPL112C,2256
YPL111W,7014
YPL110C,2692
YPL109C,796
YPL108W,477
YPL107W,879
YPL106C,14181
YPL105C,3993
YPL104W,1261
YPL103C,1486
YPL102C,7
YPL101W,1914
YPL100W,900
YPL099C,904
YPL098C,2366
YPL097W,1309
YPL096C-A,814
YPL096W,795
YPL095C,1195
YPL094C,3730
YPL093W,7372
YPL092W,2227
YPL091W,3252
YPL090C,9857
YPL089C,4945
YPL088W,1986
YPL087W,2461
YPL086C,1719
YPL084W,2965
YPL083C,1317
YPL082C,3974
YPL081W,6737
YPL080C,12
YPL079W,4939
YPL078C,2726
YPL077C,536
YPL076W,1726
YPL075W,4413
YPL074W,1806
YPL073C,9
YPL072W,1409
YPL071C,1106
YPL070W,1827
YPL069C,1125
YPL068C,1806
YPL067C,1933
YPL066W,5998
YPL065W,754
YPL064C,1790
YPL063W,3786
YPL062W,15
YPL061W,13633
YPL060W,575
YPL059W,1822
YPL058C,9957
YPL057C,4970
YPL056C,424
YPL055C,1334
YPL054W,397
YPL053C,2639
YPL052W,825
YPL051W,676
YPL050C,4340
YPL049C,3481
YPL048W,6250
YPL047W,1435
YPL046C,781
YPL045W,1623
YPL044C,19
YPL043W,3067
YPL042C,975
YPL041C,747
YPL040C,1605
YPL039W,762
YPL038W-A,86
YPL038W,851
YPL037C,4349
YPL036W,1031
YPL035C,6
YPL034W,650
YPL033C,8
YPL032C,6358
YPL031C,2473
YPL030W,1123
YPL029W,985
YPL028W,9246
YPL027W,30
YPL026C,3622
YPL025C,274
YPL024W,1664
YPL023C,2678
YPL022W,4452
YPL021W,8
YPL020C,1449
YPL019C,2063
YPL018W,1200
YPL017C,779
YPL015C,4116
YPL014W,3433
YPL013C,1299
YPL012W,6795
YPL011C,2092
YPL010W,3090
YPL009C,1364
YPL008W,1897
YPL007C,1274
YPL006W,5115
YPL005W,741
YPL004C,6797
YPL003W,1222
YPL002C,1011
YPL001W,980
YPR001W,328
YPR002W,912
YPR002C-A,14
YPR003C,1799
YPR004C,2789
YPR005C,1539
YPR006C,921
YPR007C,416
YPR008W,2981
YPR009W,396
YPR010C,15321
YPR010C-A,1692
YPR011C,891
YPR012W,12
YPR013C,1253
YPR014C,2
YPR015C,263
YPR016C,6812
YPR016W-A,1
YPR017C,791
YPR018W,1291
YPR019W,3784
YPR020W,1589
YPR021C,1686
YPR022C,3750
YPR023C,2158
YPR024W,7062
YPR025C,1464
YPR026W,2409
YPR027C,44
YPR028W,4955
YPR029C,3535
YPR030W,1574
YPR031W,1065
YPR032W,2142
YPR033C,5520
YPR034W,2142
YPR035W,8192
YPR036W,5038
YPR036W-A,12053
YPR037C,649
YPR038W,10
YPR039W,278
YPR040W,1314
YPR041W,4385
YPR042C,3484
YPR043W,5370
YPR044C,0
YPR046W,748
YPR047W,954
YPR048W,1978
YPR049C,1434
YPR050C,7
YPR051W,1060
YPR052C,3790
YPR053C,3238
YPR054W,26
YPR055W,2099
YPR056W,1491
YPR057W,1159
YPR058W,2272
YPR059C,29
YPR060C,1839
YPR061C,319
YPR062W,1847
YPR063C,3015
YPR064W,39
YPR065W,5100
YPR066W,482
YPR067W,1519
YPR068C,516
YPR069C,2683
YPR070W,1829
YPR071W,1219
YPR072W,3877
YPR073C,1314
YPR074C,18942
YPR074W-A,5
YPR075C,1762
YPR076W,100
YPR077C,93
YPR078C,97
YPR079W,1050
YPR080W,26471
YPR081C,1654
YPR082C,1218
YPR083W,921
YPR084W,2051
YPR085C,1794
YPR086W,1313
YPR087W,6
YPR088C,2995
YPR089W,3492
YPR091C,2432
YPR092W,50
YPR093C,755
YPR094W,514
YPR095C,1636
YPR096C,160
YPR097W,3355
YPR098C,1300
YPR099C,94
YPR100W,1397
YPR101W,943
YPR102C,6602
YPR103W,3049
YPR104C,2012
YPR105C,2609
YPR106W,1925
YPR107C,1099
YPR108W,4113
YPR108W-A,5
YPR109W,1057
YPR110C,4346
YPR111W,1574
YPR112C,3180
YPR113W,4953
YPR114W,4122
YPR115W,3840
YPR116W,273
YPR117W,3346
YPR118W,2311
YPR119W,2403
YPR120C,1130
YPR121W,999
YPR122W,2753
YPR125W,2003
YPR126C,2
YPR127W,1038
YPR128C,1163
YPR129W,2718
YPR130C,38
YPR131C,1471
YPR132W,5964
YPR133C,1971
YPR133W-A,2218
YPR134W,703
YPR135W,2381
YPR136C,6
YPR137W,3222
YPR137C-B,4672
YPR137C-A,2989
YPR138C,3937
YPR139C,1776
YPR140W,1386
YPR141C,1192
YPR142C,2
YPR143W,1206
YPR144C,3666
YPR145W,18413
YPR145C-A,83
YPR146C,245
YPR147C,1961
YPR148C,3256
YPR149W,7383
YPR150W,85
YPR151C,263
YPR152C,446
YPR153W,904
YPR154W,5319
YPR155C,1457
YPR156C,3996
YPR157W,1176
YPR158W,1909
YPR158W-B,5890
YPR158W-A,1859
YPR158C-D,12191
YPR158C-C,2017
YPR159W,10064
YPR159C-A,2
YPR160W,11125
YPR160W-A,469
YPR160C-A,40
YPR161C,2621
YPR162C,1550
YPR163C,5465
YPR164W,4023
YPR165W,4827
YPR166C,743
YPR167C,1082
YPR168W,485
YPR169W,3285
YPR170C,32
YPR170W-B,2416
YPR169W-A,1801
YPR170W-A,1876
YPR171W,1291
YPR172W,928
YPR173C,3054
YPR174C,705
YPR175W,1464
YPR176C,2776
YPR177C,7
YPR178W,1185
YPR179C,1097
YPR180W,1007
YPR181C,12958
YPR182W,1286
YPR183W,5958
YPR184W,6409
YPR185W,1606
YPR186C,796
YPR187W,3617
YPR188C,1125
YPR189W,2475
YPR191W,4795
YPR192W,100
YPR193C,328
YPR194C,2297
YPR195C,361
YPR196W,1385
YPR197C,39
YPR198W,3006
YPR199C,1793
YPR200C,279
YPR201W,435
YPR202W,476
YPR203W,414
YPR204W,1004
YPR204C-A,0
YHR013C,1829
YHR147C,2106
YHL050C,1416
YHL050W-A,25
YHL049C,118
YHL048C-A,34
YHL048W,3286
YHL047C,4210
YHL046W-A,2
YHL046C,67
YHL045W,44
YHL044W,467
YHL043W,42
YHL042W,453
YHL041W,16
YHL040C,3583
YHL039W,2213
YHL038C,1380
YHL037C,93
YHL036W,2080
YHL035C,6582
YHL034W-A,5
YHL034C,3574
YHL033C,4488
YHL032C,2727
YHL031C,1609
YHL030W-A,19
YHL030W,4227
YHL029C,4189
YHL028W,1555
YHL027W,4083
YHL026C,1655
YHL025W,1374
YHL024W,3783
YHL023C,2651
YHL022C,136
YHL021C,4832
YHL020C,1689
YHL019W-A,36
YHL019C,1252
YHL018W,498
YHL017W,2562
YHL016C,3044
YHL015W-A,1
YHL015W,7067
YHL014C,691
YHL013C,953
YHL012W,79
YHL011C,4427
YHL010C,862
YHL009C,871
YHL009W-B,2889
YHL009W-A,91
YHL008C,567
YHL007C,4249
YHL006W-A,15
YHL006C,292
YHL005C,28
YHL004W,2755
YHL003C,3404
YHL002C-A,44
YHL002W,2306
YHL001W,5493
YHR001W,1859
YHR001W-A,2050
YHR002W,691
YHR003C,1573
YHR004C,936
YHR005C,2792
YHR005C-A,2321
YHR006W,3231
YHR007C,13051
YHR007C-A,149
YHR008C,3152
YHR009C,4526
YHR010W,6041
YHR011W,643
YHR012W,2186
YHR014W,92
YHR015W,187
YHR016C,1780
YHR017W,1578
YHR018C,7837
YHR019C,11762
YHR020W,7517
YHR021C,5355
YHR021W-A,2
YHR022C,912
YHR022C-A,57
YHR023W,4168
YHR024C,2208
YHR025W,11723
YHR026W,5321
YHR027C,9124
YHR028C,4740
YHR028W-A,20
YHR029C,692
YHR030C,6010
YHR031C,1102
YHR032W,2979
YHR032W-A,298
YHR032C-A,4
YHR033W,3152
YHR034C,425
YHR035W,519
YHR036W,1167
YHR037W,4271
YHR038W,431
YHR039C,9996
YHR039C-A,2286
YHR040W,698
YHR041C,1262
YHR042W,8186
YHR043C,1362
YHR044C,574
YHR045W,1743
YHR046C,1459
YHR047C,4206
YHR048W,1965
YHR049W,3759
YHR049C-A,16
YHR050W,5065
YHR050W-A,1026
YHR051W,2377
YHR052W,3480
YHR052W-A,12
YHR053C,2574
YHR054C,855
YHR054W-A,322
YHR055C,262
YHR056C,2062
YHR056W-A,145
YHR057C,1055
YHR058C,936
YHR059W,898
YHR060W,794
YHR061C,1642
YHR062C,1248
YHR063C,2547
YHR063W-A,0
YHR064C,7730
YHR065C,2728
YHR066W,2451
YHR067W,1229
YHR068W,3683
YHR069C,2125
YHR069C-A,114
YHR070W,2557
YHR070C-A,6
YHR071W,2829
YHR071C-A,107
YHR072W,6332
YHR072W-A,2399
YHR073W,5047
YHR073W-A,726
YHR073C-B,1
YHR074W,5602
YHR075C,997
YHR076W,1728
YHR077C,3691
YHR078W,3300
YHR079C,1863
YHR079C-A,5
YHR080C,3851
YHR081W,1018
YHR082C,5523
YHR083W,1804
YHR084W,3207
YHR085W,688
YHR086W,3495
YHR086W-A,9
YHR087W,1691
YHR088W,1706
YHR089C,3362
YHR090C,998
YHR091C,2171
YHR092C,7292
YHR093W,586
YHR094C,2102
YHR095W,1235
YHR096C,346
YHR097C,1668
YHR098C,7168
YHR099W,10770
YHR100C,774
YHR101C,1117
YHR102W,3092
YHR103W,3468
YHR104W,4330
YHR105W,654
YHR106W,1299
YHR107C,2220
YHR108W,4825
YHR109W,848
YHR110W,1485
YHR111W,1027
YHR112C,1891
YHR113W,2799
YHR114W,2027
YHR115C,4859
YHR116W,841
YHR117W,2869
YHR118C,838
YHR119W,4248
YHR120W,1363
YHR121W,1615
YHR122W,772
YHR123W,3370
YHR124W,141
YHR125W,0
YHR126C,1
YHR127W,939
YHR128W,6101
YHR129C,875
YHR130C,66
YHR131C,1931
YHR131W-A,4
YHR132C,3444
YHR132W-A,1136
YHR133C,2303
YHR134W,1199
YHR135C,4648
YHR136C,67
YHR137W,8063
YHR137C-A,2
YHR138C,1092
YHR139C,166
YHR139C-A,6
YHR140W,78
YHR141C,4997
YHR142W,4412
YHR143W,11181
YHR143W-A,1600
YHR144C,1159
YHR145C,48
YHR146W,2156
YHR148W,1498
YHR149C,2560
YHR150W,1242
YHR151C,2579
YHR152W,1414
YHR153C,400
YHR154W,2423
YHR155W,2792
YHR156C,513
YHR157W,320
YHR158C,3927
YHR159W,940
YHR160C,51
YHR161C,3968
YHR162W,5578
YHR163W,3311
YHR164C,1302
YHR165C,6095
YHR165W-A,8
YHR166C,792
YHR167W,593
YHR168W,776
YHR169W,1691
YHR170W,5838
YHR171W,875
YHR172W,1217
YHR173C,22
YHR174W,41772
YHR175W,2314
YHR175W-A,624
YHR176W,604
YHR177W,1140
YHR178W,860
YHR179W,4269
YHR180W,479
YHR180W-A,5
YHR180C-B,1
YHR181W,1582
YHR182W,1351
YHR182C-A,4
YHR183W,14662
YHR184W,108
YHR185C,4
YHR186C,3837
YHR187W,1221
YHR188C,5043
YHR189W,845
YHR190W,6767
YHR191C,956
YHR192W,940
YHR193C,4549
YHR193C-A,55
YHR194W,2380
YHR195W,1878
YHR196W,2792
YHR197W,2570
YHR198C,1297
YHR199C,2883
YHR199C-A,940
YHR200W,2502
YHR201C,2062
YHR202W,609
YHR203C,9974
YHR204W,6868
YHR205W,7909
YHR206W,3886
YHR207C,1064
YHR208W,16691
YHR209W,2120
YHR210C,590
YHR211W,5992
YHR212C,95
YHR212W-A,29
YHR213W,176
YHR213W-A,23
YHR213W-B,9
YHR214W,117
YHR214W-A,206
YHR214C-B,14859
YHR214C-C,2933
YHR214C-D,0
YHR214C-E,3
YHR215W,1417
YHR216W,2707
YHR217C,148
YHR218W,85
YHR218W-A,26
YHR219W,260
YHR219C-A,0
YML071C,873
YML004C,3590
YMR061W,2039
YMR128W,2825
YMR196W,4018
YMR259C,3467
YML133C,474
YML133W-B,13
YML133W-A,0
YML132W,184
YML131W,1682
YML130C,4855
YML129C,1484
YML128C,2912
YML127W,3053
YML126C,6371
YML125C,1763
YML124C,3681
YML123C,910
YML122C,41
YML121W,1361
YML120C,3930
YML119W,1370
YML118W,621
YML117W,8361
YML116W-A,692
YML116W,3118
YML115C,2716
YML114C,2048
YML113W,2670
YML112W,1389
YML111W,3177
YML110C,2291
YML109W,1672
YML108W,1128
YML107C,919
YML106W,5154
YML105C,1461
YML104C,2720
YML103C,7508
YML102W,1499
YML101C-A,306
YML101C,1212
YML100W-A,164
YML100W,14452
YML099W-A,4
YML099C,3373
YML098W,933
YML097C,1618
YML096W,1314
YML095C,624
YML094C-A,13
YML094W,1205
YML093W,3110
YML092C,2927
YML091C,4917
YML090W,26
YML089C,74
YML088W,1737
YML087C,329
YML086C,4603
YML085C,4585
YML084W,68
YML083C,75
YML082W,1919
YML081C-A,2130
YML081W,5075
YML080W,1419
YML079W,1391
YML078W,2039
YML077W,916
YML076C,2783
YML075C,11171
YML074C,2257
YML073C,6784
YML072C,10511
YML070W,3691
YML069W,2764
YML068W,1149
YML067C,2081
YML066C,9
YML065W,1246
YML064C,1651
YML063W,10601
YML062C,841
YML061C,1750
YML060W,924
YML059C,9316
YML058W-A,47
YML058W,5897
YML057C-A,74
YML057W,4310
YML056C,13145
YML055W,1750
YML054C,848
YML054C-A,5
YML053C,880
YML052W,9910
YML051W,2377
YML050W,739
YML049C,4779
YML048W,6096
YML047W-A,2
YML047C,19
YML046W,1405
YML045W,961
YML045W-A,195
YML043C,1373
YML042W,1233
YML041C,875
YML039W,3122
YML040W,713
YML038C,3478
YML037C,568
YML036W,636
YML035C,3622
YML034C-A,35
YML034W,2090
YML032C,2670
YML031C-A,0
YML031W,3366
YML030W,1220
YML029W,2564
YML028W,8827
YML027W,3480
YML026C,6705
YML025C,2362
YML024W,5047
YML023C,2720
YML022W,3203
YML021C,1219
YML020W,1647
YML019W,1894
YML018C,2533
YML017W,2421
YML016C,5844
YML015C,1239
YML014W,890
YML013W,2487
YML012C-A,42
YML012W,3662
YML011C,748
YML010W,4252
YML009W-B,951
YML009C-A,0
YML009C,1226
YML008C,6151
YML007C-A,31
YML007W,4608
YML006C,1897
YML005W,1268
YML003W,863
YML002W,1502
YML001W,1741
YMR001C,3524
YMR001C-A,44
YMR002W,3769
YMR003W,672
YMR004W,1491
YMR005W,2357
YMR006C,1505
YMR007W,76
YMR008C,7163
YMR009W,2067
YMR010W,2323
YMR011W,12173
YMR012W,10274
YMR013C,2237
YMR013C-A,387
YMR013W-A,312
YMR014W,1484
YMR015C,7290
YMR016C,5079
YMR017W,90
YMR018W,157
YMR019W,2510
YMR020W,1187
YMR021C,1359
YMR022W,2587
YMR023C,776
YMR024W,3009
YMR025W,342
YMR026C,1036
YMR027W,2760
YMR028W,844
YMR029C,1727
YMR030W,616
YMR031C,3028
YMR031W-A,3
YMR032W,1421
YMR030W-A,16
YMR033W,2430
YMR034C,506
YMR035W,483
YMR036C,906
YMR037C,5213
YMR038C,2691
YMR039C,1537
YMR040W,247
YMR041C,1292
YMR042W,1574
YMR043W,4459
YMR044W,833
YMR045C,10443
YMR046C,7680
YMR046W-A,18
YMR047C,4567
YMR048W,844
YMR049C,4620
YMR050C,4377
YMR051C,929
YMR052W,362
YMR052C-A,66
YMR053C,784
YMR054W,5747
YMR055C,2169
YMR056C,1104
YMR057C,17
YMR058W,10686
YMR059W,550
YMR060C,538
YMR062C,3382
YMR063W,860
YMR064W,2748
YMR065W,1441
YMR066W,1444
YMR067C,1827
YMR068W,627
YMR069W,334
YMR070W,2330
YMR071C,1276
YMR072W,2561
YMR073C,1093
YMR074C,1366
YMR075W,1566
YMR075C-A,8
YMR076C,2895
YMR077C,726
YMR078C,1512
YMR079W,4262
YMR080C,7876
YMR081C,1474
YMR082C,15
YMR083W,8246
YMR084W,343
YMR085W,582
YMR086W,2539
YMR086C-A,167
YMR087W,712
YMR088C,1460
YMR089C,3648
YMR090W,1214
YMR091C,1596
YMR092C,4047
YMR093W,3929
YMR094W,966
YMR095C,268
YMR096W,1642
YMR097C,1041
YMR098C,1715
YMR099C,2537
YMR100W,3378
YMR101C,99
YMR102C,2113
YMR103C,565
YMR104C,4107
YMR105C,4766
YMR105W-A,41
YMR106C,775
YMR107W,140
YMR108W,17260
YMR109W,5123
YMR110C,2526
YMR111C,988
YMR112C,780
YMR113W,945
YMR114C,1278
YMR115W,1612
YMR116C,16245
YMR117C,869
YMR118C,47
YMR119W,2973
YMR119W-A,298
YMR120C,1598
YMR121C,1374
YMR122C,45
YMR122W-A,8326
YMR123W,2136
YMR124W,4180
YMR125W,5007
YMR126C,627
YMR127C,923
YMR129W,5530
YMR130W,1582
YMR131C,5038
YMR132C,897
YMR133W,30
YMR134W,1099
YMR135C,1332
YMR135W-A,41
YMR136W,4198
YMR137C,742
YMR138W,622
YMR139W,1517
YMR140W,1980
YMR141C,9
YMR142C,7281
YMR141W-A,1
YMR143W,8411
YMR144W,933
YMR145C,11880
YMR146C,5982
YMR147W,879
YMR148W,1567
YMR149W,4209
YMR150C,852
YMR151W,164
YMR152W,2159
YMR153W,1437
YMR153C-A,362
YMR154C,1303
YMR155W,2591
YMR156C,565
YMR157C,961
YMR158W,1718
YMR158C-A,127
YMR158W-B,3
YMR159C,388
YMR160W,1355
YMR161W,1911
YMR162C,3562
YMR163C,618
YMR164C,2537
YMR165C,1755
YMR166C,1501
YMR167W,1515
YMR168C,1515
YMR169C,2162
YMR170C,1566
YMR171C,2450
YMR172W,1577
YMR172C-A,1
YMR173W,2253
YMR173W-A,1952
YMR174C,445
YMR175W,105
YMR175W-A,22
YMR176W,2974
YMR177W,1099
YMR178W,1047
YMR179W,1464
YMR180C,2044
YMR181C,3075
YMR182C,2366
YMR182W-A,49
YMR183C,2184
YMR184W,1079
YMR185W,1753
YMR186W,19204
YMR187C,1010
YMR188C,2013
YMR189W,13947
YMR190C,2191
YMR191W,3024
YMR192W,1512
YMR193W,1128
YMR193C-A,0
YMR194W,2841
YMR194C-B,233
YMR194C-A,93
YMR195W,2265
YMR197C,1789
YMR198W,972
YMR199W,5549
YMR200W,4310
YMR201C,832
YMR202W,8526
YMR203W,7396
YMR204C,871
YMR205C,24399
YMR206W,246
YMR207C,2015
YMR208W,3978
YMR209C,859
YMR210W,1024
YMR211W,1038
YMR212C,3808
YMR213W,530
YMR214W,1387
YMR215W,3929
YMR216C,5128
YMR217W,8218
YMR218C,2436
YMR219W,2343
YMR220W,3433
YMR221C,4676
YMR222C,1736
YMR223W,1454
YMR224C,807
YMR225C,1059
YMR226C,4562
YMR227C,477
YMR228W,975
YMR229C,10199
YMR230W,4633
YMR230W-A,4
YMR231W,1604
YMR232W,258
YMR233W,656
YMR234W,909
YMR235C,4076
YMR236W,2123
YMR237W,3548
YMR238W,3053
YMR239C,1355
YMR240C,570
YMR241W,2996
YMR242C,8998
YMR242W-A,12
YMR243C,7131
YMR244W,35
YMR244C-A,681
YMR245W,55
YMR246W,7538
YMR247C,3592
YMR247W-A,0
YMR250W,2703
YMR251W,295
YMR251W-A,4242
YMR252C,834
YMR253C,1111
YMR254C,19
YMR255W,1661
YMR256C,1163
YMR257C,1757
YMR258C,1881
YMR260C,3539
YMR261C,5276
YMR262W,1289
YMR263W,894
YMR264W,1752
YMR265C,843
YMR266W,3011
YMR267W,1574
YMR268C,883
YMR269W,47
YMR270C,1983
YMR271C,1101
YMR272C,6558
YMR272W-A,0
YMR272W-B,3
YMR273C,2712
YMR274C,522
YMR275C,2758
YMR276W,5548
YMR277W,2949
YMR278W,2449
YMR279C,142
YMR280C,399
YMR281W,1032
YMR282C,1228
YMR283C,730
YMR284W,1681
YMR285C,1509
YMR286W,936
YMR287C,1400
YMR288W,972
YMR289W,1510
YMR290C,4873
YMR290W-A,641
YMR291W,6604
YMR292W,1024
YMR293C,555
YMR294W,984
YMR294W-A,5
YMR295C,3939
YMR296C,8639
YMR297W,14854
YMR298W,1274
YMR299C,1236
YMR300C,2624
YMR301C,2668
YMR302C,3064
YMR303C,2333
YMR304W,4341
YMR304C-A,1518
YMR305C,11908
YMR306W,993
YMR306C-A,91
YMR307W,23941
YMR307C-A,2
YMR308C,7561
YMR309C,7947
YMR310C,4218
YMR311C,2000
YMR312W,2168
YMR313C,1973
YMR314W,3520
YMR315W,4401
YMR315W-A,59
YMR316W,1296
YMR316C-A,48
YMR316C-B,325
YMR317W,225
YMR318C,5056
YMR319C,8597
YMR320W,127
YMR321C,293
YMR322C,14
YMR323W,91
YMR324C,0
YMR325W,14
YMR326C,3
ERCC-00002,68731
ERCC-00003,26123
ERCC-00004,10803
ERCC-00009,9583
ERCC-00012,16
ERCC-00013,93
ERCC-00014,887
ERCC-00016,19
ERCC-00017,3
ERCC-00019,358
ERCC-00022,8526
ERCC-00024,14
ERCC-00025,5253
ERCC-00028,79
ERCC-00031,143
ERCC-00033,90
ERCC-00034,1093
ERCC-00035,4987
ERCC-00039,231
ERCC-00040,60
ERCC-00041,47
ERCC-00042,12494
ERCC-00043,17570
ERCC-00044,7177
ERCC-00046,15180
ERCC-00048,5
ERCC-00051,315
ERCC-00053,1145
ERCC-00054,368
ERCC-00057,4
ERCC-00058,267
ERCC-00059,426
ERCC-00060,5818
ERCC-00061,21
ERCC-00062,891
ERCC-00067,89
ERCC-00069,335
ERCC-00071,2885
ERCC-00073,20
ERCC-00074,32237
ERCC-00075,4
ERCC-00076,5025
ERCC-00077,108
ERCC-00078,3255
ERCC-00079,3546
ERCC-00081,25
ERCC-00083,4
ERCC-00084,1972
ERCC-00085,171
ERCC-00086,48
ERCC-00092,3303
ERCC-00095,1176
ERCC-00096,65521
ERCC-00097,5
ERCC-00098,4
ERCC-00099,1764
ERCC-00104,44
ERCC-00108,4197
ERCC-00109,29
ERCC-00111,18490
ERCC-00112,7327
ERCC-00113,32534
ERCC-00116,5035
ERCC-00117,8
ERCC-00120,31
ERCC-00123,8
ERCC-00126,396
ERCC-00130,46779
ERCC-00131,1451
ERCC-00134,1
ERCC-00136,8400
ERCC-00137,34
ERCC-00138,25
ERCC-00142,10
ERCC-00143,159
ERCC-00144,251
ERCC-00145,19890
ERCC-00147,25
ERCC-00148,347
ERCC-00150,220
ERCC-00154,86
ERCC-00156,2
ERCC-00157,1017
ERCC-00158,112
ERCC-00160,1074
ERCC-00162,2261
ERCC-00163,682
ERCC-00164,110
ERCC-00165,2345
ERCC-00168,117
ERCC-00170,342
ERCC-00171,19181