GeneID,dcp2.2
YAL001C,416
YAL002W,427
YAL003W,19288
YAL005C,12454
YAL007C,3534
YAL008W,720
YAL009W,391
YAL010C,313
YAL011W,168
YAL012W,22333
YAL013W,257
YAL014C,1851
YAL015C,310
YAL016C-A,0
YAL016W,2589
YAL017W,496
YAL018C,56
YAL019W,1075
YAL020C,1078
YAL021C,667
YAL022C,630
YAL023C,438
YAL024C,245
YAL025C,1708
YAL026C,689
YAL027W,417
YAL028W,263
YAL029C,830
YAL030W,617
YAL031C,854
YAL032C,142
YAL033W,1186
YAL034C,523
YAL034W-A,319
YAL035W,2500
YAL036C,2069
YAL037W,141
YAL038W,52521
YAL039C,750
YAL040C,7183
YAL041W,392
YAL042W,3806
YAL043C,197
YAL044C,1980
YAL044W-A,5432
YAL045C,42
YAL046C,360
YAL047C,198
YAL048C,516
YAL049C,913
YAL051W,249
YAL053W,2915
YAL054C,64
YAL055W,163
YAL056W,294
YAL058W,211
YAL059C-A,0
YAL059W,1723
YAL060W,1664
YAL061W,113
YAL062W,252
YAL063C,0
YAL063C-A,778
YAL064W-B,229
YAL066W,0
YAL067C,36
YAR002C-A,3145
YAR002W,470
YAR003W,301
YAR007C,380
YAR008W,547
YAR014C,1168
YAR015W,1768
YAR018C,264
YAR019C,62
YAR019W-A,0
YAR020C,91
YAR023C,368
YAR027W,746
YAR028W,685
YAR029W,0
YAR030C,21
YAR033W,775
YAR035W,0
YAR042W,409
YAR075W,51
YBL001C,1560
YBL002W,9186
YBL003C,7715
YBL004W,1232
YBL005W,190
YBL005W-A,316
YBL006C,3180
YBL006W-A,29
YBL007C,1688
YBL008W,315
YBL009W,116
YBL010C,529
YBL011W,693
YBL013W,46
YBL014C,271
YBL015W,463
YBL016W,972
YBL017C,903
YBL018C,1560
YBL019W,91
YBL020W,804
YBL021C,523
YBL022C,627
YBL023C,256
YBL024W,1398
YBL025W,575
YBL026W,664
YBL027W,29493
YBL028C,2943
YBL029C-A,1585
YBL029W,126
YBL030C,18526
YBL031W,78
YBL032W,571
YBL033C,631
YBL034C,330
YBL035C,275
YBL036C,358
YBL037W,366
YBL038W,932
YBL039C,2003
YBL039W-B,502
YBL040C,7547
YBL041W,3392
YBL042C,2972
YBL043W,309
YBL045C,4139
YBL046W,222
YBL047C,1142
YBL049W,416
YBL050W,1804
YBL051C,1633
YBL052C,280
YBL054W,314
YBL055C,313
YBL056W,975
YBL057C,914
YBL058W,1402
YBL059C-A,2241
YBL060W,359
YBL061C,509
YBL063W,108
YBL064C,3208
YBL066C,700
YBL067C,372
YBL068W,1874
YBL069W,682
YBL071W-A,3843
YBL072C,19275
YBL074C,322
YBL075C,82
YBL076C,2741
YBL078C,911
YBL079W,1117
YBL080C,233
YBL081W,1383
YBL082C,1743
YBL084C,321
YBL085W,977
YBL086C,84
YBL087C,4794
YBL088C,347
YBL089W,829
YBL090W,3079
YBL091C,919
YBL091C-A,740
YBL092W,31885
YBL093C,932
YBL094C,0
YBL095W,481
YBL097W,89
YBL098W,176
YBL099W,5861
YBL100W-A,50
YBL101C,316
YBL102W,690
YBL103C,792
YBL104C,161
YBL105C,1042
YBL106C,0
YBL107C,1306
YBR001C,474
YBR002C,665
YBR003W,1008
YBR004C,980
YBR005W,2280
YBR006W,294
YBR007C,245
YBR008C,1303
YBR009C,12790
YBR010W,4983
YBR011C,7243
YBR014C,1552
YBR015C,2243
YBR016W,1813
YBR017C,894
YBR018C,24
YBR021W,508
YBR022W,935
YBR023C,3374
YBR024W,144
YBR025C,4250
YBR026C,1220
YBR028C,912
YBR029C,757
YBR030W,829
YBR031W,11928
YBR033W,53
YBR034C,1791
YBR035C,1392
YBR036C,3280
YBR037C,759
YBR038W,1334
YBR039W,2417
YBR041W,601
YBR042C,374
YBR043C,3559
YBR044C,227
YBR046C,376
YBR047W,280
YBR048W,41408
YBR049C,461
YBR050C,0
YBR051W,101
YBR052C,1684
YBR053C,1249
YBR054W,2056
YBR055C,552
YBR056C-B,29
YBR056W,518
YBR056W-A,1090
YBR057C,736
YBR058C,769
YBR058C-A,7312
YBR059C,1085
YBR060C,368
YBR061C,707
YBR062C,394
YBR065C,1552
YBR066C,535
YBR067C,11213
YBR068C,4973
YBR069C,4665
YBR070C,1569
YBR071W,3430
YBR072W,544
YBR073W,1364
YBR074W,1186
YBR076C-A,63
YBR077C,2454
YBR078W,11225
YBR079C,377
YBR080C,1111
YBR081C,456
YBR082C,7603
YBR083W,879
YBR084C-A,17248
YBR084W,1000
YBR085C-A,15128
YBR085W,144
YBR086C,996
YBR087W,612
YBR088C,2743
YBR089C-A,2934
YBR091C,1591
YBR092C,1698
YBR093C,78
YBR094W,140
YBR095C,542
YBR096W,2359
YBR097W,273
YBR098W,332
YBR101C,382
YBR102C,438
YBR103C-A,23
YBR103W,163
YBR104W,615
YBR105C,1144
YBR106W,3452
YBR107C,405
YBR108W,365
YBR109C,16994
YBR110W,2010
YBR111C,3261
YBR111W-A,1007
YBR112C,287
YBR114W,230
YBR115C,1211
YBR116C,0
YBR117C,132
YBR118W,78336
YBR119W,224
YBR120C,1021
YBR121C,6414
YBR122C,1855
YBR123C,121
YBR124W,66
YBR125C,595
YBR126C,1722
YBR126W-A,2057
YBR127C,4847
YBR128C,42
YBR129C,307
YBR130C,616
YBR131W,94
YBR132C,442
YBR133C,607
YBR135W,2025
YBR136W,183
YBR137W,1426
YBR138C,378
YBR139W,2861
YBR140C,1027
YBR141C,188
YBR141W-A,903
YBR142W,483
YBR143C,2036
YBR145W,1050
YBR146W,1520
YBR147W,278
YBR149W,2998
YBR150C,235
YBR151W,935
YBR152W,71
YBR153W,634
YBR154C,2246
YBR155W,346
YBR156C,151
YBR157C,600
YBR158W,1360
YBR159W,2081
YBR160W,696
YBR161W,569
YBR162C,2994
YBR162W-A,6832
YBR163W,523
YBR164C,3314
YBR165W,651
YBR166C,1397
YBR167C,1315
YBR168W,454
YBR169C,130
YBR170C,806
YBR171W,833
YBR172C,558
YBR173C,2527
YBR175W,820
YBR176W,209
YBR177C,1121
YBR178W,18
YBR179C,281
YBR181C,46014
YBR182C,152
YBR182C-A,47
YBR183W,1587
YBR184W,45
YBR185C,468
YBR187W,2652
YBR188C,1010
YBR189W,20463
YBR191W,26636
YBR191W-A,0
YBR192W,204
YBR193C,1242
YBR194W,608
YBR195C,319
YBR196C,21813
YBR196C-A,0
YBR196C-B,0
YBR197C,1111
YBR198C,1108
YBR199W,1397
YBR200W,459
YBR201C-A,116
YBR201W,170
YBR202W,339
YBR203W,152
YBR204C,206
YBR205W,1413
YBR207W,1249
YBR208C,1772
YBR210W,1849
YBR211C,410
YBR212W,539
YBR213W,51
YBR214W,938
YBR215W,333
YBR216C,163
YBR217W,701
YBR218C,514
YBR220C,254
YBR221C,13233
YBR222C,1105
YBR223C,277
YBR225W,269
YBR227C,189
YBR228W,335
YBR229C,1198
YBR230C,4405
YBR230W-A,552
YBR231C,219
YBR233W,92
YBR233W-A,1078
YBR234C,2189
YBR235W,980
YBR236C,299
YBR237W,395
YBR238C,1291
YBR239C,245
YBR240C,38
YBR241C,501
YBR242W,890
YBR243C,175
YBR244W,750
YBR246W,622
YBR247C,646
YBR248C,763
YBR249C,6306
YBR250W,86
YBR251W,680
YBR252W,5122
YBR253W,1190
YBR254C,823
YBR255C-A,1992
YBR255W,377
YBR256C,4268
YBR257W,329
YBR258C,506
YBR259W,132
YBR260C,433
YBR261C,681
YBR262C,2984
YBR263W,415
YBR264C,966
YBR265W,910
YBR267W,423
YBR268W,1401
YBR269C,1755
YBR270C,239
YBR271W,285
YBR272C,1363
YBR273C,442
YBR274W,306
YBR275C,255
YBR276C,392
YBR277C,0
YBR278W,571
YBR279W,575
YBR280C,68
YBR281C,879
YBR282W,716
YBR283C,1158
YBR284W,278
YBR285W,0
YBR286W,368
YBR287W,3191
YBR288C,545
YBR289W,68
YBR290W,1132
YBR291C,2873
YBR292C,826
YBR293W,441
YBR295W,295
YBR296C,0
YBR296C-A,80
YBR297W,1381
YBR298C,1402
YBR299W,36
YBR300C,25
YCL001W,8291
YCL002C,2686
YCL004W,532
YCL005W,3609
YCL005W-A,9387
YCL007C,82
YCL008C,3603
YCL009C,16390
YCL010C,1698
YCL011C,1862
YCL012C,3713
YCL014W,510
YCL016C,625
YCL017C,3836
YCL018W,2671
YCL019W,696
YCL020W,41
YCL021W-A,0
YCL024W,908
YCL025C,3123
YCL026C-A,121
YCL026C-B,119
YCL027W,145
YCL028W,1573
YCL029C,601
YCL030C,985
YCL031C,5337
YCL032W,1407
YCL033C,2160
YCL034W,1439
YCL035C,18525
YCL036W,542
YCL037C,6012
YCL038C,790
YCL039W,1399
YCL040W,4949
YCL042W,297
YCL043C,21414
YCL044C,1983
YCL045C,1299
YCL047C,1054
YCL048W-A,1079
YCL049C,3658
YCL050C,8276
YCL051W,1056
YCL052C,1269
YCL054W,1160
YCL054W-A,0
YCL055W,497
YCL056C,2803
YCL057C-A,6190
YCL057W,2982
YCL058W-A,1720
YCL059C,1297
YCL061C,399
YCL063W,601
YCL064C,177
YCR002C,1661
YCR003W,3222
YCR004C,3456
YCR005C,1905
YCR006C,858
YCR007C,836
YCR008W,2293
YCR009C,4564
YCR011C,899
YCR012W,375597
YCR014C,78
YCR015C,1977
YCR016W,943
YCR017C,5604
YCR018C-A,324
YCR019W,1073
YCR020C,33
YCR020C-A,3127
YCR020W-B,6690
YCR021C,203
YCR022C,15
YCR023C,3861
YCR024C,597
YCR024C-A,5225
YCR024C-B,29
YCR025C,59
YCR026C,553
YCR027C,1453
YCR028C,1852
YCR028C-A,15061
YCR030C,3651
YCR031C,71818
YCR032W,717
YCR033W,1064
YCR034W,5317
YCR035C,2428
YCR036W,2136
YCR037C,1307
YCR042C,1340
YCR043C,14065
YCR044C,7404
YCR045W-A,802
YCR046C,4465
YCR047C,1383
YCR047W-A,66
YCR048W,1516
YCR050C,62
YCR051W,5701
YCR052W,661
YCR053W,10469
YCR054C,1331
YCR057C,1908
YCR059C,3433
YCR060W,3507
YCR061W,1137
YCR063W,887
YCR064C,42
YCR065W,626
YCR066W,485
YCR067C,1870
YCR068W,2182
YCR069W,2135
YCR071C,1439
YCR072C,361
YCR073C,773
YCR073W-A,2819
YCR075C,3667
YCR075W-A,2654
YCR076C,1708
YCR077C,2684
YCR079W,1035
YCR081C-A,0
YCR081W,923
YCR082W,5045
YCR083W,883
YCR084C,2356
YCR085W,37
YCR086W,685
YCR087C-A,3262
YCR087W,27
YCR088W,1558
YCR089W,1832
YCR090C,3759
YCR091W,361
YCR092C,445
YCR093W,4007
YCR094W,2328
YCR095C,1294
YCR095W-A,839
YCR096C,0
YCR097W,0
YCR097W-A,0
YCR098C,730
YCR101C,1415
YCR102C,43
YCR102W-A,73
YCR106W,1669
YCR107W,36
YDL001W,315
YDL002C,970
YDL003W,549
YDL004W,13300
YDL005C,648
YDL006W,484
YDL007W,1535
YDL008W,2197
YDL009C,363
YDL010W,995
YDL012C,1589
YDL013W,439
YDL014W,3436
YDL015C,3618
YDL017W,305
YDL018C,1287
YDL019C,404
YDL020C,2428
YDL021W,117
YDL022W,2427
YDL024C,39
YDL025C,381
YDL025W-A,23
YDL026W,66
YDL027C,374
YDL028C,171
YDL029W,1672
YDL030W,182
YDL031W,150
YDL033C,276
YDL035C,107
YDL036C,268
YDL037C,28
YDL040C,1517
YDL042C,160
YDL043C,848
YDL044C,248
YDL045C,433
YDL045W-A,3728
YDL046W,13771
YDL047W,1627
YDL048C,998
YDL049C,105
YDL051W,1978
YDL052C,4405
YDL053C,1085
YDL054C,561
YDL055C,11955
YDL056W,239
YDL057W,87
YDL058W,331
YDL059C,166
YDL060W,502
YDL061C,35294
YDL063C,629
YDL064W,950
YDL065C,460
YDL066W,3127
YDL067C,3801
YDL069C,507
YDL070W,667
YDL072C,8194
YDL073W,502
YDL074C,1352
YDL075W,22732
YDL076C,439
YDL077C,313
YDL078C,1633
YDL079C,201
YDL080C,333
YDL081C,31980
YDL082W,17122
YDL083C,60139
YDL084W,2882
YDL085C-A,607
YDL085W,0
YDL086C-A,152
YDL086W,3602
YDL087C,494
YDL088C,451
YDL089W,233
YDL090C,493
YDL091C,396
YDL092W,2506
YDL093W,107
YDL094C,68
YDL095W,446
YDL097C,1455
YDL098C,360
YDL099W,941
YDL100C,5130
YDL101C,286
YDL102W,373
YDL103C,985
YDL104C,111
YDL105W,140
YDL106C,369
YDL107W,166
YDL108W,878
YDL109C,291
YDL110C,925
YDL111C,4180
YDL112W,261
YDL113C,676
YDL114W-A,38
YDL115C,865
YDL116W,467
YDL117W,552
YDL119C,357
YDL120W,768
YDL121C,6017
YDL122W,856
YDL123W,1908
YDL124W,8171
YDL125C,16668
YDL126C,1190
YDL127W,221
YDL128W,2153
YDL129W,76
YDL130W,25452
YDL130W-A,2785
YDL131W,1074
YDL132W,419
YDL133C-A,13803
YDL133W,603
YDL134C,2279
YDL135C,1817
YDL136W,31209
YDL137W,10554
YDL138W,328
YDL139C,173
YDL140C,1567
YDL141W,960
YDL142C,440
YDL143W,2527
YDL144C,980
YDL145C,1479
YDL146W,63
YDL147W,4785
YDL148C,751
YDL149W,73
YDL150W,477
YDL153C,959
YDL155W,492
YDL156W,41
YDL157C,2361
YDL159W,325
YDL159W-A,0
YDL160C,1968
YDL160C-A,527
YDL161W,1178
YDL164C,375
YDL165W,518
YDL166C,355
YDL167C,1027
YDL168W,877
YDL169C,108
YDL170W,477
YDL171C,940
YDL173W,415
YDL174C,1743
YDL175C,307
YDL176W,433
YDL177C,388
YDL178W,361
YDL179W,629
YDL180W,163
YDL181W,4105
YDL182W,1214
YDL183C,230
YDL184C,8750
YDL185W,1221
YDL187C,689
YDL188C,1420
YDL189W,530
YDL190C,460
YDL191W,63639
YDL192W,18771
YDL193W,917
YDL194W,136
YDL195W,2121
YDL196W,77
YDL197C,987
YDL198C,2920
YDL199C,213
YDL200C,496
YDL201W,644
YDL202W,875
YDL203C,266
YDL204W,1005
YDL205C,931
YDL206W,119
YDL207W,468
YDL208W,10312
YDL209C,339
YDL210W,0
YDL211C,228
YDL212W,14300
YDL213C,1902
YDL215C,280
YDL216C,225
YDL217C,274
YDL218W,0
YDL219W,1183
YDL220C,435
YDL221W,61
YDL222C,186
YDL223C,0
YDL224C,2748
YDL225W,334
YDL226C,762
YDL227C,160
YDL229W,18863
YDL230W,524
YDL231C,2540
YDL232W,2605
YDL233W,238
YDL234C,251
YDL235C,3689
YDL236W,914
YDL237W,689
YDL238C,242
YDL240W,247
YDL241W,345
YDL243C,834
YDR001C,1352
YDR002W,6175
YDR003W,2264
YDR003W-A,191
YDR004W,401
YDR005C,833
YDR006C,1028
YDR007W,1770
YDR008C,71
YDR009W,89
YDR011W,2125
YDR012W,14644
YDR013W,700
YDR014W,361
YDR014W-A,0
YDR016C,963
YDR017C,181
YDR018C,122
YDR019C,1257
YDR020C,414
YDR021W,158
YDR022C,740
YDR023W,4564
YDR025W,18490
YDR026C,446
YDR027C,162
YDR028C,1384
YDR030C,204
YDR031W,1028
YDR032C,5088
YDR033W,23487
YDR034C,758
YDR034C-D,62
YDR034W-B,742
YDR035W,766
YDR036C,455
YDR037W,8062
YDR039C,63
YDR040C,287
YDR041W,1417
YDR042C,89
YDR043C,530
YDR044W,871
YDR045C,2320
YDR046C,5750
YDR047W,3367
YDR048C,28
YDR049W,219
YDR050C,59798
YDR051C,461
YDR052C,257
YDR054C,502
YDR055W,4469
YDR056C,2441
YDR057W,223
YDR058C,279
YDR059C,2557
YDR060W,1510
YDR061W,426
YDR062W,2178
YDR063W,1749
YDR064W,79095
YDR065W,282
YDR066C,238
YDR067C,549
YDR068W,378
YDR069C,401
YDR070C,178
YDR071C,4338
YDR072C,794
YDR073W,1884
YDR074W,2170
YDR075W,261
YDR076W,253
YDR077W,163039
YDR078C,547
YDR079C-A,1481
YDR079W,370
YDR080W,159
YDR081C,161
YDR082W,351
YDR083W,610
YDR084C,2528
YDR085C,526
YDR086C,13225
YDR087C,889
YDR088C,183
YDR089W,278
YDR090C,904
YDR091C,1371
YDR092W,980
YDR093W,904
YDR096W,468
YDR097C,178
YDR098C,2032
YDR099W,2668
YDR100W,3212
YDR101C,5160
YDR103W,759
YDR104C,131
YDR105C,348
YDR106W,56
YDR107C,319
YDR108W,144
YDR109C,201
YDR110W,558
YDR111C,242
YDR113C,321
YDR114C,36
YDR115W,3697
YDR116C,879
YDR117C,341
YDR118W,41
YDR119W,1476
YDR119W-A,960
YDR120C,667
YDR121W,154
YDR122W,830
YDR123C,746
YDR124W,888
YDR125C,181
YDR126W,422
YDR127W,2376
YDR128W,322
YDR129C,2145
YDR130C,605
YDR131C,576
YDR132C,572
YDR133C,100091
YDR135C,2752
YDR137W,551
YDR138W,367
YDR139C,1011
YDR140W,3647
YDR141C,864
YDR142C,551
YDR143C,403
YDR144C,482
YDR145W,950
YDR146C,247
YDR147W,1074
YDR148C,1135
YDR150W,511
YDR151C,1196
YDR152W,1049
YDR153C,461
YDR154C,181
YDR155C,29948
YDR156W,11544
YDR158W,10868
YDR159W,263
YDR160W,360
YDR161W,670
YDR162C,484
YDR163W,281
YDR164C,358
YDR165W,1174
YDR166C,573
YDR167W,1602
YDR168W,877
YDR169C,404
YDR170C,906
YDR171W,549
YDR172W,2912
YDR173C,61
YDR174W,0
YDR175C,910
YDR176W,342
YDR177W,2474
YDR178W,3513
YDR179C,768
YDR179W-A,139
YDR180W,112
YDR181C,349
YDR182W,575
YDR183W,535
YDR184C,1654
YDR185C,374
YDR186C,885
YDR188W,2684
YDR189W,474
YDR190C,3941
YDR191W,122
YDR192C,116
YDR194C,619
YDR195W,119
YDR196C,1584
YDR197W,256
YDR198C,388
YDR200C,381
YDR201W,587
YDR202C,288
YDR204W,580
YDR205W,1190
YDR206W,947
YDR207C,242
YDR208W,946
YDR210W,3666
YDR211W,890
YDR212W,3113
YDR213W,119
YDR214W,9698
YDR216W,1190
YDR217C,180
YDR219C,268
YDR221W,323
YDR222W,529
YDR223W,86
YDR224C,10665
YDR225W,42763
YDR226W,4382
YDR227W,164
YDR228C,2085
YDR229W,119
YDR231C,1062
YDR232W,3100
YDR233C,9473
YDR234W,1546
YDR235W,587
YDR236C,1789
YDR237W,534
YDR238C,1004
YDR239C,126
YDR240C,87
YDR242W,98
YDR243C,334
YDR244W,120
YDR245W,1533
YDR246W,879
YDR246W-A,38
YDR247W,576
YDR248C,383
YDR249C,1021
YDR250C,65
YDR251W,871
YDR252W,475
YDR253C,177
YDR254W,543
YDR255C,605
YDR257C,1160
YDR258C,986
YDR259C,119
YDR260C,1365
YDR261C,208
YDR262W,867
YDR263C,91
YDR264C,2073
YDR265W,319
YDR266C,582
YDR267C,766
YDR268W,416
YDR270W,495
YDR272W,1461
YDR275W,1120
YDR276C,19248
YDR277C,577
YDR279W,280
YDR280W,1387
YDR281C,14
YDR282C,399
YDR283C,707
YDR284C,1563
YDR285W,25
YDR286C,572
YDR287W,284
YDR288W,483
YDR289C,477
YDR291W,550
YDR292C,390
YDR293C,1092
YDR294C,1667
YDR295C,87
YDR296W,1360
YDR297W,3356
YDR298C,3738
YDR299W,537
YDR300C,446
YDR301W,235
YDR302W,1694
YDR303C,483
YDR304C,3127
YDR305C,142
YDR306C,563
YDR307W,551
YDR308C,484
YDR309C,1706
YDR310C,98
YDR311W,312
YDR312W,397
YDR313C,82
YDR314C,306
YDR315C,442
YDR316W,512
YDR316W-A,189
YDR317W,58
YDR318W,361
YDR319C,2691
YDR320C,459
YDR320C-A,1270
YDR320W-B,410
YDR321W,1692
YDR322C-A,4035
YDR322W,1017
YDR323C,122
YDR324C,633
YDR325W,279
YDR326C,582
YDR328C,2683
YDR329C,370
YDR330W,175
YDR331W,635
YDR332W,88
YDR333C,800
YDR334W,307
YDR335W,1095
YDR336W,159
YDR337W,854
YDR338C,356
YDR339C,3987
YDR341C,2445
YDR342C,523
YDR344C,191
YDR345C,282
YDR346C,1009
YDR347W,1250
YDR348C,661
YDR349C,2482
YDR350C,1199
YDR351W,1054
YDR352W,1603
YDR353W,3980
YDR354W,2777
YDR356W,234
YDR357C,1210
YDR358W,221
YDR359C,551
YDR361C,930
YDR362C,186
YDR363W,374
YDR363W-A,4073
YDR364C,690
YDR365C,835
YDR367W,2681
YDR368W,857
YDR369C,235
YDR370C,541
YDR371W,504
YDR372C,2182
YDR373W,3747
YDR374W-A,611
YDR375C,652
YDR376W,320
YDR377W,10802
YDR378C,1986
YDR379C-A,1070
YDR379W,270
YDR380W,488
YDR381C-A,1012
YDR381W,8559
YDR382W,15548
YDR383C,351
YDR384C,3460
YDR385W,11307
YDR386W,67
YDR387C,330
YDR388W,1623
YDR389W,950
YDR390C,424
YDR391C,3668
YDR392W,395
YDR393W,294
YDR394W,1085
YDR395W,675
YDR397C,3302
YDR398W,1193
YDR399W,7549
YDR400W,1131
YDR404C,8885
YDR405W,440
YDR406W,60
YDR407C,786
YDR408C,2103
YDR409W,155
YDR410C,1280
YDR411C,876
YDR412W,913
YDR414C,461
YDR415C,38
YDR416W,192
YDR418W,47749
YDR419W,121
YDR420W,544
YDR421W,87
YDR422C,607
YDR423C,410
YDR424C,553
YDR425W,145
YDR427W,1373
YDR428C,399
YDR429C,2059
YDR430C,531
YDR432W,823
YDR434W,1125
YDR435C,834
YDR436W,268
YDR437W,1111
YDR438W,183
YDR439W,395
YDR440W,290
YDR441C,2172
YDR443C,303
YDR444W,550
YDR445C,115
YDR446W,0
YDR447C,20839
YDR448W,818
YDR449C,1222
YDR450W,12893
YDR451C,1297
YDR452W,1288
YDR453C,185
YDR454C,5419
YDR456W,1954
YDR457W,482
YDR458C,775
YDR459C,474
YDR460W,210
YDR461C-A,136
YDR461W,0
YDR462W,1951
YDR463W,876
YDR464W,0
YDR465C,982
YDR466W,316
YDR468C,873
YDR469W,1644
YDR470C,494
YDR471W,30882
YDR472W,1442
YDR473C,228
YDR475C,139
YDR476C,1100
YDR477W,603
YDR478W,516
YDR479C,475
YDR480W,410
YDR481C,613
YDR482C,251
YDR483W,2170
YDR484W,318
YDR485C,349
YDR486C,724
YDR487C,4645
YDR488C,155
YDR489W,909
YDR490C,720
YDR492W,1802
YDR493W,1409
YDR494W,1308
YDR495C,58
YDR496C,686
YDR497C,20289
YDR498C,271
YDR499W,473
YDR500C,7970
YDR501W,25
YDR502C,933
YDR503C,586
YDR505C,602
YDR506C,32
YDR507C,677
YDR508C,2197
YDR510C-A,47
YDR510W,6019
YDR511W,1494
YDR513W,2356
YDR514C,197
YDR515W,264
YDR516C,2230
YDR517W,1601
YDR518W,542
YDR519W,4305
YDR520C,125
YDR524C,1590
YDR524C-A,26
YDR524C-B,70708
YDR525W-A,12413
YDR527W,338
YDR528W,906
YDR529C,7541
YDR530C,1037
YDR531W,569
YDR532C,737
YDR533C,693
YDR534C,0
YDR536W,193
YDR538W,2243
YDR539W,544
YDR540C,84
YDR541C,811
YEL001C,4071
YEL002C,2678
YEL003W,3297
YEL004W,668
YEL005C,492
YEL006W,629
YEL007W,1891
YEL008C-A,323
YEL009C,19856
YEL009C-A,177
YEL011W,860
YEL012W,462
YEL013W,1443
YEL015W,817
YEL016C,543
YEL017C-A,5208
YEL017W,904
YEL018W,285
YEL019C,102
YEL020C,93
YEL020C-B,183
YEL020W-A,3104
YEL021W,1304
YEL022W,367
YEL023C,138
YEL024W,6475
YEL025C,998
YEL026W,9102
YEL027W,63232
YEL028W,807
YEL029C,1868
YEL030W,99
YEL031W,1734
YEL032W,326
YEL033W,178
YEL034W,45008
YEL036C,701
YEL037C,859
YEL038W,3824
YEL039C,1628
YEL040W,2961
YEL041W,197
YEL042W,2692
YEL043W,332
YEL044W,1444
YEL045C,28
YEL046C,4324
YEL047C,1503
YEL048C,1771
YEL049W,333
YEL050C,1565
YEL051W,1937
YEL052W,1028
YEL053C,1045
YEL054C,28103
YEL055C,1071
YEL056W,744
YEL057C,82
YEL058W,2366
YEL059C-A,1177
YEL059W,21
YEL060C,650
YEL061C,360
YEL062W,651
YEL063C,3502
YEL064C,227
YEL065W,1902
YEL066W,1646
YEL068C,706
YEL070W,87
YEL071W,4139
YEL072W,760
YEL073C,1263
YEL075C,0
YER001W,1367
YER002W,2313
YER003C,3788
YER004W,2341
YER005W,136
YER006C-A,67
YER006W,887
YER007C-A,1738
YER007W,27
YER008C,566
YER009W,16348
YER010C,615
YER011W,59
YER012W,2141
YER013W,121
YER014W,179
YER015W,266
YER016W,499
YER017C,924
YER018C,780
YER019C-A,6746
YER019W,922
YER020W,511
YER021W,413
YER022W,359
YER023C-A,56
YER023W,300
YER024W,0
YER025W,4242
YER026C,2963
YER027C,883
YER028C,38
YER029C,565
YER030W,2377
YER031C,1583
YER032W,231
YER033C,182
YER034W,203
YER035W,1406
YER036C,2633
YER037W,332
YER038C,483
YER038W-A,87
YER039C-A,309
YER040W,748
YER041W,344
YER042W,1084
YER043C,13814
YER044C,5955
YER045C,328
YER046W,1048
YER047C,201
YER048C,706
YER048W-A,2174
YER049W,1166
YER050C,2136
YER051W,156
YER052C,2922
YER053C,1643
YER053C-A,22943
YER054C,120
YER055C,8385
YER056C,11965
YER056C-A,34014
YER057C,7564
YER058W,343
YER059W,464
YER060W,151
YER061C,245
YER062C,599
YER063W,1296
YER064C,713
YER065C,134
YER066W,1121
YER067W,1978
YER068W,946
YER069W,1233
YER070W,2721
YER071C,2452
YER072W,4949
YER073W,2439
YER074W,21631
YER074W-A,1608
YER075C,163
YER076C,641
YER078C,352
YER079W,323
YER080W,356
YER081W,2990
YER082C,365
YER083C,2348
YER084W-A,87
YER086W,2066
YER087C-A,20
YER087C-B,1934
YER087W,148
YER088C,1395
YER089C,1573
YER090W,1427
YER091C,5684
YER092W,4018
YER093C,168
YER093C-A,628
YER094C,5562
YER095W,1781
YER096W,41
YER098W,49
YER099C,1151
YER100W,628
YER101C,365
YER102W,61540
YER103W,274
YER104W,419
YER105C,389
YER107C,847
YER110C,1134
YER111C,99
YER112W,1021
YER113C,665
YER114C,830
YER115C,371
YER116C,541
YER117W,54271
YER118C,502
YER119C,263
YER120W,7237
YER121W,259
YER122C,1814
YER123W,1230
YER124C,4442
YER125W,1628
YER126C,1057
YER127W,575
YER128W,551
YER129W,488
YER130C,1173
YER131W,19976
YER132C,401
YER133W,2502
YER134C,1037
YER136W,656
YER137C,781
YER138W-A,43
YER139C,529
YER140W,269
YER141W,2401
YER142C,279
YER143W,346
YER144C,1013
YER145C,1245
YER146W,1978
YER147C,257
YER148W,1670
YER149C,297
YER150W,1985
YER151C,509
YER152C,824
YER153C,379
YER154W,621
YER155C,1135
YER156C,2611
YER157W,97
YER158C,107
YER159C,2464
YER160C,343
YER161C,659
YER162C,86
YER163C,1312
YER164W,415
YER165W,6105
YER166W,1068
YER167W,364
YER168C,517
YER169W,203
YER170W,457
YER171W,351
YER172C,519
YER173W,480
YER174C,647
YER175C,280
YER175W-A,71
YER176W,318
YER177W,10692
YER178W,1383
YER179W,0
YER180C-A,575
YER181C,114
YER182W,821
YER183C,261
YER184C,355
YER185W,198
YER186C,457
YER187W,20
YER188C-A,41
YER188W,58
YFL001W,404
YFL002C,459
YFL002W-A,536
YFL004W,240
YFL005W,2125
YFL007W,706
YFL008W,240
YFL009W,552
YFL010C,4923
YFL011W,611
YFL012W,88
YFL013C,235
YFL014W,13990
YFL016C,1010
YFL017C,2204
YFL017W-A,586
YFL018C,554
YFL020C,54
YFL021W,1043
YFL022C,54
YFL023W,262
YFL024C,131
YFL025C,427
YFL026W,219
YFL027C,89
YFL028C,1483
YFL029C,265
YFL030W,71
YFL031C-A,0
YFL031W,13776
YFL032W,0
YFL033C,338
YFL034C-A,17350
YFL034C-B,237
YFL034W,389
YFL036W,595
YFL037W,2683
YFL038C,3436
YFL039C,12855
YFL041W,327
YFL041W-A,166
YFL042C,291
YFL044C,1072
YFL045C,15716
YFL046W,517
YFL047W,652
YFL048C,323
YFL049W,638
YFL050C,449
YFL052W,340
YFL053W,0
YFL054C,172
YFL055W,155
YFL059W,0
YFL060C,23
YFL061W,33
YFL062W,48
YFL064C,682
YFR001W,2838
YFR002W,912
YFR003C,905
YFR004W,2414
YFR005C,692
YFR006W,43
YFR007W,332
YFR008W,423
YFR009W,782
YFR010W,1102
YFR011C,1443
YFR013W,259
YFR014C,157
YFR015C,493
YFR016C,255
YFR017C,1635
YFR018C,3337
YFR019W,271
YFR020W,1109
YFR021W,514
YFR022W,947
YFR024C-A,323
YFR025C,150
YFR026C,37
YFR027W,235
YFR028C,359
YFR029W,192
YFR030W,526
YFR031C,201
YFR031C-A,10709
YFR032C-A,13859
YFR033C,2799
YFR034C,1493
YFR034W-A,218
YFR035C,29
YFR036W,737
YFR036W-A,0
YFR037C,958
YFR038W,449
YFR039C,322
YFR040W,362
YFR041C,672
YFR042W,2029
YFR043C,103
YFR044C,2804
YFR045W,636
YFR046C,254
YFR047C,780
YFR048W,341
YFR049W,680
YFR050C,2290
YFR051C,2322
YFR052W,3252
YFR053C,6848
YFR055W,3589
YGL001C,1648
YGL002W,2726
YGL003C,689
YGL004C,354
YGL005C,563
YGL006W,349
YGL007C-A,462
YGL008C,11927
YGL009C,6054
YGL010W,1425
YGL011C,3394
YGL012W,3059
YGL013C,316
YGL014W,538
YGL016W,306
YGL017W,304
YGL018C,450
YGL019W,3371
YGL020C,2089
YGL021W,348
YGL022W,288
YGL023C,562
YGL025C,274
YGL026C,2241
YGL027C,927
YGL028C,5566
YGL029W,943
YGL030W,8880
YGL031C,11357
YGL032C,22
YGL035C,537
YGL036W,380
YGL037C,6145
YGL038C,489
YGL039W,353
YGL040C,838
YGL041C,0
YGL041C-B,34
YGL041W-A,635
YGL043W,1339
YGL044C,447
YGL045W,78
YGL047W,382
YGL048C,2659
YGL049C,148
YGL050W,729
YGL051W,41
YGL053W,365
YGL054C,6707
YGL055W,6868
YGL056C,871
YGL057C,342
YGL058W,2410
YGL059W,625
YGL060W,192
YGL061C,473
YGL062W,436
YGL063C-A,66
YGL063W,675
YGL064C,43
YGL065C,425
YGL066W,481
YGL067W,845
YGL068W,2563
YGL069C,39
YGL070C,2181
YGL071W,638
YGL073W,512
YGL075C,102
YGL076C,14450
YGL077C,1422
YGL078C,695
YGL079W,1483
YGL080W,1390
YGL081W,0
YGL082W,336
YGL083W,157
YGL084C,551
YGL085W,315
YGL087C,2930
YGL088W,80
YGL089C,2593
YGL090W,701
YGL091C,881
YGL092W,476
YGL093W,327
YGL094C,266
YGL095C,1111
YGL097W,470
YGL098W,2033
YGL099W,195
YGL100W,1293
YGL101W,1233
YGL103W,44401
YGL104C,614
YGL105W,6550
YGL106W,1943
YGL107C,609
YGL108C,361
YGL110C,138
YGL111W,880
YGL112C,615
YGL113W,192
YGL114W,1089
YGL115W,1134
YGL116W,234
YGL117W,1358
YGL118C,136
YGL119W,296
YGL120C,2039
YGL121C,1533
YGL122C,1084
YGL123W,73330
YGL124C,152
YGL125W,4054
YGL126W,1467
YGL127C,908
YGL128C,589
YGL129C,568
YGL130W,866
YGL131C,183
YGL133W,156
YGL134W,413
YGL135W,33487
YGL136C,640
YGL137W,1149
YGL139W,335
YGL140C,981
YGL141W,227
YGL142C,749
YGL143C,189
YGL144C,149
YGL145W,533
YGL146C,115
YGL147C,51108
YGL148W,2841
YGL150C,734
YGL151W,318
YGL153W,306
YGL154C,1175
YGL155W,529
YGL156W,304
YGL157W,1365
YGL159W,174
YGL160W,529
YGL161C,3339
YGL162W,617
YGL163C,108
YGL164C,311
YGL165C,0
YGL166W,581
YGL167C,1563
YGL169W,346
YGL170C,0
YGL171W,199
YGL172W,669
YGL173C,1036
YGL174W,131
YGL175C,220
YGL176C,111
YGL178W,228
YGL179C,865
YGL180W,171
YGL181W,1312
YGL183C,0
YGL184C,296
YGL185C,200
YGL186C,642
YGL187C,4249
YGL189C,81301
YGL190C,1060
YGL191W,4243
YGL194C,872
YGL194C-A,2049
YGL195W,2084
YGL196W,200
YGL197W,465
YGL198W,879
YGL199C,79
YGL200C,8156
YGL201C,432
YGL202W,2680
YGL203C,399
YGL204C,67
YGL205W,0
YGL206C,881
YGL207W,1719
YGL208W,252
YGL209W,981
YGL210W,689
YGL211W,434
YGL212W,419
YGL213C,1231
YGL215W,667
YGL216W,243
YGL219C,491
YGL220W,0
YGL221C,2865
YGL222C,3072
YGL223C,663
YGL224C,788
YGL225W,4952
YGL226C-A,1472
YGL226W,933
YGL227W,184
YGL228W,746
YGL229C,64
YGL231C,2040
YGL232W,932
YGL233W,594
YGL234W,2983
YGL236C,191
YGL237C,65
YGL238W,1092
YGL240W,350
YGL241W,184
YGL242C,1044
YGL243W,642
YGL244W,883
YGL245W,2000
YGL246C,837
YGL247W,948
YGL248W,902
YGL250W,262
YGL252C,1082
YGL253W,15008
YGL254W,306
YGL255W,783
YGL256W,3844
YGL257C,443
YGL258W,91
YGR001C,1850
YGR002C,405
YGR003W,611
YGR004W,55
YGR005C,722
YGR006W,269
YGR007W,1389
YGR008C,5243
YGR009C,462
YGR010W,360
YGR012W,239
YGR013W,148
YGR014W,601
YGR015C,643
YGR016W,209
YGR017W,1400
YGR018C,173
YGR019W,375
YGR020C,2634
YGR021W,321
YGR023W,1157
YGR024C,3541
YGR026W,2801
YGR027C,51616
YGR027W-A,439
YGR028W,387
YGR029W,765
YGR030C,650
YGR031W,547
YGR032W,6006
YGR033C,1647
YGR034W,14940
YGR035C,70
YGR035W-A,68
YGR036C,784
YGR037C,1909
YGR038W,4825
YGR039W,79
YGR040W,386
YGR041W,866
YGR042W,937
YGR043C,216
YGR044C,1822
YGR045C,67
YGR046W,533
YGR047C,440
YGR048W,540
YGR049W,1407
YGR050C,575
YGR052W,125
YGR053C,63
YGR054W,4152
YGR055W,1362
YGR056W,654
YGR057C,279
YGR058W,326
YGR060W,5854
YGR061C,2731
YGR062C,558
YGR063C,4425
YGR065C,1071
YGR066C,0
YGR068C,797
YGR070W,919
YGR071C,334
YGR072W,449
YGR074W,3514
YGR075C,277
YGR076C,1392
YGR077C,881
YGR078C,1547
YGR080W,1184
YGR081C,1886
YGR082W,2763
YGR083C,565
YGR085C,15097
YGR086C,2895
YGR087C,0
YGR088W,233
YGR089W,274
YGR090W,862
YGR091W,77
YGR092W,674
YGR093W,317
YGR095C,1806
YGR096W,518
YGR097W,1113
YGR098C,137
YGR099W,456
YGR100W,386
YGR101W,1179
YGR102C,420
YGR103W,901
YGR104C,495
YGR105W,2275
YGR106C,3824
YGR107W,680
YGR108W,1594
YGR109C,169
YGR110W,486
YGR111W,823
YGR112W,237
YGR113W,619
YGR116W,67
YGR117C,1797
YGR118W,11650
YGR119C,1317
YGR120C,388
YGR121C,276
YGR122W,0
YGR123C,974
YGR124W,2224
YGR125W,582
YGR126W,250
YGR127W,106
YGR128C,1146
YGR129W,425
YGR130C,714
YGR131W,1175
YGR132C,3006
YGR133W,1103
YGR134W,220
YGR135W,1874
YGR136W,1761
YGR137W,0
YGR138C,87
YGR140W,199
YGR141W,356
YGR142W,446
YGR143W,537
YGR144W,17
YGR145W,428
YGR146C,2939
YGR146C-A,0
YGR147C,539
YGR148C,22298
YGR149W,713
YGR150C,198
YGR152C,529
YGR153W,127
YGR154C,971
YGR155W,6355
YGR156W,158
YGR157W,3094
YGR158C,492
YGR159C,5917
YGR161C,1963
YGR161W-A,19
YGR161W-C,3851
YGR162W,1882
YGR163W,907
YGR164W,0
YGR165W,729
YGR166W,276
YGR167W,1829
YGR168C,574
YGR169C,240
YGR169C-A,1940
YGR170W,388
YGR171C,193
YGR172C,1743
YGR173W,1596
YGR174C,337
YGR174W-A,120
YGR175C,3192
YGR176W,52
YGR177C,296
YGR178C,472
YGR179C,315
YGR180C,3168
YGR181W,1769
YGR183C,9338
YGR184C,525
YGR185C,3405
YGR186W,430
YGR187C,140
YGR188C,128
YGR189C,9919
YGR191W,6462
YGR192C,157557
YGR193C,799
YGR194C,500
YGR195W,1422
YGR196C,157
YGR197C,594
YGR198W,953
YGR199W,405
YGR200C,414
YGR201C,1184
YGR202C,716
YGR203W,1983
YGR204W,2002
YGR205W,699
YGR206W,1255
YGR207C,2021
YGR208W,418
YGR209C,2521
YGR210C,3404
YGR211W,1175
YGR212W,0
YGR213C,199
YGR214W,31146
YGR215W,3852
YGR216C,1204
YGR217W,138
YGR218W,858
YGR220C,577
YGR221C,240
YGR222W,724
YGR223C,500
YGR224W,46
YGR227W,1855
YGR229C,1406
YGR230W,776
YGR231C,1125
YGR232W,1420
YGR233C,680
YGR234W,19622
YGR235C,1096
YGR237C,335
YGR238C,73
YGR239C,842
YGR240C,4334
YGR241C,491
YGR243W,4360
YGR244C,837
YGR245C,286
YGR246C,224
YGR247W,655
YGR248W,251
YGR249W,0
YGR250C,491
YGR251W,898
YGR252W,302
YGR253C,1585
YGR254W,5000
YGR255C,631
YGR256W,53
YGR257C,879
YGR258C,232
YGR259C,196
YGR260W,519
YGR261C,646
YGR262C,957
YGR263C,483
YGR264C,3365
YGR266W,270
YGR267C,1926
YGR268C,1210
YGR269W,35
YGR270W,1143
YGR271C-A,738
YGR271W,434
YGR274C,167
YGR275W,1329
YGR276C,300
YGR277C,1010
YGR278W,156
YGR279C,15201
YGR280C,346
YGR281W,340
YGR282C,24745
YGR283C,815
YGR284C,2651
YGR285C,2479
YGR286C,297
YGR287C,22
YGR288W,192
YGR289C,619
YGR292W,53
YGR295C,3436
YHL001W,8556
YHL002C-A,218
YHL002W,1288
YHL003C,1477
YHL004W,1144
YHL006C,183
YHL006W-A,43
YHL007C,974
YHL009C,138
YHL010C,120
YHL011C,1788
YHL013C,352
YHL014C,244
YHL015W,27855
YHL016C,583
YHL017W,355
YHL018W,274
YHL019C,158
YHL020C,278
YHL021C,1642
YHL023C,271
YHL024W,237
YHL025W,665
YHL026C,443
YHL027W,521
YHL028W,45
YHL029C,1225
YHL030W,322
YHL031C,733
YHL032C,1132
YHL033C,1443
YHL034C,3513
YHL035C,866
YHL036W,868
YHL037C,35
YHL038C,431
YHL039W,659
YHL040C,1299
YHL044W,360
YHL047C,1107
YHL048W,976
YHL049C,35
YHR001W,280
YHR001W-A,6577
YHR002W,207
YHR003C,511
YHR004C,264
YHR005C,1079
YHR005C-A,5150
YHR006W,655
YHR007C,3118
YHR008C,2026
YHR009C,195
YHR010W,43509
YHR011W,118
YHR012W,1225
YHR013C,1465
YHR015W,0
YHR016C,91
YHR017W,600
YHR018C,5049
YHR019C,4978
YHR020W,2428
YHR021C,10761
YHR022C,324
YHR023W,409
YHR024C,1467
YHR025W,3285
YHR026W,1309
YHR027C,1463
YHR028C,757
YHR029C,341
YHR030C,1686
YHR031C,234
YHR032W,1063
YHR033W,901
YHR034C,152
YHR035W,115
YHR036W,246
YHR037W,1023
YHR038W,738
YHR039C,2992
YHR039C-A,9480
YHR040W,696
YHR041C,1681
YHR042W,1101
YHR043C,515
YHR044C,392
YHR045W,688
YHR046C,869
YHR047C,1419
YHR048W,717
YHR049W,4228
YHR050W,485
YHR051W,7498
YHR052W,1888
YHR052W-A,54
YHR053C,0
YHR055C,0
YHR056C,471
YHR056W-A,37
YHR057C,1206
YHR058C,371
YHR059W,1491
YHR060W,1548
YHR061C,965
YHR062C,602
YHR063C,943
YHR064C,7887
YHR065C,554
YHR066W,497
YHR067W,624
YHR068W,329
YHR069C,1944
YHR069C-A,60
YHR070W,597
YHR071C-A,111
YHR071W,920
YHR072W,1498
YHR072W-A,4395
YHR073W,1113
YHR074W,1361
YHR075C,342
YHR076W,374
YHR077C,268
YHR078W,1220
YHR079C,257
YHR080C,484
YHR081W,1393
YHR082C,598
YHR083W,897
YHR084W,624
YHR085W,710
YHR086W,1787
YHR087W,2413
YHR088W,899
YHR089C,5301
YHR090C,421
YHR091C,141
YHR092C,571
YHR094C,401
YHR096C,0
YHR097C,236
YHR098C,1727
YHR099W,518
YHR100C,805
YHR101C,762
YHR102W,158
YHR103W,619
YHR104W,6683
YHR105W,134
YHR106W,90
YHR107C,660
YHR108W,641
YHR109W,141
YHR110W,1049
YHR111W,233
YHR112C,571
YHR113W,1366
YHR114W,479
YHR115C,1347
YHR117W,423
YHR118C,359
YHR119W,1011
YHR120W,39
YHR121W,2334
YHR122W,1172
YHR123W,2237
YHR127W,602
YHR128W,10357
YHR129C,237
YHR131C,341
YHR132C,911
YHR132W-A,895
YHR133C,4480
YHR134W,763
YHR135C,784
YHR136C,29
YHR137W,2082
YHR138C,604
YHR139C,22
YHR140W,0
YHR141C,29491
YHR142W,2288
YHR143W,6035
YHR143W-A,10659
YHR144C,884
YHR145C,0
YHR146W,319
YHR147C,1042
YHR148W,889
YHR149C,369
YHR150W,241
YHR151C,827
YHR152W,673
YHR153C,596
YHR154W,383
YHR155W,511
YHR156C,92
YHR157W,198
YHR158C,545
YHR159W,186
YHR161C,1295
YHR162W,16371
YHR163W,6137
YHR164C,96
YHR165C,504
YHR166C,180
YHR167W,276
YHR168W,124
YHR169W,480
YHR170W,2353
YHR171W,68
YHR172W,168
YHR174W,32039
YHR175W,21
YHR177W,192
YHR178W,123
YHR179W,1886
YHR180W,122
YHR180W-A,54
YHR181W,3102
YHR182W,44
YHR183W,1890
YHR186C,248
YHR187W,475
YHR188C,1818
YHR189W,761
YHR190W,8489
YHR191C,531
YHR192W,806
YHR193C,6720
YHR193C-A,0
YHR194W,339
YHR195W,936
YHR196W,1570
YHR197W,408
YHR198C,1460
YHR199C,1026
YHR199C-A,641
YHR200W,1224
YHR201C,524
YHR202W,116
YHR203C,41629
YHR204W,1323
YHR205W,1701
YHR206W,1196
YHR207C,457
YHR208W,10034
YHR209W,658
YHR210C,266
YHR211W,0
YHR214C-C,3766
YHR216W,1020
YIL001W,108
YIL002C,187
YIL002W-A,2941
YIL003W,546
YIL004C,864
YIL005W,494
YIL006W,721
YIL007C,874
YIL008W,898
YIL009C-A,904
YIL009W,1078
YIL010W,759
YIL011W,263
YIL013C,26
YIL014C-A,96
YIL014W,555
YIL015W,0
YIL016W,475
YIL017C,320
YIL018W,24572
YIL019W,477
YIL020C,399
YIL021W,1495
YIL022W,938
YIL023C,3070
YIL024C,87
YIL026C,328
YIL027C,2551
YIL028W,450
YIL029C,443
YIL030C,493
YIL031W,317
YIL033C,1757
YIL034C,1797
YIL035C,1486
YIL036W,510
YIL038C,722
YIL039W,1075
YIL040W,7159
YIL041W,1720
YIL042C,447
YIL043C,2139
YIL044C,676
YIL045W,62
YIL046W,404
YIL046W-A,90
YIL047C,1741
YIL048W,345
YIL049W,1068
YIL050W,1327
YIL051C,15794
YIL052C,40132
YIL053W,10769
YIL055C,143
YIL056W,555
YIL057C,0
YIL059C,1076
YIL060W,55
YIL061C,316
YIL062C,4635
YIL063C,268
YIL065C,661
YIL066C,61
YIL067C,75
YIL068C,455
YIL069C,33419
YIL070C,609
YIL071C,137
YIL074C,486
YIL075C,2030
YIL076W,4450
YIL077C,1619
YIL078W,2508
YIL079C,680
YIL082W,236
YIL083C,439
YIL084C,822
YIL085C,543
YIL087C,2535
YIL088C,677
YIL089W,131
YIL090W,3656
YIL091C,1122
YIL092W,78
YIL093C,408
YIL094C,4260
YIL095W,163
YIL096C,126
YIL097W,443
YIL098C,1912
YIL099W,124
YIL100W,129
YIL101C,457
YIL102C-A,4846
YIL103W,368
YIL104C,344
YIL105C,372
YIL106W,1117
YIL107C,71
YIL108W,1774
YIL109C,2037
YIL110W,640
YIL111W,296
YIL112W,325
YIL113W,98
YIL114C,462
YIL115C,500
YIL116W,1115
YIL117C,2482
YIL118W,1287
YIL119C,121
YIL121W,208
YIL122W,287
YIL123W,1436
YIL124W,1603
YIL125W,1787
YIL126W,345
YIL127C,1412
YIL128W,654
YIL129C,689
YIL130W,425
YIL131C,937
YIL132C,208
YIL133C,88574
YIL134C-A,94
YIL134W,1012
YIL135C,1002
YIL136W,383
YIL137C,908
YIL138C,1812
YIL139C,430
YIL140W,742
YIL142W,1881
YIL143C,202
YIL144W,123
YIL145C,4563
YIL146C,108
YIL147C,187
YIL148W,106411
YIL149C,207
YIL150C,83
YIL151C,139
YIL152W,500
YIL153W,363
YIL154C,321
YIL155C,333
YIL156W,234
YIL156W-B,524
YIL157C,2452
YIL158W,1202
YIL159W,133
YIL160C,0
YIL161W,824
YIL163C,94
YIL164C,1540
YIL166C,80
YIR001C,570
YIR002C,311
YIR003W,291
YIR004W,669
YIR005W,645
YIR006C,1706
YIR007W,275
YIR008C,470
YIR009W,739
YIR010W,217
YIR011C,423
YIR012W,1380
YIR014W,177
YIR015W,465
YIR016W,526
YIR017C,1012
YIR018C-A,2372
YIR018W,303
YIR020C-B,12
YIR021W,1184
YIR022W,3056
YIR023W,794
YIR024C,494
YIR025W,293
YIR026C,887
YIR027C,28
YIR028W,0
YIR029W,279
YIR030C,0
YIR030W-A,352
YIR031C,932
YIR032C,521
YIR033W,470
YIR034C,1050
YIR035C,979
YIR036C,1050
YIR037W,2012
YIR038C,3133
YIR039C,577
YIR042C,706
YJL001W,5098
YJL002C,3907
YJL003W,393
YJL004C,3068
YJL005W,1223
YJL006C,135
YJL008C,1422
YJL010C,551
YJL011C,763
YJL012C,720
YJL013C,460
YJL014W,1021
YJL016W,609
YJL019W,354
YJL020C,775
YJL023C,197
YJL024C,883
YJL025W,556
YJL026W,3545
YJL027C,32
YJL029C,123
YJL030W,490
YJL031C,345
YJL033W,828
YJL034W,8144
YJL035C,374
YJL036W,360
YJL038C,0
YJL039C,392
YJL041W,807
YJL042W,409
YJL044C,402
YJL046W,770
YJL047C,62
YJL047C-A,348
YJL048C,1220
YJL049W,428
YJL050W,542
YJL051W,113
YJL052W,2563
YJL053W,387
YJL054W,602
YJL055W,1504
YJL056C,254
YJL057C,423
YJL058C,202
YJL059W,343
YJL060W,1315
YJL061W,918
YJL062W,290
YJL062W-A,2923
YJL063C,1181
YJL065C,3054
YJL066C,791
YJL068C,895
YJL069C,915
YJL070C,129
YJL071W,488
YJL072C,1048
YJL073W,510
YJL074C,361
YJL076W,681
YJL077W-A,21
YJL077W-B,121
YJL078C,2386
YJL079C,1626
YJL080C,1709
YJL081C,1105
YJL082W,594
YJL083W,453
YJL084C,291
YJL085W,557
YJL087C,262
YJL088W,537
YJL089W,0
YJL090C,434
YJL091C,1439
YJL092W,755
YJL093C,1088
YJL094C,627
YJL095W,45
YJL096W,2042
YJL097W,1792
YJL098W,484
YJL099W,144
YJL100W,536
YJL101C,1090
YJL102W,227
YJL103C,185
YJL104W,3519
YJL106W,689
YJL107C,1119
YJL109C,974
YJL110C,1252
YJL111W,1739
YJL112W,265
YJL113W,39
YJL115W,463
YJL116C,649
YJL117W,657
YJL118W,819
YJL119C,336
YJL121C,1696
YJL122W,1379
YJL123C,598
YJL124C,1999
YJL125C,919
YJL126W,341
YJL127C,435
YJL127C-B,3891
YJL128C,681
YJL129C,661
YJL130C,2089
YJL131C,144
YJL132W,333
YJL133C-A,2850
YJL133W,900
YJL134W,856
YJL135W,21
YJL136C,38721
YJL137C,164
YJL138C,11933
YJL139C,273
YJL140W,2166
YJL141C,1928
YJL143W,11776
YJL144W,443
YJL145W,514
YJL146W,403
YJL147C,249
YJL148W,3466
YJL149W,271
YJL150W,100
YJL151C,5728
YJL152W,0
YJL153C,99
YJL154C,1670
YJL155C,177
YJL156C,322
YJL157C,393
YJL158C,38518
YJL159W,76286
YJL160C,114
YJL161W,408
YJL162C,484
YJL163C,293
YJL164C,654
YJL165C,372
YJL166W,15642
YJL167W,2929
YJL168C,502
YJL169W,97
YJL170C,0
YJL171C,1534
YJL172W,2677
YJL173C,1458
YJL174W,3601
YJL176C,457
YJL177W,17500
YJL178C,3456
YJL179W,3186
YJL180C,380
YJL181W,85
YJL183W,1091
YJL184W,1082
YJL185C,567
YJL186W,1921
YJL187C,385
YJL189W,15717
YJL190C,28105
YJL191W,8164
YJL192C,4102
YJL193W,1283
YJL194W,555
YJL195C,36
YJL196C,4783
YJL197W,458
YJL198W,1085
YJL199C,2210
YJL200C,456
YJL201W,486
YJL203W,343
YJL204C,534
YJL205C,263
YJL206C,265
YJL207C,692
YJL208C,275
YJL209W,442
YJL210W,1763
YJL211C,30
YJL212C,3059
YJL213W,232
YJL217W,1478
YJL218W,63
YJR001W,4482
YJR002W,2014
YJR003C,630
YJR004C,2088
YJR005C-A,0
YJR005W,508
YJR006W,1670
YJR007W,3789
YJR008W,631
YJR009C,17936
YJR010C-A,872
YJR010W,843
YJR011C,188
YJR013W,770
YJR014W,2605
YJR015W,3115
YJR016C,15081
YJR017C,391
YJR018W,69
YJR019C,450
YJR020W,149
YJR021C,640
YJR022W,752
YJR023C,20
YJR024C,3583
YJR025C,2024
YJR026W,139
YJR030C,96
YJR031C,195
YJR032W,333
YJR033C,376
YJR034W,1835
YJR035W,200
YJR036C,44
YJR039W,367
YJR040W,515
YJR041C,616
YJR042W,1126
YJR043C,321
YJR044C,2272
YJR045C,11087
YJR046W,312
YJR047C,60
YJR048W,2115
YJR049C,432
YJR050W,389
YJR051W,552
YJR052W,73
YJR053W,180
YJR054W,290
YJR055W,243
YJR056C,505
YJR057W,967
YJR058C,4141
YJR059W,692
YJR060W,159
YJR061W,0
YJR062C,875
YJR063W,3393
YJR064W,896
YJR065C,2257
YJR066W,217
YJR067C,667
YJR068W,566
YJR069C,1816
YJR070C,1830
YJR072C,352
YJR073C,13873
YJR074W,0
YJR075W,1778
YJR076C,821
YJR077C,6553
YJR078W,0
YJR079W,0
YJR080C,311
YJR082C,2567
YJR083C,229
YJR084W,458
YJR085C,5525
YJR086W,903
YJR088C,1554
YJR089W,80
YJR090C,308
YJR091C,1111
YJR092W,170
YJR093C,405
YJR094C,77
YJR094W-A,19072
YJR096W,629
YJR097W,646
YJR098C,144
YJR099W,463
YJR100C,464
YJR101W,1368
YJR102C,396
YJR103W,289
YJR104C,20394
YJR105W,8175
YJR106W,371
YJR109C,1787
YJR110W,62
YJR111C,626
YJR112W,364
YJR112W-A,2982
YJR113C,867
YJR115W,272
YJR116W,271
YJR117W,3927
YJR118C,1818
YJR119C,67
YJR121W,5306
YJR122W,427
YJR123W,91021
YJR124C,538
YJR125C,989
YJR126C,737
YJR127C,117
YJR128W,0
YJR129C,216
YJR130C,1040
YJR131W,620
YJR132W,159
YJR133W,554
YJR134C,306
YJR135C,592
YJR135W-A,379
YJR136C,239
YJR137C,853
YJR138W,46
YJR139C,8694
YJR140C,83
YJR141W,291
YJR142W,705
YJR143C,910
YJR144W,1417
YJR145C,11893
YJR146W,186
YJR147W,1120
YJR148W,2890
YJR149W,0
YJR150C,0
YJR152W,288
YJR153W,89
YJR154W,394
YJR155W,156
YKL001C,1004
YKL002W,1018
YKL003C,1718
YKL004W,1093
YKL005C,548
YKL006C-A,529
YKL006W,52943
YKL007W,2844
YKL008C,1462
YKL009W,6149
YKL010C,823
YKL011C,280
YKL012W,410
YKL013C,10843
YKL014C,431
YKL015W,372
YKL016C,4721
YKL017C,533
YKL018C-A,668
YKL018W,603
YKL019W,697
YKL020C,411
YKL023W,466
YKL024C,3042
YKL025C,407
YKL026C,719
YKL027W,364
YKL028W,418
YKL029C,3613
YKL031W,133
YKL032C,503
YKL033W,347
YKL033W-A,1496
YKL034W,403
YKL035W,6469
YKL038W,398
YKL039W,3729
YKL040C,1402
YKL041W,133
YKL042W,392
YKL043W,230
YKL044W,90
YKL045W,489
YKL046C,1066
YKL047W,181
YKL048C,456
YKL049C,746
YKL051W,2555
YKL052C,559
YKL053C-A,2035
YKL053W,216
YKL054C,639
YKL055C,224
YKL056C,38307
YKL057C,1675
YKL058W,3499
YKL059C,205
YKL060C,28365
YKL061W,1496
YKL062W,816
YKL063C,1610
YKL064W,694
YKL065C,7017
YKL065W-A,117
YKL066W,0
YKL067W,4352
YKL068W,393
YKL068W-A,8658
YKL069W,1374
YKL071W,77
YKL072W,173
YKL073W,452
YKL074C,483
YKL075C,129
YKL076C,0
YKL077W,1065
YKL078W,318
YKL079W,455
YKL080W,1488
YKL081W,21513
YKL082C,604
YKL084W,606
YKL085W,2443
YKL086W,168
YKL087C,1972
YKL088W,98
YKL089W,57
YKL090W,292
YKL091C,885
YKL092C,117
YKL093W,111
YKL094W,764
YKL095W,308
YKL096C-B,632
YKL096W,26471
YKL096W-A,36124
YKL098W,1236
YKL099C,1113
YKL100C,2090
YKL101W,564
YKL103C,854
YKL104C,2807
YKL105C,133
YKL106C-A,98
YKL106W,712
YKL107W,0
YKL108W,283
YKL109W,2048
YKL110C,1137
YKL111C,0
YKL112W,341
YKL113C,1109
YKL114C,324
YKL115C,46
YKL116C,994
YKL117W,2528
YKL119C,1575
YKL120W,4054
YKL121W,236
YKL122C,3573
YKL124W,243
YKL125W,384
YKL126W,1410
YKL127W,553
YKL128C,1299
YKL129C,143
YKL130C,1365
YKL131W,20
YKL132C,128
YKL133C,70
YKL134C,194
YKL135C,276
YKL136W,72
YKL137W,1677
YKL138C,1825
YKL138C-A,941
YKL139W,281
YKL140W,246
YKL141W,1868
YKL142W,2662
YKL143W,1668
YKL144C,704
YKL145W,2648
YKL146W,1052
YKL148C,1023
YKL149C,684
YKL150W,63
YKL151C,370
YKL152C,14349
YKL153W,59
YKL154W,1717
YKL155C,288
YKL156W,37908
YKL157W,545
YKL159C,391
YKL160W,2819
YKL161C,1403
YKL162C,40
YKL162C-A,106
YKL163W,11091
YKL164C,42674
YKL165C,495
YKL165C-A,22
YKL166C,340
YKL167C,2309
YKL168C,355
YKL170W,1778
YKL171W,259
YKL172W,1192
YKL173W,299
YKL174C,867
YKL175W,2420
YKL176C,4099
YKL178C,962
YKL179C,291
YKL180W,35061
YKL181W,2762
YKL182W,12285
YKL183C-A,0
YKL183W,244
YKL184W,3137
YKL185W,1080
YKL186C,1080
YKL187C,0
YKL189W,303
YKL190W,1800
YKL191W,1126
YKL192C,6085
YKL193C,454
YKL194C,288
YKL195W,962
YKL196C,3473
YKL197C,232
YKL198C,179
YKL201C,0
YKL203C,284
YKL204W,268
YKL205W,470
YKL206C,393
YKL207W,1370
YKL208W,392
YKL209C,0
YKL210W,636
YKL211C,1672
YKL212W,1797
YKL213C,690
YKL214C,550
YKL215C,724
YKL216W,1891
YKL217W,49
YKL218C,425
YKL219W,866
YKL220C,258
YKL221W,487
YKL222C,630
YKR001C,2158
YKR002W,383
YKR003W,575
YKR004C,392
YKR006C,1729
YKR007W,1349
YKR008W,313
YKR010C,103
YKR011C,502
YKR012C,181
YKR013W,8930
YKR014C,2435
YKR015C,32
YKR016W,547
YKR017C,67
YKR018C,1072
YKR019C,90
YKR020W,603
YKR021W,474
YKR022C,947
YKR023W,407
YKR024C,236
YKR025W,743
YKR026C,890
YKR027W,473
YKR028W,804
YKR029C,255
YKR030W,1784
YKR031C,203
YKR033C,47
YKR034W,48
YKR035W-A,2088
YKR036C,291
YKR037C,132
YKR038C,3179
YKR039W,3244
YKR041W,361
YKR042W,6481
YKR043C,5051
YKR044W,591
YKR045C,1401
YKR046C,14965
YKR048C,1606
YKR049C,1964
YKR050W,492
YKR051W,362
YKR052C,1044
YKR054C,305
YKR055W,348
YKR057W,5795
YKR058W,652
YKR059W,4998
YKR060W,463
YKR061W,989
YKR062W,614
YKR063C,357
YKR064W,154
YKR065C,3269
YKR066C,1020
YKR067W,922
YKR068C,84
YKR069W,638
YKR070W,599
YKR071C,3135
YKR072C,351
YKR073C,174
YKR074W,1676
YKR075C,320
YKR076W,421
YKR077W,964
YKR078W,286
YKR079C,211
YKR080W,430
YKR081C,806
YKR082W,487
YKR083C,591
YKR084C,381
YKR085C,1065
YKR086W,149
YKR087C,1104
YKR088C,698
YKR089C,397
YKR090W,170
YKR091W,4614
YKR092C,469
YKR093W,3407
YKR094C,6947
YKR095W,606
YKR095W-A,1077
YKR096W,312
YKR097W,18
YKR098C,270
YKR099W,172
YKR100C,1480
YKR101W,122
YKR106W,25
YLL001W,330
YLL002W,410
YLL003W,449
YLL004W,274
YLL006W,1104
YLL007C,343
YLL008W,1806
YLL009C,1183
YLL010C,1176
YLL011W,671
YLL012W,394
YLL013C,636
YLL014W,2912
YLL015W,839
YLL018C,4167
YLL018C-A,1755
YLL019C,779
YLL021W,307
YLL022C,511
YLL023C,594
YLL024C,18329
YLL025W,315
YLL026W,4414
YLL027W,1337
YLL028W,1017
YLL029W,501
YLL031C,1514
YLL032C,203
YLL033W,607
YLL034C,544
YLL035W,312
YLL036C,325
YLL038C,330
YLL039C,4703
YLL040C,221
YLL041C,5878
YLL042C,74
YLL043W,522
YLL045C,51066
YLL046C,0
YLL047W,0
YLL048C,1616
YLL049W,299
YLL050C,4170
YLL051C,659
YLL052C,54
YLL054C,222
YLL055W,414
YLL056C,126
YLL057C,21
YLL058W,212
YLL059C,136
YLL060C,1237
YLL061W,462
YLL062C,295
YLL063C,467
YLL066C,50
YLR001C,364
YLR002C,665
YLR003C,1323
YLR004C,98
YLR005W,549
YLR006C,612
YLR007W,1605
YLR008C,2525
YLR009W,3196
YLR010C,1734
YLR011W,277
YLR014C,549
YLR015W,479
YLR016C,985
YLR017W,1383
YLR018C,676
YLR019W,2408
YLR020C,482
YLR021W,1154
YLR022C,1136
YLR023C,1317
YLR024C,68
YLR025W,1070
YLR026C,381
YLR027C,8081
YLR028C,684
YLR029C,16678
YLR031W,44
YLR032W,96
YLR033W,631
YLR034C,503
YLR035C,135
YLR036C,1267
YLR037C,17
YLR038C,2390
YLR040C,14110
YLR041W,0
YLR042C,1734
YLR043C,2776
YLR044C,19575
YLR045C,241
YLR046C,90
YLR047C,458
YLR048W,72830
YLR049C,512
YLR050C,2933
YLR051C,2897
YLR052W,897
YLR053C,0
YLR055C,262
YLR056W,5940
YLR057W,539
YLR058C,2973
YLR059C,1182
YLR060W,2561
YLR061W,21010
YLR062C,27
YLR063W,47
YLR064W,1343
YLR065C,1533
YLR066W,1966
YLR067C,295
YLR068W,1371
YLR069C,611
YLR071C,670
YLR072W,304
YLR073C,4410
YLR074C,2061
YLR075W,30255
YLR076C,36
YLR077W,228
YLR078C,761
YLR079W,1071
YLR080W,0
YLR082C,182
YLR083C,1435
YLR084C,815
YLR085C,515
YLR086W,69
YLR087C,283
YLR088W,1696
YLR089C,2594
YLR090W,467
YLR091W,392
YLR092W,182
YLR093C,1594
YLR094C,609
YLR095C,303
YLR096W,231
YLR097C,661
YLR098C,382
YLR099C,613
YLR099W-A,375
YLR100W,6749
YLR101C,22
YLR102C,322
YLR103C,264
YLR104W,2589
YLR105C,707
YLR106C,932
YLR107W,344
YLR108C,395
YLR109W,17949
YLR110C,225826
YLR112W,133
YLR113W,2608
YLR114C,429
YLR115W,312
YLR116W,372
YLR117C,270
YLR118C,1967
YLR119W,586
YLR120C,4547
YLR120W-A,910
YLR121C,700
YLR123C,437
YLR126C,139
YLR127C,240
YLR128W,446
YLR129W,1089
YLR130C,2339
YLR131C,135
YLR132C,429
YLR133W,199
YLR134W,69
YLR135W,70
YLR136C,372
YLR137W,476
YLR138W,334
YLR139C,1676
YLR140W,64
YLR141W,530
YLR142W,871
YLR143W,78
YLR144C,998
YLR145W,708
YLR146C,1062
YLR146W-A,1772
YLR147C,3087
YLR148W,420
YLR149C,265
YLR150W,10414
YLR151C,284
YLR152C,642
YLR153C,5612
YLR154C,508
YLR154C-G,55
YLR163C,1186
YLR164W,558
YLR165C,273
YLR166C,1124
YLR167W,22565
YLR168C,2675
YLR170C,1423
YLR171W,0
YLR172C,3779
YLR173W,183
YLR174W,85
YLR175W,1428
YLR176C,66
YLR177W,671
YLR178C,1357
YLR179C,4901
YLR180W,12244
YLR181C,419
YLR182W,259
YLR183C,338
YLR185W,31445
YLR186W,2692
YLR187W,343
YLR188W,647
YLR189C,264
YLR190W,1032
YLR191W,275
YLR192C,1879
YLR193C,1042
YLR194C,3986
YLR195C,929
YLR196W,1466
YLR197W,4925
YLR199C,1157
YLR200W,1107
YLR201C,1107
YLR203C,2689
YLR204W,2922
YLR205C,655
YLR206W,1568
YLR207W,244
YLR208W,771
YLR209C,1270
YLR210W,379
YLR211C,218
YLR212C,315
YLR213C,0
YLR214W,3162
YLR215C,323
YLR216C,4720
YLR219W,268
YLR220W,1042
YLR221C,1078
YLR222C,741
YLR223C,431
YLR224W,975
YLR225C,896
YLR226W,532
YLR227C,231
YLR228C,295
YLR229C,10231
YLR230W,112
YLR231C,153
YLR233C,331
YLR234W,171
YLR236C,139
YLR237W,322
YLR238W,147
YLR239C,480
YLR240W,393
YLR241W,261
YLR242C,797
YLR243W,568
YLR244C,1465
YLR245C,958
YLR246W,1540
YLR247C,327
YLR248W,1369
YLR249W,63642
YLR250W,975
YLR251W,975
YLR253W,572
YLR254C,394
YLR255C,74
YLR256W,243
YLR257W,4322
YLR258W,1963
YLR259C,2417
YLR260W,258
YLR261C,42
YLR262C,2076
YLR262C-A,3210
YLR263W,111
YLR264W,57573
YLR265C,481
YLR266C,19
YLR267W,279
YLR268W,1596
YLR270W,1005
YLR271W,205
YLR272C,255
YLR273C,241
YLR274W,420
YLR275W,1757
YLR276C,684
YLR277C,376
YLR278C,329
YLR281C,1276
YLR283W,607
YLR284C,136
YLR285W,2352
YLR286C,6766
YLR286W-A,214
YLR287C,1396
YLR287C-A,4704
YLR288C,473
YLR289W,280
YLR290C,796
YLR291C,811
YLR292C,980
YLR293C,10232
YLR295C,5116
YLR297W,1510
YLR298C,518
YLR299C-A,100
YLR299W,408
YLR300W,7774
YLR301W,412
YLR303W,16471
YLR304C,10404
YLR305C,282
YLR306W,732
YLR307C-A,50
YLR307W,0
YLR309C,478
YLR310C,755
YLR312C,117
YLR312W-A,1704
YLR313C,163
YLR314C,741
YLR315W,1141
YLR316C,394
YLR317W,34
YLR318W,296
YLR319C,362
YLR320W,579
YLR321C,357
YLR322W,27
YLR323C,159
YLR324W,513
YLR325C,8533
YLR326W,294
YLR327C,12891
YLR328W,526
YLR330W,938
YLR332W,2007
YLR333C,13519
YLR335W,651
YLR336C,117
YLR337C,1152
YLR340W,50735
YLR342W,3288
YLR344W,18789
YLR345W,484
YLR346C,178
YLR347C,1157
YLR348C,1867
YLR349W,0
YLR350W,3945
YLR351C,2736
YLR352W,255
YLR353W,389
YLR354C,4117
YLR355C,31144
YLR356W,2334
YLR357W,531
YLR359W,301
YLR360W,844
YLR361C,322
YLR361C-A,522
YLR362W,170
YLR363C,929
YLR363W-A,1559
YLR364W,176
YLR365W,86
YLR367W,24320
YLR368W,145
YLR369W,341
YLR370C,5275
YLR371W,1401
YLR372W,4142
YLR373C,389
YLR374C,44
YLR375W,3987
YLR376C,590
YLR378C,1258
YLR380W,510
YLR381W,164
YLR382C,431
YLR383W,207
YLR384C,867
YLR385C,402
YLR386W,512
YLR387C,1325
YLR388W,5778
YLR389C,875
YLR390W,101
YLR390W-A,26458
YLR392C,148
YLR393W,339
YLR395C,10333
YLR396C,388
YLR397C,580
YLR398C,523
YLR399C,741
YLR401C,330
YLR403W,36
YLR404W,489
YLR405W,436
YLR406C,31731
YLR407W,964
YLR408C,789
YLR409C,886
YLR410W,260
YLR411W,60
YLR412W,1733
YLR413W,9081
YLR414C,4277
YLR417W,141
YLR418C,705
YLR419W,60
YLR420W,504
YLR421C,5978
YLR422W,283
YLR423C,149
YLR424W,226
YLR425W,160
YLR426W,2057
YLR427W,378
YLR428C,0
YLR429W,1803
YLR430W,1016
YLR431C,275
YLR432W,2568
YLR433C,142
YLR435W,1164
YLR436C,750
YLR437C,4365
YLR438C-A,2220
YLR438W,625
YLR439W,619
YLR440C,261
YLR441C,8109
YLR442C,231
YLR443W,763
YLR444C,79
YLR446W,309
YLR447C,4191
YLR448W,16037
YLR449W,974
YLR450W,811
YLR451W,407
YLR452C,1653
YLR453C,286
YLR454W,1025
YLR455W,757
YLR456W,484
YLR457C,344
YLR459W,782
YLR460C,117
YML001W,3539
YML003W,615
YML004C,1858
YML005W,724
YML006C,541
YML007W,1628
YML008C,1825
YML009C,1258
YML010W,1221
YML011C,527
YML012W,6621
YML013W,491
YML014W,311
YML015C,431
YML016C,1929
YML017W,309
YML018C,978
YML019W,2279
YML020W,290
YML021C,448
YML022W,6550
YML023C,2659
YML024W,72717
YML025C,1016
YML026C,31073
YML027W,2194
YML028W,20015
YML029W,476
YML030W,1150
YML031W,2601
YML032C,858
YML034W,490
YML035C,395
YML036W,1076
YML037C,88
YML038C,1151
YML041C,678
YML043C,184
YML046W,403
YML048W,6819
YML050W,634
YML051W,271
YML052W,3347
YML053C,565
YML054C,110
YML055W,2966
YML056C,9944
YML057C-A,0
YML057W,1005
YML058W,33270
YML058W-A,34
YML059C,711
YML060W,179
YML061C,241
YML062C,184
YML063W,16502
YML064C,776
YML065W,179
YML066C,0
YML067C,2967
YML068W,380
YML069W,701
YML070W,1007
YML071C,280
YML072C,1138
YML073C,24502
YML074C,840
YML075C,3018
YML076C,425
YML077W,1838
YML078W,1387
YML079W,1382
YML080W,379
YML081C-A,5862
YML081W,1198
YML082W,544
YML085C,1349
YML086C,840
YML087C,104
YML088W,364
YML089C,57
YML091C,1201
YML092C,1402
YML093W,427
YML094W,1380
YML095C,190
YML096W,715
YML097C,360
YML098W,2101
YML099C,684
YML100W,3650
YML100W-A,58
YML101C,1745
YML101C-A,58
YML102W,810
YML103C,800
YML104C,138
YML105C,574
YML106W,2771
YML107C,687
YML108W,1512
YML109W,297
YML110C,1231
YML111W,573
YML112W,665
YML113W,1422
YML114C,861
YML115C,767
YML116W,1347
YML117W,1096
YML118W,48
YML119W,544
YML120C,1870
YML121W,948
YML123C,118
YML124C,1215
YML125C,949
YML127W,1458
YML128C,723
YML129C,2316
YML130C,1272
YML131W,573
YMR001C,994
YMR001C-A,353
YMR002W,8872
YMR003W,899
YMR004W,279
YMR005W,489
YMR006C,149
YMR007W,0
YMR008C,720
YMR009W,1474
YMR010W,992
YMR011W,1451
YMR012W,2191
YMR013C,268
YMR013C-A,0
YMR014W,337
YMR015C,489
YMR016C,1869
YMR020W,426
YMR021C,442
YMR022W,5809
YMR023C,23
YMR024W,851
YMR025W,226
YMR026C,526
YMR027W,801
YMR028W,466
YMR029C,391
YMR030W,130
YMR031C,371
YMR032W,189
YMR033W,370
YMR034C,48
YMR035W,1318
YMR036C,380
YMR037C,798
YMR038C,1879
YMR039C,581
YMR040W,372
YMR041C,608
YMR042W,782
YMR043W,623
YMR044W,491
YMR046C,48
YMR047C,376
YMR048W,662
YMR049C,1253
YMR051C,449
YMR052W,465
YMR053C,109
YMR054W,1278
YMR055C,1055
YMR056C,175
YMR057C,0
YMR058W,5638
YMR059W,620
YMR060C,592
YMR061W,639
YMR062C,770
YMR063W,590
YMR064W,524
YMR066W,130
YMR067C,622
YMR068W,126
YMR070W,307
YMR071C,6021
YMR072W,3590
YMR073C,310
YMR074C,7203
YMR075W,1350
YMR076C,178
YMR077C,579
YMR078C,405
YMR079W,4886
YMR080C,2459
YMR081C,204
YMR083W,2821
YMR084W,106
YMR086C-A,245
YMR086W,259
YMR087W,278
YMR088C,917
YMR089C,1087
YMR090W,1312
YMR091C,246
YMR092C,986
YMR093W,1581
YMR094W,406
YMR095C,99
YMR096W,606
YMR097C,504
YMR098C,236
YMR099C,626
YMR100W,1277
YMR102C,144
YMR103C,34
YMR104C,808
YMR105C,1201
YMR106C,218
YMR107W,54
YMR108W,4723
YMR109W,496
YMR110C,743
YMR111C,100
YMR112C,1348
YMR113W,446
YMR114C,218
YMR115W,316
YMR116C,9719
YMR117C,867
YMR118C,0
YMR119W,326
YMR120C,172
YMR121C,1280
YMR122W-A,21212
YMR123W,5749
YMR124W,630
YMR125W,1856
YMR126C,451
YMR127C,507
YMR128W,317
YMR129W,288
YMR130W,1190
YMR131C,1365
YMR132C,810
YMR134W,576
YMR135C,575
YMR136W,667
YMR137C,145
YMR138W,185
YMR139W,153
YMR140W,292
YMR141C,0
YMR142C,34757
YMR143W,46730
YMR144W,375
YMR145C,3269
YMR146C,7807
YMR147W,418
YMR148W,414
YMR149W,3194
YMR150C,471
YMR152W,456
YMR153W,230
YMR154C,286
YMR155W,225
YMR156C,305
YMR157C,1311
YMR158W,1620
YMR159C,274
YMR160W,64
YMR161W,435
YMR162C,179
YMR163C,413
YMR164C,173
YMR165C,124
YMR166C,237
YMR167W,286
YMR168C,480
YMR169C,675
YMR170C,416
YMR171C,771
YMR173W,1154
YMR173W-A,0
YMR174C,141
YMR175W,362
YMR176W,538
YMR177W,160
YMR178W,547
YMR179W,204
YMR180C,2401
YMR181C,1621
YMR182C,765
YMR183C,2960
YMR184W,1546
YMR185W,217
YMR186W,9701
YMR187C,87
YMR188C,603
YMR189W,4563
YMR190C,160
YMR191W,1474
YMR192W,226
YMR193W,726
YMR194C-A,19
YMR194C-B,127
YMR194W,15272
YMR195W,2976
YMR196W,262
YMR197C,1472
YMR198W,184
YMR199W,1407
YMR200W,3198
YMR201C,145
YMR202W,17818
YMR203W,7487
YMR204C,145
YMR205C,7231
YMR206W,108
YMR207C,62
YMR208W,2242
YMR209C,379
YMR210W,218
YMR211W,332
YMR212C,1069
YMR213W,22
YMR214W,804
YMR215W,1135
YMR216C,1480
YMR217W,7551
YMR218C,487
YMR219W,271
YMR220W,3120
YMR221C,1049
YMR222C,1524
YMR223W,779
YMR224C,149
YMR225C,1415
YMR226C,6204
YMR227C,160
YMR228W,434
YMR229C,1270
YMR230W,32990
YMR231W,170
YMR233W,831
YMR234W,135
YMR235C,1528
YMR236W,3282
YMR237W,1098
YMR238W,1390
YMR239C,1186
YMR240C,150
YMR241W,1750
YMR242C,58323
YMR243C,4401
YMR244C-A,953
YMR245W,54
YMR246W,1865
YMR247C,275
YMR250W,827
YMR251W-A,22595
YMR252C,321
YMR253C,210
YMR255W,1259
YMR256C,2527
YMR257C,483
YMR258C,1196
YMR259C,297
YMR260C,6937
YMR261C,851
YMR262W,860
YMR263W,512
YMR264W,802
YMR265C,264
YMR266W,501
YMR267W,665
YMR268C,304
YMR269W,595
YMR270C,424
YMR271C,726
YMR272C,8895
YMR273C,585
YMR274C,391
YMR275C,537
YMR276W,1087
YMR277W,837
YMR278W,500
YMR280C,0
YMR281W,537
YMR282C,101
YMR283C,205
YMR284W,522
YMR285C,295
YMR286W,1896
YMR287C,120
YMR288W,157
YMR289W,833
YMR290C,2938
YMR291W,1932
YMR292W,2647
YMR293C,419
YMR294W,494
YMR295C,5857
YMR296C,2271
YMR297W,8187
YMR298W,1804
YMR299C,510
YMR300C,1113
YMR301C,329
YMR302C,1026
YMR303C,280
YMR304W,861
YMR305C,4471
YMR306W,68
YMR307W,13673
YMR308C,1061
YMR309C,1442
YMR310C,1949
YMR311C,420
YMR312W,499
YMR313C,836
YMR314W,6255
YMR315W,1559
YMR315W-A,214
YMR316W,365
YMR318C,2997
YMR319C,4478
YMR320W,29
YNL001W,477
YNL002C,3729
YNL003C,1511
YNL004W,1551
YNL005C,1083
YNL006W,1975
YNL007C,1726
YNL008C,303
YNL009W,29
YNL010W,2075
YNL011C,676
YNL013C,35
YNL015W,15438
YNL016W,1663
YNL020C,152
YNL021W,250
YNL022C,468
YNL023C,217
YNL024C,230
YNL024C-A,4491
YNL025C,614
YNL026W,403
YNL027W,236
YNL029C,156
YNL030W,40267
YNL031C,13867
YNL032W,819
YNL035C,296
YNL036W,3514
YNL037C,9828
YNL038W,1196
YNL039W,242
YNL040W,594
YNL041C,472
YNL042W,252
YNL042W-B,1038
YNL043C,76
YNL044W,7055
YNL045W,2489
YNL046W,3831
YNL047C,869
YNL048W,881
YNL049C,759
YNL050C,303
YNL051W,1276
YNL052W,5432
YNL053W,268
YNL054W,466
YNL055C,35969
YNL056W,1226
YNL058C,1720
YNL059C,418
YNL061W,1742
YNL062C,1214
YNL063W,614
YNL064C,4066
YNL065W,823
YNL066W,2964
YNL067W,2195
YNL068C,229
YNL069C,24493
YNL070W,3448
YNL071W,3929
YNL072W,278
YNL073W,478
YNL074C,2948
YNL075W,1003
YNL076W,212
YNL077W,121
YNL078W,252
YNL079C,2807
YNL080C,800
YNL081C,1829
YNL082W,286
YNL083W,600
YNL084C,1579
YNL085W,934
YNL086W,412
YNL087W,71
YNL088W,221
YNL090W,660
YNL091W,245
YNL092W,121
YNL093W,0
YNL094W,1428
YNL095C,90
YNL096C,11907
YNL097C,387
YNL097W-A,471
YNL098C,1638
YNL099C,689
YNL100W,987
YNL101W,967
YNL102W,501
YNL103W,541
YNL104C,15990
YNL106C,40
YNL107W,453
YNL108C,784
YNL109W,216
YNL110C,1882
YNL111C,1654
YNL112W,3942
YNL113W,3156
YNL114C,57
YNL115C,435
YNL116W,1299
YNL118C,0
YNL119W,185
YNL121C,817
YNL122C,882
YNL123W,518
YNL124W,312
YNL125C,2957
YNL126W,230
YNL127W,623
YNL129W,696
YNL130C,4671
YNL131W,5019
YNL132W,809
YNL133C,508
YNL134C,8589
YNL135C,19708
YNL136W,565
YNL137C,1156
YNL138W,1329
YNL138W-A,626
YNL139C,346
YNL141W,2025
YNL142W,1053
YNL144C,48
YNL145W,31
YNL146C-A,0
YNL146W,487
YNL147W,3636
YNL148C,216
YNL149C,3024
YNL151C,857
YNL152W,463
YNL153C,923
YNL154C,540
YNL155W,1673
YNL156C,1969
YNL157W,2404
YNL158W,879
YNL159C,1049
YNL160W,10831
YNL161W,437
YNL162W,10193
YNL162W-A,565
YNL163C,1299
YNL164C,459
YNL165W,332
YNL166C,1476
YNL167C,1569
YNL168C,1032
YNL169C,1185
YNL172W,326
YNL173C,378
YNL175C,483
YNL176C,2329
YNL177C,307
YNL178W,15051
YNL179C,92
YNL180C,609
YNL181W,460
YNL182C,659
YNL183C,915
YNL185C,3575
YNL186W,547
YNL187W,402
YNL188W,259
YNL189W,3277
YNL190W,21638
YNL191W,546
YNL192W,2361
YNL193W,195
YNL194C,53
YNL197C,1545
YNL199C,618
YNL200C,980
YNL201C,372
YNL202W,187
YNL203C,86
YNL206C,394
YNL207W,546
YNL208W,5016
YNL209W,9837
YNL211C,1305
YNL212W,485
YNL213C,440
YNL214W,487
YNL215W,215
YNL216W,183
YNL217W,918
YNL218W,240
YNL219C,969
YNL220W,1721
YNL221C,694
YNL222W,2026
YNL223W,222
YNL224C,260
YNL225C,132
YNL227C,210
YNL229C,471
YNL230C,399
YNL231C,1324
YNL232W,498
YNL233W,304
YNL234W,84
YNL236W,442
YNL237W,75
YNL238W,556
YNL239W,1285
YNL240C,1988
YNL241C,2095
YNL242W,40
YNL243W,606
YNL244C,4644
YNL245C,394
YNL246W,1354
YNL247W,1511
YNL248C,694
YNL249C,367
YNL250W,162
YNL251C,1983
YNL252C,800
YNL253W,276
YNL254C,166
YNL255C,6807
YNL256W,707
YNL257C,881
YNL258C,366
YNL259C,653
YNL261W,1316
YNL262W,294
YNL263C,3289
YNL264C,271
YNL265C,434
YNL267W,479
YNL268W,1028
YNL270C,310
YNL271C,436
YNL272C,301
YNL273W,96
YNL274C,997
YNL275W,468
YNL276C,201
YNL277W,92
YNL277W-A,327
YNL278W,140
YNL279W,93
YNL280C,3836
YNL281W,4616
YNL282W,653
YNL283C,546
YNL284C,1599
YNL285W,42
YNL286W,171
YNL287W,7005
YNL288W,1304
YNL289W,2724
YNL290W,566
YNL291C,677
YNL292W,441
YNL293W,231
YNL294C,539
YNL295W,403
YNL297C,502
YNL298W,250
YNL299W,172
YNL300W,11368
YNL301C,720
YNL302C,9369
YNL303W,112
YNL304W,123
YNL305C,2181
YNL306W,5110
YNL307C,4795
YNL308C,603
YNL309W,645
YNL310C,661
YNL311C,241
YNL312W,1331
YNL313C,957
YNL314W,451
YNL315C,703
YNL316C,357
YNL317W,177
YNL320W,409
YNL321W,2436
YNL322C,2037
YNL323W,280
YNL325C,172
YNL326C,302
YNL327W,4041
YNL328C,588
YNL329C,385
YNL330C,709
YNL331C,48
YNL333W,0
YNL334C,13
YNL335W,24
YNR001C,2949
YNR002C,62
YNR003C,738
YNR004W,224
YNR006W,576
YNR007C,560
YNR008W,147
YNR009W,742
YNR010W,648
YNR011C,169
YNR012W,771
YNR013C,3464
YNR014W,700
YNR015W,694
YNR016C,3785
YNR017W,2415
YNR018W,1381
YNR019W,1310
YNR021W,2048
YNR022C,1645
YNR023W,177
YNR024W,589
YNR026C,331
YNR027W,2086
YNR028W,158
YNR029C,324
YNR030W,507
YNR031C,198
YNR032C-A,2038
YNR032W,597
YNR033W,464
YNR034W,547
YNR034W-A,2301
YNR035C,1995
YNR036C,1473
YNR037C,2482
YNR038W,1025
YNR039C,725
YNR040W,700
YNR041C,1325
YNR043W,3730
YNR044W,2428
YNR045W,251
YNR046W,5625
YNR047W,551
YNR048W,250
YNR049C,391
YNR050C,2323
YNR051C,1449
YNR052C,1137
YNR053C,2893
YNR054C,522
YNR055C,2968
YNR056C,28
YNR057C,0
YNR058W,298
YNR059W,997
YNR060W,0
YNR061C,1100
YNR063W,67
YNR064C,37
YNR066C,768
YNR067C,1884
YNR068C,0
YNR069C,125
YNR070W,24
YNR074C,92
YNR075W,852
YOL001W,2088
YOL002C,963
YOL003C,596
YOL004W,1280
YOL005C,2960
YOL006C,176
YOL007C,1235
YOL008W,772
YOL009C,545
YOL010W,538
YOL011W,4022
YOL012C,2824
YOL013C,289
YOL014W,565
YOL015W,125
YOL016C,692
YOL017W,116
YOL018C,545
YOL019W,926
YOL020W,4097
YOL021C,714
YOL022C,671
YOL023W,227
YOL025W,75
YOL026C,3031
YOL027C,435
YOL028C,292
YOL030W,6497
YOL031C,373
YOL032W,862
YOL033W,354
YOL034W,132
YOL035C,15
YOL036W,1246
YOL038C-A,0
YOL038W,2045
YOL039W,33372
YOL040C,92870
YOL041C,1124
YOL042W,886
YOL043C,340
YOL044W,291
YOL045W,415
YOL048C,335
YOL049W,580
YOL050C,0
YOL051W,827
YOL052C,688
YOL052C-A,3783
YOL054W,526
YOL055C,74
YOL056W,569
YOL057W,457
YOL058W,2911
YOL059W,2173
YOL060C,555
YOL061W,5657
YOL062C,2137
YOL063C,170
YOL064C,548
YOL065C,455
YOL066C,252
YOL067C,716
YOL069W,426
YOL070C,1032
YOL071W,300
YOL072W,625
YOL073C,1422
YOL075C,125
YOL076W,167
YOL077C,2969
YOL077W-A,2256
YOL078W,141
YOL080C,210
YOL081W,1068
YOL082W,1151
YOL083C-A,21
YOL083W,143
YOL084W,0
YOL085W-A,379
YOL086C,48955
YOL086W-A,603
YOL087C,118
YOL088C,800
YOL089C,137
YOL090W,201
YOL092W,1370
YOL093W,716
YOL094C,457
YOL095C,156
YOL096C,626
YOL097C,1257
YOL097W-A,227
YOL098C,519
YOL100W,473
YOL101C,343
YOL102C,1845
YOL103W,954
YOL103W-A,183
YOL104C,207
YOL105C,175
YOL107W,563
YOL108C,1260
YOL109W,23584
YOL110W,207
YOL111C,1817
YOL112W,714
YOL113W,428
YOL114C,53
YOL115W,121
YOL116W,185
YOL117W,3710
YOL119C,2183
YOL120C,54844
YOL121C,26104
YOL122C,395
YOL123W,2718
YOL124C,447
YOL125W,570
YOL126C,1892
YOL127W,26608
YOL128C,279
YOL129W,2915
YOL130W,837
YOL133W,4126
YOL135C,145
YOL136C,2825
YOL137W,842
YOL138C,553
YOL139C,5742
YOL140W,198
YOL141W,268
YOL142W,1336
YOL143C,2320
YOL144W,312
YOL145C,638
YOL146W,1383
YOL147C,1599
YOL148C,668
YOL149W,1094
YOL151W,255
YOL152W,1317
YOL154W,49
YOL155C,792
YOL158C,4556
YOL159C,1455
YOL159C-A,1734
YOL160W,93
YOL162W,550
YOL163W,454
YOL164W,503
YOL164W-A,355
YOL165C,42
YOR001W,630
YOR002W,1702
YOR003W,0
YOR004W,953
YOR005C,0
YOR006C,475
YOR007C,2496
YOR008C,997
YOR008W-B,582
YOR010C,122
YOR011W,0
YOR012W,63
YOR014W,1086
YOR016C,3854
YOR017W,109
YOR018W,372
YOR019W,0
YOR020C,21291
YOR020W-A,2375
YOR021C,3097
YOR022C,212
YOR023C,1311
YOR025W,470
YOR026W,637
YOR027W,1415
YOR028C,717
YOR030W,257
YOR032C,103
YOR032W-A,0
YOR033C,481
YOR034C,361
YOR035C,285
YOR036W,613
YOR037W,498
YOR038C,122
YOR039W,634
YOR040W,97
YOR042W,701
YOR043W,1781
YOR044W,788
YOR045W,1485
YOR046C,862
YOR047C,699
YOR048C,1241
YOR049C,0
YOR051C,1053
YOR052C,4264
YOR053W,0
YOR054C,225
YOR056C,690
YOR057W,905
YOR058C,207
YOR059C,403
YOR060C,894
YOR061W,1614
YOR062C,849
YOR063W,12561
YOR064C,827
YOR065W,2284
YOR066W,1063
YOR067C,1483
YOR069W,390
YOR070C,278
YOR071C,84
YOR073W,251
YOR074C,771
YOR075W,735
YOR076C,298
YOR077W,252
YOR078W,1325
YOR079C,1418
YOR080W,675
YOR081C,409
YOR083W,218
YOR084W,98
YOR085W,2042
YOR086C,647
YOR087W,1446
YOR089C,1730
YOR090C,693
YOR091W,800
YOR092W,646
YOR093C,524
YOR094W,879
YOR095C,1131
YOR096W,39428
YOR097C,731
YOR098C,494
YOR099W,1829
YOR100C,91
YOR101W,1384
YOR103C,3488
YOR104W,447
YOR105W,24
YOR106W,304
YOR107W,410
YOR108C-A,0
YOR108W,1336
YOR109W,1196
YOR110W,330
YOR111W,767
YOR112W,610
YOR113W,503
YOR114W,137
YOR115C,1046
YOR116C,807
YOR117W,1635
YOR118W,246
YOR119C,516
YOR120W,3552
YOR122C,13901
YOR123C,450
YOR124C,449
YOR125C,644
YOR126C,392
YOR127W,1321
YOR128C,1260
YOR129C,153
YOR130C,1422
YOR131C,1018
YOR132W,357
YOR133W,7261
YOR134W,252
YOR136W,3510
YOR137C,225
YOR138C,348
YOR140W,337
YOR141C,406
YOR142W,6485
YOR143C,486
YOR144C,224
YOR145C,2961
YOR147W,287
YOR148C,1056
YOR149C,565
YOR150W,675
YOR151C,747
YOR152C,545
YOR153W,2103
YOR154W,342
YOR155C,966
YOR156C,28
YOR157C,1964
YOR158W,1033
YOR159C,2869
YOR160W,555
YOR161C,1169
YOR161W-A,198
YOR162C,200
YOR163W,1208
YOR164C,1048
YOR165W,647
YOR166C,407
YOR167C,9372
YOR168W,5303
YOR171C,631
YOR172W,288
YOR173W,379
YOR174W,811
YOR175C,646
YOR176W,1682
YOR177C,22
YOR178C,812
YOR179C,699
YOR180C,402
YOR181W,1845
YOR182C,5471
YOR184W,2164
YOR185C,1479
YOR186C-A,0
YOR186W,174
YOR187W,3499
YOR188W,320
YOR189W,1188
YOR190W,0
YOR191W,716
YOR192C-B,186
YOR193W,358
YOR194C,553
YOR195W,384
YOR196C,856
YOR197W,1346
YOR198C,1032
YOR200W,0
YOR201C,4074
YOR202W,7320
YOR204W,4598
YOR205C,790
YOR206W,2545
YOR207C,1852
YOR208W,1207
YOR209C,2627
YOR210W,7640
YOR211C,739
YOR212W,1249
YOR213C,629
YOR215C,2170
YOR216C,286
YOR217W,612
YOR219C,470
YOR220W,1019
YOR221C,1115
YOR222W,2234
YOR223W,454
YOR224C,6841
YOR226C,644
YOR227W,1688
YOR228C,624
YOR229W,53
YOR230W,2472
YOR231C-A,0
YOR231W,546
YOR232W,1860
YOR233W,358
YOR234C,25329
YOR236W,515
YOR237W,0
YOR238W,798
YOR239W,1241
YOR243C,1244
YOR244W,407
YOR245C,772
YOR246C,3081
YOR247W,40314
YOR248W,119
YOR249C,478
YOR250C,246
YOR251C,1240
YOR252W,1152
YOR253W,2590
YOR254C,812
YOR256C,205
YOR257W,1128
YOR258W,187
YOR259C,2251
YOR260W,1097
YOR261C,2401
YOR262W,1438
YOR264W,2180
YOR265W,1208
YOR266W,283
YOR267C,730
YOR268C,29
YOR269W,408
YOR270C,824
YOR271C,3294
YOR272W,2403
YOR273C,1018
YOR274W,395
YOR275C,473
YOR276W,6281
YOR277C,458
YOR278W,1149
YOR279C,411
YOR280C,581
YOR281C,1191
YOR283W,702
YOR284W,485
YOR285W,16561
YOR286W,2907
YOR287C,208
YOR288C,369
YOR289W,254
YOR290C,346
YOR291W,375
YOR292C,1960
YOR293W,68719
YOR294W,2751
YOR295W,322
YOR296W,446
YOR297C,2000
YOR298C-A,15452
YOR298W,0
YOR299W,645
YOR301W,861
YOR302W,4279
YOR303W,0
YOR304C-A,2176
YOR304W,147
YOR305W,1018
YOR306C,716
YOR307C,868
YOR308C,37
YOR309C,0
YOR310C,1440
YOR311C,820
YOR312C,58249
YOR313C,24
YOR315W,923
YOR316C,1255
YOR316C-A,70
YOR317W,2135
YOR318C,312
YOR319W,796
YOR320C,1543
YOR321W,57
YOR322C,738
YOR323C,1305
YOR324C,402
YOR326W,360
YOR327C,2318
YOR329C,178
YOR329W-A,38
YOR330C,1039
YOR332W,3070
YOR334W,489
YOR335C,1416
YOR336W,410
YOR337W,508
YOR338W,238
YOR340C,1084
YOR341W,697
YOR342C,1492
YOR343C,337
YOR343W-A,1634
YOR344C,275
YOR346W,304
YOR347C,508
YOR348C,542
YOR349W,188
YOR350C,489
YOR352W,465
YOR353C,145
YOR354C,662
YOR355W,936
YOR356W,75
YOR357C,2165
YOR358W,434
YOR359W,1825
YOR360C,2003
YOR362C,1635
YOR363C,211
YOR364W,26
YOR367W,2140
YOR368W,338
YOR369C,80328
YOR370C,651
YOR371C,161
YOR372C,695
YOR373W,277
YOR374W,6111
YOR375C,17771
YOR376W-A,1289
YOR377W,33
YOR379C,58
YOR380W,274
YOR381W,901
YOR382W,2329
YOR383C,368
YOR384W,0
YOR385W,976
YOR386W,192
YOR389W,0
YOR390W,47
YOR391C,0
YOR392W,0
YPL001W,1108
YPL002C,901
YPL003W,649
YPL004C,4268
YPL005W,225
YPL006W,563
YPL007C,135
YPL008W,311
YPL009C,590
YPL010W,11144
YPL011C,1090
YPL012W,833
YPL013C,1793
YPL014W,1308
YPL015C,1868
YPL016W,173
YPL017C,262
YPL018W,639
YPL019C,302
YPL020C,200
YPL022W,923
YPL023C,586
YPL024W,1418
YPL025C,18
YPL026C,347
YPL028W,9550
YPL029W,153
YPL030W,125
YPL031C,925
YPL032C,653
YPL033C,0
YPL034W,664
YPL036W,256
YPL037C,11671
YPL038W,973
YPL039W,256
YPL040C,307
YPL041C,235
YPL042C,160
YPL043W,1215
YPL045W,166
YPL046C,665
YPL047W,2591
YPL048W,2645
YPL049C,775
YPL050C,1562
YPL051W,507
YPL052W,770
YPL053C,1995
YPL054W,18
YPL055C,295
YPL056C,20
YPL057C,2754
YPL058C,1350
YPL059W,1943
YPL060W,200
YPL061W,3837
YPL063W,793
YPL064C,819
YPL065W,273
YPL066W,2611
YPL067C,1752
YPL068C,328
YPL069C,497
YPL070W,288
YPL071C,937
YPL072W,443
YPL074W,512
YPL075W,1583
YPL076W,1210
YPL077C,295
YPL078C,2662
YPL079W,100036
YPL081W,4464
YPL082C,185
YPL083C,473
YPL084W,1351
YPL085W,426
YPL086C,349
YPL087W,1410
YPL088W,1179
YPL089C,918
YPL090C,51506
YPL091W,1086
YPL092W,803
YPL093W,1784
YPL094C,3325
YPL095C,0
YPL096C-A,875
YPL096W,536
YPL097W,279
YPL098C,3042
YPL099C,1536
YPL100W,278
YPL101W,536
YPL103C,435
YPL104W,421
YPL105C,1145
YPL106C,6810
YPL107W,446
YPL108W,453
YPL109C,419
YPL110C,186
YPL111W,3615
YPL112C,792
YPL113C,137
YPL114W,396
YPL115C,326
YPL116W,148
YPL117C,3604
YPL118W,990
YPL119C,89
YPL120W,250
YPL122C,301
YPL123C,167
YPL124W,168
YPL125W,459
YPL126W,750
YPL127C,1720
YPL128C,1296
YPL129W,1762
YPL131W,35829
YPL132W,1011
YPL133C,467
YPL134C,1539
YPL135W,9112
YPL137C,676
YPL138C,252
YPL139C,219
YPL140C,265
YPL141C,658
YPL143W,85095
YPL144W,1917
YPL145C,2959
YPL146C,914
YPL147W,54
YPL148C,1136
YPL149W,1327
YPL150W,399
YPL151C,659
YPL152W,695
YPL152W-A,258
YPL153C,104
YPL154C,8266
YPL155C,280
YPL156C,97
YPL157W,850
YPL158C,404
YPL159C,926
YPL160W,982
YPL161C,160
YPL162C,552
YPL163C,1698
YPL164C,211
YPL165C,0
YPL166W,435
YPL167C,361
YPL168W,500
YPL169C,494
YPL170W,1365
YPL171C,141
YPL172C,451
YPL173W,476
YPL174C,497
YPL175W,526
YPL176C,325
YPL177C,1513
YPL178W,2340
YPL179W,2241
YPL180W,450
YPL181W,492
YPL183C,1793
YPL183W-A,10124
YPL184C,1617
YPL185W,52
YPL186C,197
YPL187W,12351
YPL188W,1306
YPL189C-A,7001
YPL189W,0
YPL190C,454
YPL191C,182
YPL192C,15
YPL193W,484
YPL194W,61
YPL195W,274
YPL196W,431
YPL197C,68
YPL198W,3635
YPL199C,1332
YPL202C,637
YPL203W,339
YPL204W,1855
YPL206C,5204
YPL207W,712
YPL208W,92
YPL209C,157
YPL210C,1310
YPL211W,9348
YPL212C,449
YPL213W,1189
YPL214C,346
YPL215W,805
YPL216W,225
YPL217C,280
YPL218W,3221
YPL219W,287
YPL220W,44246
YPL221W,1805
YPL222C-A,41
YPL222W,36
YPL223C,48
YPL224C,546
YPL225W,5547
YPL226W,4225
YPL227C,424
YPL228W,510
YPL229W,882
YPL230W,626
YPL231W,6739
YPL232W,658
YPL233W,469
YPL234C,1615
YPL235W,1302
YPL236C,992
YPL237W,7229
YPL239W,2435
YPL240C,3072
YPL241C,672
YPL242C,480
YPL243W,1441
YPL244C,914
YPL245W,219
YPL246C,6240
YPL247C,642
YPL248C,59
YPL249C,92
YPL249C-A,59218
YPL250C,15584
YPL250W-A,487
YPL252C,1063
YPL253C,106
YPL254W,367
YPL255W,302
YPL256C,1507
YPL257W,596
YPL258C,710
YPL259C,1016
YPL260W,781
YPL262W,1639
YPL263C,1081
YPL264C,337
YPL265W,1462
YPL266W,1801
YPL267W,586
YPL268W,409
YPL269W,276
YPL270W,177
YPL271W,2957
YPL272C,0
YPL273W,3265
YPL274W,1791
YPL277C,0
YPL279C,49
YPR001W,33
YPR002C-A,55
YPR002W,246
YPR003C,87
YPR004C,2851
YPR005C,591
YPR008W,163
YPR009W,272
YPR010C,4877
YPR010C-A,2477
YPR011C,306
YPR012W,67
YPR013C,227
YPR014C,0
YPR015C,30
YPR016C,9307
YPR017C,1790
YPR018W,219
YPR019W,362
YPR020W,1994
YPR021C,139
YPR022C,448
YPR023C,1322
YPR024W,2958
YPR025C,528
YPR026W,123
YPR028W,15050
YPR029C,254
YPR030W,376
YPR031W,381
YPR032W,122
YPR033C,1872
YPR034W,257
YPR035W,4055
YPR036W,3707
YPR036W-A,37445
YPR037C,1280
YPR040W,241
YPR041W,1038
YPR042C,1020
YPR043W,27701
YPR045C,682
YPR046W,1008
YPR047W,196
YPR048W,255
YPR049C,133
YPR050C,20
YPR051W,578
YPR052C,3824
YPR055W,248
YPR056W,792
YPR057W,490
YPR058W,1187
YPR060C,2020
YPR061C,353
YPR062W,3320
YPR063C,3943
YPR064W,56
YPR065W,989
YPR066W,285
YPR067W,1206
YPR068C,67
YPR069C,2327
YPR070W,468
YPR071W,1001
YPR072W,538
YPR073C,1560
YPR074C,4162
YPR075C,296
YPR076W,15
YPR077C,35
YPR079W,163
YPR080W,33773
YPR081C,153
YPR082C,3152
YPR083W,93
YPR084W,629
YPR085C,791
YPR086W,1080
YPR088C,2042
YPR089W,734
YPR091C,7268
YPR092W,18
YPR093C,387
YPR094W,442
YPR095C,140
YPR097W,628
YPR098C,1968
YPR099C,20
YPR100W,1824
YPR101W,1424
YPR102C,45439
YPR103W,1880
YPR104C,378
YPR105C,731
YPR106W,538
YPR107C,293
YPR108W,827
YPR109W,633
YPR110C,4837
YPR111W,260
YPR112C,1033
YPR113W,10006
YPR114W,426
YPR115W,778
YPR116W,220
YPR117W,198
YPR118W,1999
YPR119W,953
YPR120C,253
YPR121W,90
YPR122W,533
YPR124W,657
YPR125W,311
YPR126C,28
YPR127W,774
YPR128C,583
YPR129W,2472
YPR131C,1855
YPR132W,12545
YPR133C,535
YPR133W-A,13346
YPR134W,449
YPR135W,148
YPR137W,711
YPR138C,996
YPR139C,896
YPR140W,163
YPR141C,155
YPR143W,1686
YPR144C,1102
YPR145C-A,0
YPR145W,5603
YPR147C,1694
YPR148C,1328
YPR149W,2417
YPR150W,0
YPR151C,191
YPR152C,78
YPR153W,419
YPR154W,3934
YPR155C,122
YPR156C,3028
YPR157W,369
YPR158W,918
YPR158W-A,559
YPR159W,2478
YPR160W,2486
YPR161C,140
YPR162C,393
YPR163C,1733
YPR164W,928
YPR165W,4574
YPR166C,1197
YPR167C,297
YPR168W,553
YPR169W,623
YPR169W-A,2918
YPR171W,174
YPR172W,778
YPR173C,456
YPR174C,705
YPR175W,360
YPR176C,2670
YPR178W,711
YPR179C,150
YPR180W,813
YPR181C,2520
YPR182W,541
YPR183W,7809
YPR184W,593
YPR185W,290
YPR186C,495
YPR187W,2130
YPR188C,1231
YPR189W,345
YPR190C,1240
YPR191W,3214
YPR193C,468
YPR194C,364
YPR195C,213
YPR196W,345
YPR198W,2244
YPR199C,1437
YPR200C,58
YPR201W,22
SUM,14028453
,14.028453
,
Lin total TSS reads,15583984
,15.583984