GeneID,wt.2
YAL001C,157
YAL002W,203
YAL003W,25922
YAL005C,3691
YAL007C,3919
YAL008W,475
YAL009W,235
YAL010C,146
YAL011W,95
YAL012W,14671
YAL013W,143
YAL014C,672
YAL015C,92
YAL016C-A,0
YAL016W,1901
YAL017W,269
YAL018C,0
YAL019W,647
YAL020C,314
YAL021C,417
YAL022C,372
YAL023C,659
YAL024C,200
YAL025C,1249
YAL026C,696
YAL027W,188
YAL028W,22
YAL029C,554
YAL030W,1083
YAL031C,326
YAL032C,91
YAL033W,1080
YAL034C,144
YAL034W-A,223
YAL035W,1676
YAL036C,1770
YAL037W,59
YAL038W,53126
YAL039C,358
YAL040C,3807
YAL041W,284
YAL042W,3060
YAL043C,167
YAL044C,1162
YAL044W-A,2665
YAL045C,29
YAL046C,477
YAL047C,88
YAL048C,154
YAL049C,749
YAL051W,163
YAL053W,1401
YAL054C,0
YAL055W,65
YAL056W,233
YAL058W,164
YAL059C-A,0
YAL059W,1270
YAL060W,411
YAL061W,48
YAL062W,307
YAL063C,0
YAL063C-A,88
YAL064W-B,42
YAL066W,0
YAL067C,42
YAR002C-A,4966
YAR002W,356
YAR003W,203
YAR007C,340
YAR008W,281
YAR014C,526
YAR015W,736
YAR018C,187
YAR019C,36
YAR019W-A,0
YAR020C,0
YAR023C,55
YAR027W,457
YAR028W,539
YAR029W,0
YAR030C,0
YAR033W,326
YAR035W,0
YAR042W,217
YAR075W,0
YBL001C,2160
YBL002W,8822
YBL003C,13234
YBL004W,913
YBL005W,165
YBL005W-A,226
YBL006C,1371
YBL006W-A,0
YBL007C,1657
YBL008W,257
YBL009W,120
YBL010C,101
YBL011W,646
YBL013W,38
YBL014C,248
YBL015W,310
YBL016W,425
YBL017C,662
YBL018C,1110
YBL019W,61
YBL020W,920
YBL021C,286
YBL022C,452
YBL023C,211
YBL024W,1348
YBL025W,219
YBL026W,1225
YBL027W,46316
YBL028C,2087
YBL029C-A,996
YBL029W,102
YBL030C,19771
YBL031W,58
YBL032W,461
YBL033C,352
YBL034C,197
YBL035C,162
YBL036C,493
YBL037W,228
YBL038W,479
YBL039C,1912
YBL039W-B,255
YBL040C,3254
YBL041W,2427
YBL042C,2052
YBL043W,101
YBL045C,2882
YBL046W,141
YBL047C,1509
YBL049W,31
YBL050W,1192
YBL051C,766
YBL052C,183
YBL054W,294
YBL055C,343
YBL056W,1060
YBL057C,976
YBL058W,872
YBL059C-A,1147
YBL060W,93
YBL061C,352
YBL063W,98
YBL064C,1266
YBL066C,290
YBL067C,588
YBL068W,1524
YBL069W,715
YBL071W-A,1113
YBL072C,30357
YBL074C,70
YBL075C,0
YBL076C,2547
YBL078C,253
YBL079W,957
YBL080C,107
YBL081W,1308
YBL082C,1002
YBL084C,196
YBL085W,514
YBL086C,100
YBL087C,12800
YBL088C,113
YBL089W,362
YBL090W,1590
YBL091C,502
YBL091C-A,261
YBL092W,68218
YBL093C,880
YBL094C,0
YBL095W,259
YBL097W,51
YBL098W,303
YBL099W,4796
YBL100W-A,12
YBL101C,225
YBL102W,267
YBL103C,211
YBL104C,98
YBL105C,539
YBL106C,23
YBL107C,991
YBR001C,251
YBR002C,414
YBR003W,802
YBR004C,795
YBR005W,946
YBR006W,156
YBR007C,96
YBR008C,218
YBR009C,10285
YBR010W,7114
YBR011C,11072
YBR014C,695
YBR015C,2462
YBR016W,1239
YBR017C,744
YBR018C,0
YBR021W,180
YBR022W,468
YBR023C,1521
YBR024W,119
YBR025C,5162
YBR026C,618
YBR028C,519
YBR029C,658
YBR030W,332
YBR031W,18409
YBR033W,0
YBR034C,1637
YBR035C,1284
YBR036C,1335
YBR037C,356
YBR038W,880
YBR039W,2672
YBR041W,1005
YBR042C,611
YBR043C,310
YBR044C,132
YBR046C,225
YBR047W,103
YBR048W,75040
YBR049C,308
YBR050C,0
YBR051W,53
YBR052C,1145
YBR053C,456
YBR054W,3199
YBR055C,194
YBR056C-B,0
YBR056W,402
YBR056W-A,664
YBR057C,332
YBR058C,437
YBR058C-A,5271
YBR059C,556
YBR060C,181
YBR061C,422
YBR062C,220
YBR065C,360
YBR066C,179
YBR067C,4645
YBR068C,2677
YBR069C,2299
YBR070C,794
YBR071W,608
YBR072W,96
YBR073W,589
YBR074W,1253
YBR076C-A,69
YBR077C,866
YBR078W,13912
YBR079C,552
YBR080C,996
YBR081C,169
YBR082C,5874
YBR083W,266
YBR084C-A,33572
YBR084W,1392
YBR085C-A,3971
YBR085W,190
YBR086C,2420
YBR087W,422
YBR088C,1476
YBR089C-A,2215
YBR091C,1085
YBR092C,1176
YBR093C,716
YBR094W,215
YBR095C,186
YBR096W,1527
YBR097W,214
YBR098W,58
YBR101C,318
YBR102C,153
YBR103C-A,0
YBR103W,104
YBR104W,733
YBR105C,405
YBR106W,6225
YBR107C,101
YBR108W,78
YBR109C,9254
YBR110W,1097
YBR111C,2267
YBR111W-A,686
YBR112C,209
YBR114W,137
YBR115C,809
YBR116C,0
YBR117C,23
YBR118W,98518
YBR119W,90
YBR120C,609
YBR121C,5711
YBR122C,902
YBR123C,90
YBR124W,0
YBR125C,573
YBR126C,1141
YBR126W-A,4356
YBR127C,6283
YBR128C,16
YBR129C,186
YBR130C,354
YBR131W,109
YBR132C,96
YBR133C,521
YBR135W,938
YBR136W,134
YBR137W,1159
YBR138C,82
YBR139W,1346
YBR140C,456
YBR141C,162
YBR141W-A,84
YBR142W,376
YBR143C,2106
YBR145W,232
YBR146W,1228
YBR147W,0
YBR149W,1212
YBR150C,67
YBR151W,1077
YBR152W,27
YBR153W,261
YBR154C,2656
YBR155W,575
YBR156C,36
YBR157C,521
YBR158W,1180
YBR159W,2501
YBR160W,440
YBR161W,266
YBR162C,5372
YBR162W-A,6145
YBR163W,332
YBR164C,2560
YBR165W,284
YBR166C,692
YBR167C,604
YBR168W,215
YBR169C,102
YBR170C,389
YBR171W,1023
YBR172C,269
YBR173C,1685
YBR175W,314
YBR176W,144
YBR177C,856
YBR178W,0
YBR179C,166
YBR181C,58945
YBR182C,69
YBR182C-A,108
YBR183W,716
YBR184W,0
YBR185C,347
YBR187W,3004
YBR188C,361
YBR189W,27962
YBR191W,38162
YBR191W-A,45
YBR192W,239
YBR193C,447
YBR194W,159
YBR195C,193
YBR196C,19116
YBR196C-A,20
YBR196C-B,71
YBR197C,383
YBR198C,419
YBR199W,1000
YBR200W,304
YBR201C-A,74
YBR201W,191
YBR202W,263
YBR203W,49
YBR204C,154
YBR205W,1790
YBR207W,642
YBR208C,470
YBR210W,1082
YBR211C,267
YBR212W,166
YBR213W,81
YBR214W,455
YBR215W,138
YBR216C,56
YBR217W,146
YBR218C,656
YBR220C,207
YBR221C,9118
YBR222C,820
YBR223C,44
YBR225W,93
YBR227C,136
YBR228W,82
YBR229C,881
YBR230C,2239
YBR230W-A,213
YBR231C,67
YBR233W,37
YBR233W-A,812
YBR234C,1322
YBR235W,665
YBR236C,128
YBR237W,101
YBR238C,1280
YBR239C,83
YBR240C,38
YBR241C,202
YBR242W,707
YBR243C,230
YBR244W,507
YBR246W,313
YBR247C,447
YBR248C,542
YBR249C,3653
YBR250W,0
YBR251W,334
YBR252W,5013
YBR253W,711
YBR254C,645
YBR255C-A,952
YBR255W,161
YBR256C,1393
YBR257W,226
YBR258C,296
YBR259W,83
YBR260C,292
YBR261C,448
YBR262C,1204
YBR263W,1528
YBR264C,471
YBR265W,533
YBR267W,312
YBR268W,1404
YBR269C,971
YBR270C,0
YBR271W,210
YBR272C,442
YBR273C,369
YBR274W,213
YBR275C,164
YBR276C,336
YBR277C,16
YBR278W,173
YBR279W,404
YBR280C,42
YBR281C,553
YBR282W,493
YBR283C,1564
YBR284W,44
YBR285W,0
YBR286W,926
YBR287W,4259
YBR288C,477
YBR289W,40
YBR290W,607
YBR291C,618
YBR292C,272
YBR293W,63
YBR295W,148
YBR296C,62
YBR296C-A,0
YBR297W,179
YBR298C,63
YBR299W,0
YBR300C,0
YCL001W,3997
YCL002C,969
YCL004W,109
YCL005W,638
YCL005W-A,8955
YCL007C,99
YCL008C,793
YCL009C,10346
YCL010C,231
YCL011C,869
YCL012C,767
YCL014W,193
YCL016C,67
YCL017C,1450
YCL018W,804
YCL019W,464
YCL020W,0
YCL021W-A,0
YCL024W,166
YCL025C,955
YCL026C-A,48
YCL026C-B,144
YCL027W,40
YCL028W,1005
YCL029C,186
YCL030C,296
YCL031C,1894
YCL032W,322
YCL033C,1075
YCL034W,374
YCL035C,3880
YCL036W,291
YCL037C,1689
YCL038C,228
YCL039W,277
YCL040W,1000
YCL042W,67
YCL043C,15100
YCL044C,612
YCL045C,864
YCL047C,460
YCL048W-A,0
YCL049C,545
YCL050C,2707
YCL051W,319
YCL052C,441
YCL054W,664
YCL054W-A,2298
YCL055W,166
YCL056C,326
YCL057C-A,3160
YCL057W,1136
YCL058W-A,746
YCL059C,693
YCL061C,107
YCL063W,368
YCL064C,557
YCR002C,551
YCR003W,1048
YCR004C,1343
YCR005C,688
YCR006C,56
YCR007C,51
YCR008W,1251
YCR009C,1442
YCR011C,347
YCR012W,268412
YCR014C,0
YCR015C,1118
YCR016W,468
YCR017C,2102
YCR018C-A,45
YCR019W,250
YCR020C,0
YCR020C-A,807
YCR020W-B,1006
YCR021C,604
YCR022C,0
YCR023C,726
YCR024C,166
YCR024C-A,4004
YCR024C-B,0
YCR025C,0
YCR026C,229
YCR027C,424
YCR028C,613
YCR028C-A,6395
YCR030C,923
YCR031C,51181
YCR032W,123
YCR033W,313
YCR034W,3513
YCR035C,870
YCR036W,416
YCR037C,276
YCR042C,262
YCR043C,5560
YCR044C,2895
YCR045W-A,0
YCR046C,1637
YCR047C,664
YCR047W-A,0
YCR048W,549
YCR050C,0
YCR051W,1527
YCR052W,337
YCR053W,3537
YCR054C,321
YCR057C,1097
YCR059C,1217
YCR060W,1608
YCR061W,519
YCR063W,117
YCR064C,102
YCR065W,104
YCR066W,66
YCR067C,700
YCR068W,375
YCR069W,1022
YCR071C,455
YCR072C,178
YCR073C,88
YCR073W-A,717
YCR075C,485
YCR075W-A,754
YCR076C,224
YCR077C,898
YCR079W,229
YCR081C-A,19
YCR081W,231
YCR082W,1563
YCR083W,507
YCR084C,1131
YCR085W,0
YCR086W,101
YCR087C-A,1319
YCR087W,0
YCR088W,261
YCR089W,122
YCR090C,1425
YCR091W,24
YCR092C,135
YCR093W,1708
YCR094W,735
YCR095C,342
YCR095W-A,44
YCR096C,18
YCR097W,741
YCR097W-A,0
YCR098C,449
YCR101C,171
YCR102C,26
YCR102W-A,0
YCR106W,226
YCR107W,0
YDL001W,137
YDL002C,423
YDL003W,241
YDL004W,10079
YDL005C,320
YDL006W,411
YDL007W,1384
YDL008W,1267
YDL009C,105
YDL010W,574
YDL012C,872
YDL013W,213
YDL014W,2442
YDL015C,3646
YDL017W,154
YDL018C,719
YDL019C,378
YDL020C,530
YDL021W,0
YDL022W,511
YDL024C,0
YDL025C,51
YDL025W-A,0
YDL026W,0
YDL027C,167
YDL028C,59
YDL029W,926
YDL030W,136
YDL031W,107
YDL033C,279
YDL035C,112
YDL036C,259
YDL037C,549
YDL040C,1342
YDL042C,134
YDL043C,386
YDL044C,69
YDL045C,395
YDL045W-A,2281
YDL046W,10155
YDL047W,668
YDL048C,1709
YDL049C,25
YDL051W,2144
YDL052C,3081
YDL053C,600
YDL054C,241
YDL055C,13253
YDL056W,134
YDL057W,40
YDL058W,310
YDL059C,86
YDL060W,511
YDL061C,47060
YDL063C,615
YDL064W,1415
YDL065C,240
YDL066W,5493
YDL067C,4129
YDL069C,327
YDL070W,1179
YDL072C,3958
YDL073W,313
YDL074C,822
YDL075W,54523
YDL076C,298
YDL077C,151
YDL078C,1334
YDL079C,0
YDL080C,181
YDL081C,90457
YDL082W,18518
YDL083C,96177
YDL084W,3536
YDL085C-A,780
YDL085W,0
YDL086C-A,118
YDL086W,1767
YDL087C,170
YDL088C,258
YDL089W,282
YDL090C,261
YDL091C,223
YDL092W,1452
YDL093W,176
YDL094C,0
YDL095W,584
YDL097C,1205
YDL098C,333
YDL099W,395
YDL100C,3438
YDL101C,221
YDL102W,209
YDL103C,602
YDL104C,55
YDL105W,27
YDL106C,106
YDL107W,91
YDL108W,437
YDL109C,22
YDL110C,297
YDL111C,1774
YDL112W,271
YDL113C,179
YDL114W-A,37
YDL115C,295
YDL116W,359
YDL117W,360
YDL119C,121
YDL120W,668
YDL121C,3332
YDL122W,863
YDL123W,1035
YDL124W,3085
YDL125C,8929
YDL126C,1810
YDL127W,165
YDL128W,2286
YDL129W,144
YDL130W,44794
YDL130W-A,714
YDL131W,779
YDL132W,288
YDL133C-A,18480
YDL133W,141
YDL134C,1793
YDL135C,1695
YDL136W,32318
YDL137W,7391
YDL138W,76
YDL139C,62
YDL140C,1426
YDL141W,397
YDL142C,277
YDL143W,1862
YDL144C,800
YDL145C,1710
YDL146W,164
YDL147W,2461
YDL148C,505
YDL149W,35
YDL150W,480
YDL153C,973
YDL155W,236
YDL156W,0
YDL157C,3282
YDL159W,149
YDL159W-A,0
YDL160C,961
YDL160C-A,586
YDL161W,981
YDL164C,220
YDL165W,435
YDL166C,302
YDL167C,920
YDL168W,566
YDL169C,32
YDL170W,133
YDL171C,1216
YDL173W,268
YDL174C,985
YDL175C,119
YDL176W,102
YDL177C,164
YDL178W,443
YDL179W,250
YDL180W,86
YDL181W,5993
YDL182W,924
YDL183C,37
YDL184C,32848
YDL185W,1434
YDL187C,98
YDL188C,1290
YDL189W,186
YDL190C,461
YDL191W,102459
YDL192W,20242
YDL193W,555
YDL194W,45
YDL195W,1323
YDL196W,14
YDL197C,151
YDL198C,2143
YDL199C,45
YDL200C,228
YDL201W,725
YDL202W,504
YDL203C,154
YDL204W,163
YDL205C,1197
YDL206W,101
YDL207W,259
YDL208W,6795
YDL209C,132
YDL210W,0
YDL211C,74
YDL212W,11131
YDL213C,1354
YDL215C,74
YDL216C,81
YDL217C,242
YDL218W,0
YDL219W,1238
YDL220C,220
YDL221W,0
YDL222C,0
YDL223C,0
YDL224C,952
YDL225W,300
YDL226C,623
YDL227C,272
YDL229W,25646
YDL230W,218
YDL231C,556
YDL232W,2753
YDL233W,168
YDL234C,217
YDL235C,3127
YDL236W,897
YDL237W,690
YDL238C,141
YDL240W,139
YDL241W,223
YDL243C,68
YDR001C,490
YDR002W,4498
YDR003W,722
YDR003W-A,0
YDR004W,164
YDR005C,485
YDR006C,472
YDR007W,183
YDR008C,0
YDR009W,0
YDR011W,637
YDR012W,17284
YDR013W,411
YDR014W,131
YDR014W-A,0
YDR016C,532
YDR017C,166
YDR018C,0
YDR019C,167
YDR020C,342
YDR021W,111
YDR022C,365
YDR023W,4969
YDR025W,31936
YDR026C,186
YDR027C,128
YDR028C,709
YDR030C,98
YDR031W,568
YDR032C,3403
YDR033W,24387
YDR034C,314
YDR034C-D,171
YDR034W-B,318
YDR035W,638
YDR036C,369
YDR037W,4422
YDR039C,0
YDR040C,0
YDR041W,769
YDR042C,203
YDR043C,354
YDR044W,511
YDR045C,1687
YDR046C,1522
YDR047W,1890
YDR048C,0
YDR049W,139
YDR050C,68495
YDR051C,396
YDR052C,146
YDR054C,440
YDR055W,1419
YDR056C,2393
YDR057W,157
YDR058C,36
YDR059C,763
YDR060W,1077
YDR061W,399
YDR062W,2616
YDR063W,1153
YDR064W,103586
YDR065W,148
YDR066C,180
YDR067C,259
YDR068W,171
YDR069C,135
YDR070C,78
YDR071C,2596
YDR072C,805
YDR073W,717
YDR074W,592
YDR075W,303
YDR076W,90
YDR077W,15288
YDR078C,158
YDR079C-A,866
YDR079W,383
YDR080W,91
YDR081C,143
YDR082W,101
YDR083W,499
YDR084C,1869
YDR085C,131
YDR086C,12211
YDR087C,798
YDR088C,88
YDR089W,114
YDR090C,500
YDR091C,1255
YDR092W,1086
YDR093W,792
YDR096W,220
YDR097C,144
YDR098C,1723
YDR099W,2713
YDR100W,1529
YDR101C,2926
YDR103W,405
YDR104C,74
YDR105C,300
YDR106W,39
YDR107C,255
YDR108W,106
YDR109C,53
YDR110W,432
YDR111C,80
YDR113C,172
YDR114C,0
YDR115W,2755
YDR116C,501
YDR117C,288
YDR118W,39
YDR119W,1895
YDR119W-A,180
YDR120C,553
YDR121W,172
YDR122W,396
YDR123C,243
YDR124W,195
YDR125C,53
YDR126W,133
YDR127W,1143
YDR128W,173
YDR129C,1394
YDR130C,184
YDR131C,144
YDR132C,268
YDR133C,15583
YDR135C,2743
YDR137W,184
YDR138W,258
YDR139C,1269
YDR140W,1569
YDR141C,469
YDR142C,348
YDR143C,393
YDR144C,744
YDR145W,541
YDR146C,174
YDR147W,181
YDR148C,855
YDR150W,382
YDR151C,490
YDR152W,784
YDR153C,286
YDR154C,0
YDR155C,48332
YDR156W,5782
YDR158W,8459
YDR159W,177
YDR160W,132
YDR161W,720
YDR162C,169
YDR163W,137
YDR164C,297
YDR165W,1005
YDR166C,366
YDR167W,1092
YDR168W,675
YDR169C,209
YDR170C,541
YDR171W,220
YDR172W,1784
YDR173C,84
YDR174W,2372
YDR175C,674
YDR176W,163
YDR177W,1394
YDR178W,2017
YDR179C,251
YDR179W-A,97
YDR180W,146
YDR181C,106
YDR182W,695
YDR183W,355
YDR184C,1164
YDR185C,158
YDR186C,345
YDR188W,2325
YDR189W,317
YDR190C,2258
YDR191W,38
YDR192C,59
YDR194C,681
YDR195W,82
YDR196C,802
YDR197W,198
YDR198C,234
YDR200C,154
YDR201W,435
YDR202C,215
YDR204W,249
YDR205W,432
YDR206W,405
YDR207C,95
YDR208W,460
YDR210W,3873
YDR211W,686
YDR212W,2192
YDR213W,73
YDR214W,2571
YDR216W,33
YDR217C,143
YDR219C,184
YDR221W,355
YDR222W,398
YDR223W,0
YDR224C,14028
YDR225W,34113
YDR226W,9390
YDR227W,46
YDR228C,547
YDR229W,72
YDR231C,319
YDR232W,3369
YDR233C,11880
YDR234W,1025
YDR235W,312
YDR236C,723
YDR237W,399
YDR238C,1036
YDR239C,147
YDR240C,103
YDR242W,33
YDR243C,195
YDR244W,78
YDR245W,1698
YDR246W,365
YDR246W-A,0
YDR247W,604
YDR248C,456
YDR249C,447
YDR250C,0
YDR251W,853
YDR252W,147
YDR253C,32
YDR254W,149
YDR255C,156
YDR257C,560
YDR258C,241
YDR259C,55
YDR260C,539
YDR261C,312
YDR262W,532
YDR263C,17
YDR264C,823
YDR265W,127
YDR266C,306
YDR267C,378
YDR268W,235
YDR270W,228
YDR272W,955
YDR275W,515
YDR276C,29406
YDR277C,65
YDR279W,288
YDR280W,560
YDR281C,1071
YDR282C,185
YDR283C,284
YDR284C,939
YDR285W,0
YDR286C,166
YDR287W,238
YDR288W,284
YDR289C,240
YDR291W,238
YDR292C,316
YDR293C,854
YDR294C,1607
YDR295C,74
YDR296W,702
YDR297W,2313
YDR298C,3994
YDR299W,422
YDR300C,277
YDR301W,181
YDR302W,1310
YDR303C,424
YDR304C,3171
YDR305C,103
YDR306C,229
YDR307W,352
YDR308C,324
YDR309C,385
YDR310C,156
YDR311W,136
YDR312W,350
YDR313C,32
YDR314C,125
YDR315C,233
YDR316W,311
YDR316W-A,307
YDR317W,55
YDR318W,140
YDR319C,704
YDR320C,210
YDR320C-A,1155
YDR320W-B,90
YDR321W,1710
YDR322C-A,3530
YDR322W,547
YDR323C,39
YDR324C,688
YDR325W,201
YDR326C,617
YDR328C,1565
YDR329C,255
YDR330W,148
YDR331W,429
YDR332W,57
YDR333C,275
YDR334W,286
YDR335W,779
YDR336W,103
YDR337W,867
YDR338C,209
YDR339C,2100
YDR341C,2355
YDR342C,102
YDR344C,73
YDR345C,883
YDR346C,1526
YDR347W,1186
YDR348C,467
YDR349C,1044
YDR350C,446
YDR351W,384
YDR352W,1118
YDR353W,3116
YDR354W,977
YDR356W,200
YDR357C,498
YDR358W,84
YDR359C,263
YDR361C,652
YDR362C,102
YDR363W,33
YDR363W-A,2376
YDR364C,291
YDR365C,925
YDR367W,2426
YDR368W,1103
YDR369C,72
YDR370C,192
YDR371W,191
YDR372C,1460
YDR373W,2089
YDR374W-A,346
YDR375C,449
YDR376W,209
YDR377W,8296
YDR378C,2524
YDR379C-A,190
YDR379W,81
YDR380W,117
YDR381C-A,455
YDR381W,4604
YDR382W,55702
YDR383C,123
YDR384C,662
YDR385W,14798
YDR386W,33
YDR387C,139
YDR388W,1023
YDR389W,497
YDR390C,303
YDR391C,820
YDR392W,144
YDR393W,244
YDR394W,664
YDR395W,799
YDR397C,1803
YDR398W,737
YDR399W,3549
YDR400W,894
YDR404C,3272
YDR405W,161
YDR406W,27
YDR407C,450
YDR408C,971
YDR409W,58
YDR410C,1379
YDR411C,467
YDR412W,1162
YDR414C,531
YDR415C,39
YDR416W,176
YDR418W,69261
YDR419W,88
YDR420W,418
YDR421W,61
YDR422C,356
YDR423C,207
YDR424C,1268
YDR425W,160
YDR427W,1187
YDR428C,793
YDR429C,1601
YDR430C,451
YDR432W,731
YDR434W,749
YDR435C,313
YDR436W,152
YDR437W,259
YDR438W,29
YDR439W,226
YDR440W,230
YDR441C,2277
YDR443C,167
YDR444W,296
YDR445C,149
YDR446W,0
YDR447C,27666
YDR448W,169
YDR449C,994
YDR450W,22431
YDR451C,298
YDR452W,841
YDR453C,36
YDR454C,8236
YDR456W,1116
YDR457W,440
YDR458C,378
YDR459C,155
YDR460W,135
YDR461C-A,102
YDR461W,3390
YDR462W,586
YDR463W,458
YDR464W,0
YDR465C,692
YDR466W,101
YDR468C,651
YDR469W,561
YDR470C,295
YDR471W,32743
YDR472W,1063
YDR473C,114
YDR475C,149
YDR476C,882
YDR477W,579
YDR478W,275
YDR479C,122
YDR480W,110
YDR481C,1134
YDR482C,189
YDR483W,2668
YDR484W,172
YDR485C,98
YDR486C,485
YDR487C,3969
YDR488C,141
YDR489W,377
YDR490C,222
YDR492W,2168
YDR493W,766
YDR494W,674
YDR495C,40
YDR496C,412
YDR497C,6245
YDR498C,157
YDR499W,90
YDR500C,16683
YDR501W,0
YDR502C,948
YDR503C,367
YDR505C,462
YDR506C,32
YDR507C,379
YDR508C,786
YDR510C-A,0
YDR510W,4795
YDR511W,890
YDR513W,2440
YDR514C,171
YDR515W,140
YDR516C,619
YDR517W,1073
YDR518W,785
YDR519W,3233
YDR520C,57
YDR524C,954
YDR524C-A,0
YDR524C-B,98192
YDR525W-A,3251
YDR527W,287
YDR528W,410
YDR529C,5416
YDR530C,131
YDR531W,654
YDR532C,213
YDR533C,915
YDR534C,0
YDR536W,0
YDR538W,917
YDR539W,309
YDR540C,97
YDR541C,242
YEL001C,3713
YEL002C,3076
YEL003W,2117
YEL004W,429
YEL005C,173
YEL006W,389
YEL007W,1322
YEL008C-A,91
YEL009C,11244
YEL009C-A,0
YEL011W,68
YEL012W,167
YEL013W,1419
YEL015W,423
YEL016C,165
YEL017C-A,16000
YEL017W,691
YEL018W,236
YEL019C,23
YEL020C,34
YEL020C-B,545
YEL020W-A,3181
YEL021W,1171
YEL022W,341
YEL023C,54
YEL024W,3925
YEL025C,361
YEL026W,22383
YEL027W,52613
YEL028W,152
YEL029C,994
YEL030W,27
YEL031W,2793
YEL032W,201
YEL033W,0
YEL034W,84649
YEL036C,572
YEL037C,962
YEL038W,2872
YEL039C,249
YEL040W,2622
YEL041W,0
YEL042W,2607
YEL043W,229
YEL044W,942
YEL045C,0
YEL046C,3176
YEL047C,1181
YEL048C,492
YEL049W,0
YEL050C,1056
YEL051W,2793
YEL052W,526
YEL053C,649
YEL054C,45234
YEL055C,1365
YEL056W,443
YEL057C,0
YEL058W,1704
YEL059C-A,888
YEL059W,0
YEL060C,313
YEL061C,170
YEL062W,312
YEL063C,730
YEL064C,100
YEL065W,427
YEL066W,1235
YEL068C,582
YEL070W,0
YEL071W,4344
YEL072W,134
YEL073C,86
YEL075C,0
YER001W,2238
YER002W,1610
YER003C,3824
YER004W,2297
YER005W,112
YER006C-A,0
YER006W,1015
YER007C-A,3107
YER007W,44
YER008C,464
YER009W,27309
YER010C,431
YER011W,76
YER012W,1667
YER013W,72
YER014W,105
YER015W,0
YER016W,496
YER017C,483
YER018C,299
YER019C-A,9369
YER019W,749
YER020W,300
YER021W,472
YER022W,200
YER023C-A,0
YER023W,762
YER024W,0
YER025W,3509
YER026C,1253
YER027C,762
YER028C,44
YER029C,455
YER030W,1219
YER031C,2008
YER032W,125
YER033C,91
YER034W,58
YER035W,554
YER036C,3177
YER037W,590
YER038C,206
YER038W-A,23
YER039C-A,64
YER040W,233
YER041W,103
YER042W,1145
YER043C,11897
YER044C,5850
YER045C,295
YER046W,235
YER047C,120
YER048C,529
YER048W-A,2014
YER049W,1308
YER050C,1185
YER051W,79
YER052C,1760
YER053C,1085
YER053C-A,4404
YER054C,0
YER055C,5722
YER056C,7733
YER056C-A,38147
YER057C,9565
YER058W,317
YER059W,203
YER060W,555
YER061C,165
YER062C,535
YER063W,587
YER064C,130
YER065C,64
YER066W,104
YER067W,240
YER068W,375
YER069W,297
YER070W,1097
YER071C,1383
YER072W,19207
YER073W,1825
YER074W,34653
YER074W-A,1918
YER075C,97
YER076C,64
YER078C,248
YER079W,101
YER080W,399
YER081W,1851
YER082C,312
YER083C,1434
YER084W-A,38
YER086W,1753
YER087C-A,44
YER087C-B,3190
YER087W,141
YER088C,785
YER089C,1457
YER090W,875
YER091C,5862
YER092W,728
YER093C,122
YER093C-A,438
YER094C,2404
YER095W,824
YER096W,47
YER098W,0
YER099C,660
YER100W,254
YER101C,62
YER102W,72304
YER103W,47
YER104W,153
YER105C,344
YER107C,666
YER110C,2601
YER111C,34
YER112W,976
YER113C,578
YER114C,664
YER115C,309
YER116C,207
YER117W,66906
YER118C,374
YER119C,212
YER120W,8747
YER121W,22
YER122C,1407
YER123W,477
YER124C,2042
YER125W,1361
YER126C,893
YER127W,363
YER128W,242
YER129W,314
YER130C,1956
YER131W,28710
YER132C,452
YER133W,2621
YER134C,534
YER136W,603
YER137C,181
YER138W-A,39
YER139C,169
YER140W,209
YER141W,1610
YER142C,195
YER143W,226
YER144C,576
YER145C,815
YER146W,2816
YER147C,119
YER148W,2200
YER149C,203
YER150W,515
YER151C,186
YER152C,663
YER153C,124
YER154W,350
YER155C,656
YER156C,2893
YER157W,137
YER158C,297
YER159C,869
YER160C,100
YER161C,392
YER162C,40
YER163C,524
YER164W,317
YER165W,9534
YER166W,713
YER167W,360
YER168C,282
YER169W,167
YER170W,193
YER171W,247
YER172C,234
YER173W,133
YER174C,700
YER175C,86
YER175W-A,0
YER176W,288
YER177W,8067
YER178W,2406
YER179W,0
YER180C-A,199
YER181C,85
YER182W,390
YER183C,249
YER184C,120
YER185W,26
YER186C,199
YER187W,26
YER188C-A,0
YER188W,67
YFL001W,388
YFL002C,264
YFL002W-A,840
YFL004W,1133
YFL005W,2742
YFL007W,381
YFL008W,139
YFL009W,349
YFL010C,2835
YFL011W,20
YFL012W,95
YFL013C,64
YFL014W,347
YFL016C,307
YFL017C,1069
YFL017W-A,581
YFL018C,536
YFL020C,0
YFL021W,222
YFL022C,239
YFL023W,191
YFL024C,47
YFL025C,388
YFL026W,5625
YFL027C,78
YFL028C,656
YFL029C,111
YFL030W,28
YFL031C-A,0
YFL031W,17628
YFL032W,0
YFL033C,210
YFL034C-A,7724
YFL034C-B,147
YFL034W,173
YFL036W,441
YFL037W,4079
YFL038C,2240
YFL039C,15837
YFL041W,452
YFL041W-A,54
YFL042C,85
YFL044C,492
YFL045C,22354
YFL046W,386
YFL047W,526
YFL048C,281
YFL049W,148
YFL050C,50
YFL052W,0
YFL053W,0
YFL054C,26
YFL055W,0
YFL059W,0
YFL060C,0
YFL061W,0
YFL062W,0
YFL064C,83
YFR001W,1950
YFR002W,593
YFR003C,468
YFR004W,1527
YFR005C,364
YFR006W,0
YFR007W,278
YFR008W,106
YFR009W,465
YFR010W,593
YFR011C,994
YFR013W,138
YFR014C,124
YFR015C,43
YFR016C,184
YFR017C,51
YFR018C,1209
YFR019W,107
YFR020W,179
YFR021W,357
YFR022W,336
YFR024C-A,212
YFR025C,119
YFR026C,0
YFR027W,44
YFR028C,160
YFR029W,93
YFR030W,433
YFR031C,103
YFR031C-A,16409
YFR032C-A,33291
YFR033C,2030
YFR034C,511
YFR034W-A,23
YFR035C,25
YFR036W,244
YFR036W-A,0
YFR037C,839
YFR038W,274
YFR039C,259
YFR040W,306
YFR041C,419
YFR042W,1219
YFR043C,66
YFR044C,3316
YFR045W,300
YFR046C,98
YFR047C,444
YFR048W,212
YFR049W,843
YFR050C,1912
YFR051C,1732
YFR052W,2435
YFR053C,799
YFR055W,1710
YGL001C,1347
YGL002W,1309
YGL003C,206
YGL004C,227
YGL005C,247
YGL006W,259
YGL007C-A,136
YGL008C,19863
YGL009C,5238
YGL010W,299
YGL011C,2532
YGL012W,3396
YGL013C,200
YGL014W,761
YGL016W,478
YGL017W,253
YGL018C,130
YGL019W,1747
YGL020C,1647
YGL021W,220
YGL022W,319
YGL023C,288
YGL025C,147
YGL026C,1382
YGL027C,1215
YGL028C,1966
YGL029W,771
YGL030W,13674
YGL031C,22445
YGL032C,1786
YGL035C,179
YGL036W,143
YGL037C,2360
YGL038C,361
YGL039W,312
YGL040C,876
YGL041C,25
YGL041C-B,0
YGL041W-A,343
YGL043W,704
YGL044C,236
YGL045W,32
YGL047W,351
YGL048C,1916
YGL049C,206
YGL050W,782
YGL051W,28
YGL053W,185
YGL054C,3564
YGL055W,8029
YGL056C,322
YGL057C,288
YGL058W,1119
YGL059W,167
YGL060W,233
YGL061C,260
YGL062W,383
YGL063C-A,0
YGL063W,118
YGL064C,29
YGL065C,483
YGL066W,185
YGL067W,968
YGL068W,3075
YGL069C,0
YGL070C,1054
YGL071W,341
YGL073W,213
YGL075C,51
YGL076C,36439
YGL077C,1312
YGL078C,787
YGL079W,602
YGL080W,885
YGL081W,0
YGL082W,205
YGL083W,193
YGL084C,499
YGL085W,126
YGL087C,1633
YGL088W,0
YGL089C,51
YGL090W,149
YGL091C,436
YGL092W,515
YGL093W,153
YGL094C,214
YGL095C,544
YGL097W,485
YGL098W,4835
YGL099W,426
YGL100W,900
YGL101W,1200
YGL103W,65359
YGL104C,204
YGL105W,6069
YGL106W,1579
YGL107C,393
YGL108C,207
YGL110C,122
YGL111W,611
YGL112C,468
YGL113W,139
YGL114W,325
YGL115W,893
YGL116W,79
YGL117W,352
YGL118C,25
YGL119W,247
YGL120C,1250
YGL121C,165
YGL122C,859
YGL123W,86821
YGL124C,44
YGL125W,499
YGL126W,822
YGL127C,549
YGL128C,94
YGL129C,345
YGL130W,435
YGL131C,97
YGL133W,125
YGL134W,103
YGL135W,53145
YGL136C,246
YGL137W,1103
YGL139W,340
YGL140C,865
YGL141W,191
YGL142C,485
YGL143C,193
YGL144C,115
YGL145W,288
YGL146C,0
YGL147C,96040
YGL148W,2906
YGL150C,533
YGL151W,192
YGL153W,269
YGL154C,230
YGL155W,149
YGL156W,64
YGL157W,826
YGL159W,203
YGL160W,337
YGL161C,1423
YGL162W,254
YGL163C,39
YGL164C,167
YGL165C,0
YGL166W,325
YGL167C,1401
YGL169W,229
YGL170C,0
YGL171W,262
YGL172W,600
YGL173C,724
YGL174W,75
YGL175C,93
YGL176C,131
YGL178W,124
YGL179C,421
YGL180W,90
YGL181W,577
YGL183C,0
YGL184C,41
YGL185C,95
YGL186C,517
YGL187C,5452
YGL189C,102660
YGL190C,707
YGL191W,2967
YGL194C,318
YGL194C-A,747
YGL195W,1599
YGL196W,515
YGL197W,356
YGL198W,645
YGL199C,37
YGL200C,9266
YGL201C,370
YGL202W,2770
YGL203C,430
YGL204C,435
YGL205W,0
YGL206C,1551
YGL207W,856
YGL208W,100
YGL209W,302
YGL210W,495
YGL211W,270
YGL212W,109
YGL213C,734
YGL215W,1226
YGL216W,249
YGL219C,257
YGL220W,0
YGL221C,1956
YGL222C,574
YGL223C,123
YGL224C,367
YGL225W,5701
YGL226C-A,1966
YGL226W,629
YGL227W,88
YGL228W,791
YGL229C,42
YGL231C,2183
YGL232W,699
YGL233W,464
YGL234W,1874
YGL236C,166
YGL237C,38
YGL238W,1129
YGL240W,178
YGL241W,134
YGL242C,727
YGL243W,121
YGL244W,675
YGL245W,3238
YGL246C,603
YGL247W,371
YGL248W,354
YGL250W,121
YGL252C,623
YGL253W,17846
YGL254W,135
YGL255W,1357
YGL256W,1108
YGL257C,413
YGL258W,16
YGR001C,2061
YGR002C,197
YGR003W,205
YGR004W,94
YGR005C,488
YGR006W,104
YGR007W,834
YGR008C,1903
YGR009C,263
YGR010W,197
YGR012W,209
YGR013W,151
YGR014W,474
YGR015C,134
YGR016W,28
YGR017W,1459
YGR018C,60
YGR019W,239
YGR020C,4691
YGR021W,141
YGR023W,542
YGR024C,2159
YGR026W,2122
YGR027C,103987
YGR027W-A,629
YGR028W,243
YGR029W,485
YGR030C,231
YGR031W,175
YGR032W,469
YGR033C,999
YGR034W,26284
YGR035C,138
YGR035W-A,0
YGR036C,491
YGR037C,4947
YGR038W,1991
YGR039W,69
YGR040W,246
YGR041W,632
YGR042W,308
YGR043C,19
YGR044C,1601
YGR045C,0
YGR046W,272
YGR047C,194
YGR048W,255
YGR049W,718
YGR050C,44
YGR052W,132
YGR053C,34
YGR054W,3551
YGR055W,900
YGR056W,250
YGR057C,111
YGR058W,81
YGR060W,11541
YGR061C,2393
YGR062C,305
YGR063C,3582
YGR065C,381
YGR066C,0
YGR068C,202
YGR070W,81
YGR071C,206
YGR072W,246
YGR074W,1653
YGR075C,86
YGR076C,546
YGR077C,532
YGR078C,1019
YGR080W,535
YGR081C,1470
YGR082W,1887
YGR083C,318
YGR085C,13663
YGR086C,1901
YGR087C,0
YGR088W,93
YGR089W,281
YGR090W,496
YGR091W,173
YGR092W,281
YGR093W,267
YGR095C,513
YGR096W,250
YGR097W,624
YGR098C,119
YGR099W,199
YGR100W,184
YGR101W,945
YGR102C,160
YGR103W,939
YGR104C,169
YGR105W,3582
YGR106C,6356
YGR107W,85
YGR108W,1001
YGR109C,0
YGR110W,144
YGR111W,404
YGR112W,154
YGR113W,231
YGR116W,61
YGR117C,812
YGR118W,18903
YGR119C,983
YGR120C,361
YGR121C,229
YGR122W,23
YGR123C,1292
YGR124W,1769
YGR125W,327
YGR126W,109
YGR127W,0
YGR128C,1019
YGR129W,183
YGR130C,269
YGR131W,217
YGR132C,1509
YGR133W,351
YGR134W,159
YGR135W,1630
YGR136W,664
YGR137W,40
YGR138C,303
YGR140W,314
YGR141W,210
YGR142W,127
YGR143W,312
YGR144W,34
YGR145W,292
YGR146C,1205
YGR146C-A,24
YGR147C,552
YGR148C,27668
YGR149W,273
YGR150C,122
YGR152C,513
YGR153W,66
YGR154C,69
YGR155W,4331
YGR156W,101
YGR157W,1206
YGR158C,519
YGR159C,4576
YGR161C,204
YGR161W-A,12
YGR161W-C,494
YGR162W,2671
YGR163W,443
YGR164W,0
YGR165W,746
YGR166W,156
YGR167W,1339
YGR168C,134
YGR169C,147
YGR169C-A,497
YGR170W,138
YGR171C,203
YGR172C,1552
YGR173W,807
YGR174C,197
YGR174W-A,0
YGR175C,2976
YGR176W,0
YGR177C,227
YGR178C,451
YGR179C,107
YGR180C,3796
YGR181W,1903
YGR183C,4644
YGR184C,459
YGR185C,2870
YGR186W,416
YGR187C,186
YGR188C,119
YGR189C,4194
YGR191W,3906
YGR192C,231726
YGR193C,638
YGR194C,141
YGR195W,772
YGR196C,91
YGR197C,487
YGR198W,652
YGR199W,353
YGR200C,361
YGR201C,1161
YGR202C,603
YGR203W,1206
YGR204W,2035
YGR205W,261
YGR206W,1194
YGR207C,761
YGR208W,469
YGR209C,3848
YGR210C,1529
YGR211W,1203
YGR212W,19
YGR213C,58
YGR214W,32585
YGR215W,1727
YGR216C,757
YGR217W,75
YGR218W,332
YGR220C,355
YGR221C,199
YGR222W,294
YGR223C,225
YGR224W,0
YGR227W,1508
YGR229C,1292
YGR230W,334
YGR231C,828
YGR232W,1053
YGR233C,703
YGR234W,12514
YGR235C,528
YGR237C,203
YGR238C,67
YGR239C,137
YGR240C,6164
YGR241C,369
YGR243W,57
YGR244C,347
YGR245C,310
YGR246C,116
YGR247W,235
YGR248W,21
YGR249W,220
YGR250C,397
YGR251W,530
YGR252W,209
YGR253C,971
YGR254W,6913
YGR255C,460
YGR256W,0
YGR257C,343
YGR258C,126
YGR259C,0
YGR260W,1626
YGR261C,392
YGR262C,549
YGR263C,265
YGR264C,1931
YGR266W,177
YGR267C,1279
YGR268C,384
YGR269W,28
YGR270W,498
YGR271C-A,821
YGR271W,221
YGR274C,128
YGR275W,998
YGR276C,384
YGR277C,853
YGR278W,42
YGR279C,10506
YGR280C,356
YGR281W,403
YGR282C,23324
YGR283C,635
YGR284C,2622
YGR285C,3525
YGR286C,267
YGR287C,0
YGR288W,66
YGR289C,46
YGR292W,0
YGR295C,1677
YHL001W,10017
YHL002C-A,51
YHL002W,735
YHL003C,1097
YHL004W,1066
YHL006C,42
YHL006W-A,0
YHL007C,514
YHL009C,70
YHL010C,49
YHL011C,1494
YHL013C,224
YHL014C,129
YHL015W,43943
YHL016C,0
YHL017W,497
YHL018W,106
YHL019C,57
YHL020C,107
YHL021C,479
YHL023C,78
YHL024W,0
YHL025W,415
YHL026C,155
YHL027W,441
YHL028W,52
YHL029C,520
YHL030W,280
YHL031C,424
YHL032C,213
YHL033C,1698
YHL034C,2910
YHL035C,216
YHL036W,167
YHL037C,0
YHL038C,220
YHL039W,784
YHL040C,319
YHL044W,167
YHL047C,172
YHL048W,422
YHL049C,22
YHR001W,217
YHR001W-A,3983
YHR002W,82
YHR003C,445
YHR004C,181
YHR005C,728
YHR005C-A,8248
YHR006W,139
YHR007C,5691
YHR008C,1453
YHR009C,336
YHR010W,65869
YHR011W,74
YHR012W,898
YHR013C,1375
YHR015W,27
YHR016C,50
YHR017W,323
YHR018C,986
YHR019C,3795
YHR020W,2331
YHR021C,30631
YHR022C,0
YHR023W,239
YHR024C,1141
YHR025W,3584
YHR026W,1124
YHR027C,1072
YHR028C,619
YHR029C,555
YHR030C,1417
YHR031C,140
YHR032W,892
YHR033W,40
YHR034C,87
YHR035W,102
YHR036W,108
YHR037W,569
YHR038W,321
YHR039C,1434
YHR039C-A,18080
YHR040W,320
YHR041C,1255
YHR042W,1744
YHR043C,440
YHR044C,186
YHR045W,693
YHR046C,344
YHR047C,1334
YHR048W,149
YHR049W,2838
YHR050W,250
YHR051W,5512
YHR052W,1314
YHR052W-A,0
YHR053C,18
YHR055C,1113
YHR056C,414
YHR056W-A,0
YHR057C,989
YHR058C,206
YHR059W,683
YHR060W,756
YHR061C,266
YHR062C,391
YHR063C,736
YHR064C,5281
YHR065C,315
YHR066W,449
YHR067W,280
YHR068W,267
YHR069C,1061
YHR069C-A,32
YHR070W,503
YHR071C-A,75
YHR071W,357
YHR072W,862
YHR072W-A,6160
YHR073W,641
YHR074W,847
YHR075C,139
YHR076W,223
YHR077C,193
YHR078W,754
YHR079C,217
YHR080C,319
YHR081W,1062
YHR082C,300
YHR083W,775
YHR084W,333
YHR085W,707
YHR086W,737
YHR087W,263
YHR088W,776
YHR089C,6271
YHR090C,144
YHR091C,122
YHR092C,453
YHR094C,1519
YHR096C,0
YHR097C,120
YHR098C,1544
YHR099W,413
YHR100C,775
YHR101C,277
YHR102W,120
YHR103W,630
YHR104W,1285
YHR105W,40
YHR106W,80
YHR107C,629
YHR108W,747
YHR109W,114
YHR110W,474
YHR111W,190
YHR112C,247
YHR113W,852
YHR114W,349
YHR115C,598
YHR117W,483
YHR118C,119
YHR119W,229
YHR120W,152
YHR121W,1731
YHR122W,780
YHR123W,1184
YHR127W,277
YHR128W,9324
YHR129C,80
YHR131C,276
YHR132C,788
YHR132W-A,719
YHR133C,3590
YHR134W,323
YHR135C,543
YHR136C,0
YHR137W,528
YHR138C,307
YHR139C,0
YHR140W,35
YHR141C,44608
YHR142W,685
YHR143W,6722
YHR143W-A,7406
YHR144C,768
YHR145C,32
YHR146W,233
YHR147C,829
YHR148W,612
YHR149C,252
YHR150W,104
YHR151C,463
YHR152W,473
YHR153C,66
YHR154W,249
YHR155W,252
YHR156C,46
YHR157W,0
YHR158C,394
YHR159W,100
YHR161C,254
YHR162W,7235
YHR163W,4532
YHR164C,62
YHR165C,272
YHR166C,136
YHR167W,179
YHR168W,63
YHR169W,543
YHR170W,1595
YHR171W,25
YHR172W,130
YHR174W,87809
YHR175W,34
YHR177W,73
YHR178W,86
YHR179W,4083
YHR180W,28
YHR180W-A,0
YHR181W,2296
YHR182W,63
YHR183W,2500
YHR186C,205
YHR187W,388
YHR188C,1700
YHR189W,180
YHR190W,5218
YHR191C,377
YHR192W,412
YHR193C,10657
YHR193C-A,0
YHR194W,113
YHR195W,323
YHR196W,1173
YHR197W,509
YHR198C,433
YHR199C,885
YHR199C-A,84
YHR200W,975
YHR201C,421
YHR202W,153
YHR203C,43167
YHR204W,553
YHR205W,741
YHR206W,812
YHR207C,252
YHR208W,5990
YHR209W,153
YHR210C,33
YHR211W,0
YHR214C-C,11844
YHR216W,1703
YIL001W,144
YIL002C,120
YIL002W-A,2882
YIL003W,286
YIL004C,974
YIL005W,619
YIL006W,182
YIL007C,319
YIL008W,1429
YIL009C-A,361
YIL009W,654
YIL010W,525
YIL011W,94
YIL013C,0
YIL014C-A,145
YIL014W,543
YIL015W,1001
YIL016W,960
YIL017C,161
YIL018W,37183
YIL019W,195
YIL020C,423
YIL021W,957
YIL022W,785
YIL023C,655
YIL024C,0
YIL026C,100
YIL027C,1811
YIL028W,39
YIL029C,74
YIL030C,718
YIL031W,161
YIL033C,1089
YIL034C,1083
YIL035C,927
YIL036W,204
YIL038C,631
YIL039W,1233
YIL040W,4850
YIL041W,1300
YIL042C,202
YIL043C,4499
YIL044C,851
YIL045W,58
YIL046W,165
YIL046W-A,0
YIL047C,1148
YIL048W,303
YIL049W,424
YIL050W,465
YIL051C,11579
YIL052C,81695
YIL053W,15449
YIL055C,91
YIL056W,597
YIL057C,0
YIL059C,262
YIL060W,0
YIL061C,133
YIL062C,3845
YIL063C,222
YIL065C,422
YIL066C,0
YIL067C,59
YIL068C,271
YIL069C,46400
YIL070C,710
YIL071C,56
YIL074C,361
YIL075C,1458
YIL076W,2926
YIL077C,418
YIL078W,2732
YIL079C,535
YIL082W,283
YIL083C,361
YIL084C,359
YIL085C,554
YIL087C,476
YIL088C,772
YIL089W,81
YIL090W,2149
YIL091C,850
YIL092W,47
YIL093C,365
YIL094C,2006
YIL095W,110
YIL096C,199
YIL097W,99
YIL098C,1149
YIL099W,0
YIL100W,0
YIL101C,24
YIL102C-A,653
YIL103W,419
YIL104C,235
YIL105C,166
YIL106W,331
YIL107C,46
YIL108W,686
YIL109C,1590
YIL110W,501
YIL111W,175
YIL112W,139
YIL113W,64
YIL114C,969
YIL115C,363
YIL116W,287
YIL117C,718
YIL118W,686
YIL119C,103
YIL121W,286
YIL122W,110
YIL123W,2305
YIL124W,819
YIL125W,1472
YIL126W,340
YIL127C,1297
YIL128W,564
YIL129C,411
YIL130W,264
YIL131C,473
YIL132C,42
YIL133C,90272
YIL134C-A,11
YIL134W,578
YIL135C,526
YIL136W,87
YIL137C,741
YIL138C,790
YIL139C,184
YIL140W,317
YIL142W,1916
YIL143C,201
YIL144W,52
YIL145C,1923
YIL146C,45
YIL147C,174
YIL148W,152518
YIL149C,198
YIL150C,86
YIL151C,103
YIL152W,145
YIL153W,228
YIL154C,152
YIL155C,75
YIL156W,192
YIL156W-B,568
YIL157C,1490
YIL158W,782
YIL159W,90
YIL160C,0
YIL161W,346
YIL163C,0
YIL164C,172
YIL166C,17
YIR001C,451
YIR002C,249
YIR003W,190
YIR004W,528
YIR005W,294
YIR006C,1287
YIR007W,73
YIR008C,177
YIR009W,237
YIR010W,129
YIR011C,360
YIR012W,868
YIR014W,56
YIR015W,128
YIR016W,0
YIR017C,149
YIR018C-A,417
YIR018W,50
YIR020C-B,0
YIR021W,644
YIR022W,2640
YIR023W,135
YIR024C,220
YIR025W,72
YIR026C,592
YIR027C,70
YIR028W,0
YIR029W,56
YIR030C,188
YIR030W-A,0
YIR031C,118
YIR032C,223
YIR033W,374
YIR034C,343
YIR035C,1228
YIR036C,628
YIR037W,2383
YIR038C,1380
YIR039C,71
YIR042C,119
YJL001W,3964
YJL002C,5138
YJL003W,182
YJL004C,1052
YJL005W,431
YJL006C,132
YJL008C,1501
YJL010C,632
YJL011C,454
YJL012C,2440
YJL013C,153
YJL014W,1286
YJL016W,389
YJL019W,231
YJL020C,459
YJL023C,54
YJL024C,374
YJL025W,196
YJL026W,5129
YJL027C,0
YJL029C,84
YJL030W,443
YJL031C,233
YJL033W,909
YJL034W,9716
YJL035C,261
YJL036W,263
YJL038C,0
YJL039C,432
YJL041W,551
YJL042W,435
YJL044C,153
YJL046W,350
YJL047C,63
YJL047C-A,623
YJL048C,1173
YJL049W,144
YJL050W,522
YJL051W,64
YJL052W,2221
YJL053W,257
YJL054W,605
YJL055W,1294
YJL056C,221
YJL057C,94
YJL058C,107
YJL059W,123
YJL060W,1183
YJL061W,629
YJL062W,252
YJL062W-A,2971
YJL063C,869
YJL065C,672
YJL066C,326
YJL068C,611
YJL069C,634
YJL070C,88
YJL071W,197
YJL072C,471
YJL073W,298
YJL074C,238
YJL076W,646
YJL077W-A,42
YJL077W-B,42
YJL078C,1902
YJL079C,442
YJL080C,2518
YJL081C,701
YJL082W,307
YJL083W,152
YJL084C,116
YJL085W,218
YJL087C,191
YJL088W,98
YJL089W,0
YJL090C,150
YJL091C,740
YJL092W,445
YJL093C,441
YJL094C,602
YJL095W,38
YJL096W,1695
YJL097W,1525
YJL098W,440
YJL099W,119
YJL100W,182
YJL101C,1286
YJL102W,193
YJL103C,86
YJL104W,1850
YJL106W,62
YJL107C,119
YJL109C,768
YJL110C,315
YJL111W,1652
YJL112W,119
YJL113W,0
YJL115W,187
YJL116C,115
YJL117W,1002
YJL118W,320
YJL119C,147
YJL121C,3983
YJL122W,991
YJL123C,729
YJL124C,1356
YJL125C,693
YJL126W,145
YJL127C,209
YJL127C-B,1244
YJL128C,430
YJL129C,594
YJL130C,1951
YJL131C,115
YJL132W,92
YJL133C-A,389
YJL133W,518
YJL134W,570
YJL135W,0
YJL136C,36283
YJL137C,173
YJL138C,14189
YJL139C,342
YJL140W,1862
YJL141C,550
YJL143W,6580
YJL144W,47
YJL145W,555
YJL146W,128
YJL147C,113
YJL148W,2920
YJL149W,106
YJL150W,22
YJL151C,3121
YJL152W,0
YJL153C,0
YJL154C,795
YJL155C,70
YJL156C,169
YJL157C,244
YJL158C,18636
YJL159W,18595
YJL160C,383
YJL161W,41
YJL162C,139
YJL163C,45
YJL164C,481
YJL165C,490
YJL166W,10323
YJL167W,2574
YJL168C,222
YJL169W,79
YJL170C,76
YJL171C,2496
YJL172W,2689
YJL173C,3008
YJL174W,2241
YJL176C,243
YJL177W,21519
YJL178C,2759
YJL179W,1820
YJL180C,365
YJL181W,21
YJL183W,1145
YJL184W,513
YJL185C,103
YJL186W,1359
YJL187C,180
YJL189W,40862
YJL190C,72064
YJL191W,19786
YJL192C,3496
YJL193W,751
YJL194W,260
YJL195C,0
YJL196C,4291
YJL197W,302
YJL198W,846
YJL199C,290
YJL200C,393
YJL201W,230
YJL203W,175
YJL204C,146
YJL205C,384
YJL206C,126
YJL207C,372
YJL208C,360
YJL209W,246
YJL210W,871
YJL211C,0
YJL212C,1234
YJL213W,219
YJL217W,1977
YJL218W,62
YJR001W,2840
YJR002W,1464
YJR003C,470
YJR004C,198
YJR005C-A,0
YJR005W,276
YJR006W,645
YJR007W,3381
YJR008W,50
YJR009C,24299
YJR010C-A,1305
YJR010W,488
YJR011C,144
YJR013W,511
YJR014W,1704
YJR015W,2824
YJR016C,10147
YJR017C,419
YJR018W,76
YJR019C,286
YJR020W,23
YJR021C,136
YJR022W,323
YJR023C,0
YJR024C,2530
YJR025C,2255
YJR026W,142
YJR030C,56
YJR031C,183
YJR032W,374
YJR033C,193
YJR034W,828
YJR035W,63
YJR036C,0
YJR039W,48
YJR040W,496
YJR041C,456
YJR042W,806
YJR043C,315
YJR044C,1646
YJR045C,10155
YJR046W,137
YJR047C,131
YJR048W,3951
YJR049C,218
YJR050W,264
YJR051W,570
YJR052W,84
YJR053W,105
YJR054W,303
YJR055W,173
YJR056C,320
YJR057W,543
YJR058C,2485
YJR059W,391
YJR060W,189
YJR061W,0
YJR062C,329
YJR063W,2806
YJR064W,1627
YJR065C,1543
YJR066W,196
YJR067C,442
YJR068W,585
YJR069C,1522
YJR070C,2149
YJR072C,337
YJR073C,2385
YJR074W,22
YJR075W,1881
YJR076C,727
YJR077C,10675
YJR078W,0
YJR079W,26
YJR080C,194
YJR082C,861
YJR083C,92
YJR084W,215
YJR085C,7360
YJR086W,761
YJR088C,1132
YJR089W,61
YJR090C,180
YJR091C,687
YJR092W,99
YJR093C,232
YJR094C,24
YJR094W-A,25859
YJR096W,268
YJR097W,236
YJR098C,85
YJR099W,476
YJR100C,185
YJR101W,1051
YJR102C,179
YJR103W,549
YJR104C,16880
YJR105W,9614
YJR106W,195
YJR109C,580
YJR110W,23
YJR111C,272
YJR112W,232
YJR112W-A,797
YJR113C,569
YJR115W,18
YJR116W,160
YJR117W,2898
YJR118C,1808
YJR119C,39
YJR121W,6735
YJR122W,278
YJR123W,104271
YJR124C,371
YJR125C,821
YJR126C,782
YJR127C,0
YJR128W,0
YJR129C,158
YJR130C,269
YJR131W,216
YJR132W,224
YJR133W,701
YJR134C,205
YJR135C,176
YJR135W-A,729
YJR136C,114
YJR137C,963
YJR138W,60
YJR139C,10938
YJR140C,95
YJR141W,213
YJR142W,325
YJR143C,1849
YJR144W,1404
YJR145C,14553
YJR146W,0
YJR147W,1423
YJR148W,2640
YJR149W,72
YJR150C,0
YJR152W,31
YJR153W,0
YJR154W,45
YJR155W,0
YKL001C,861
YKL002W,772
YKL003C,1037
YKL004W,1472
YKL005C,205
YKL006C-A,481
YKL006W,96231
YKL007W,1656
YKL008C,1326
YKL009W,5631
YKL010C,361
YKL011C,122
YKL012W,227
YKL013C,5576
YKL014C,555
YKL015W,247
YKL016C,4177
YKL017C,177
YKL018C-A,582
YKL018W,329
YKL019W,409
YKL020C,335
YKL023W,106
YKL024C,1749
YKL025C,282
YKL026C,109
YKL027W,263
YKL028W,248
YKL029C,2764
YKL031W,37
YKL032C,274
YKL033W,180
YKL033W-A,1238
YKL034W,276
YKL035W,2660
YKL038W,615
YKL039W,2127
YKL040C,1068
YKL041W,150
YKL042W,140
YKL043W,633
YKL044W,43
YKL045W,239
YKL046C,555
YKL047W,124
YKL048C,129
YKL049C,325
YKL051W,1034
YKL052C,316
YKL053C-A,1658
YKL053W,18
YKL054C,583
YKL055C,176
YKL056C,93958
YKL057C,1213
YKL058W,3078
YKL059C,139
YKL060C,58512
YKL061W,475
YKL062W,382
YKL063C,815
YKL064W,453
YKL065C,2411
YKL065W-A,19
YKL066W,0
YKL067W,2549
YKL068W,455
YKL068W-A,1940
YKL069W,647
YKL071W,20
YKL072W,133
YKL073W,733
YKL074C,287
YKL075C,50
YKL076C,0
YKL077W,1013
YKL078W,331
YKL079W,161
YKL080W,3023
YKL081W,22995
YKL082C,645
YKL084W,741
YKL085W,1668
YKL086W,0
YKL087C,818
YKL088W,101
YKL089W,34
YKL090W,60
YKL091C,129
YKL092C,81
YKL093W,0
YKL094W,683
YKL095W,92
YKL096C-B,0
YKL096W,4205
YKL096W-A,47788
YKL098W,366
YKL099C,572
YKL100C,1234
YKL101W,468
YKL103C,524
YKL104C,1594
YKL105C,106
YKL106C-A,0
YKL106W,836
YKL107W,0
YKL108W,104
YKL109W,1455
YKL110C,727
YKL111C,0
YKL112W,215
YKL113C,612
YKL114C,327
YKL115C,0
YKL116C,460
YKL117W,2780
YKL119C,917
YKL120W,2284
YKL121W,114
YKL122C,1530
YKL124W,88
YKL125W,347
YKL126W,880
YKL127W,825
YKL128C,1247
YKL129C,94
YKL130C,579
YKL131W,0
YKL132C,103
YKL133C,38
YKL134C,165
YKL135C,158
YKL136W,53
YKL137W,848
YKL138C,1435
YKL138C-A,574
YKL139W,118
YKL140W,217
YKL141W,1111
YKL142W,1179
YKL143W,923
YKL144C,585
YKL145W,1364
YKL146W,434
YKL148C,605
YKL149C,290
YKL150W,26
YKL151C,219
YKL152C,26185
YKL153W,0
YKL154W,1314
YKL155C,181
YKL156W,24382
YKL157W,330
YKL159C,144
YKL160W,2360
YKL161C,156
YKL162C,0
YKL162C-A,34
YKL163W,634
YKL164C,5368
YKL165C,661
YKL165C-A,0
YKL166C,253
YKL167C,1040
YKL168C,92
YKL170W,1403
YKL171W,39
YKL172W,808
YKL173W,179
YKL174C,584
YKL175W,1595
YKL176C,1514
YKL178C,0
YKL179C,231
YKL180W,53235
YKL181W,2057
YKL182W,11752
YKL183C-A,0
YKL183W,211
YKL184W,1411
YKL185W,541
YKL186C,175
YKL187C,0
YKL189W,153
YKL190W,1082
YKL191W,1050
YKL192C,4535
YKL193C,333
YKL194C,214
YKL195W,705
YKL196C,3218
YKL197C,106
YKL198C,336
YKL201C,0
YKL203C,126
YKL204W,173
YKL205W,582
YKL206C,343
YKL207W,866
YKL208W,120
YKL209C,930
YKL210W,1251
YKL211C,931
YKL212W,1781
YKL213C,714
YKL214C,843
YKL215C,327
YKL216W,1248
YKL217W,0
YKL218C,151
YKL219W,358
YKL220C,35
YKL221W,71
YKL222C,71
YKR001C,1819
YKR002W,309
YKR003W,568
YKR004C,113
YKR006C,1643
YKR007W,539
YKR008W,362
YKR010C,71
YKR011C,242
YKR012C,25
YKR013W,2949
YKR014C,1376
YKR015C,32
YKR016W,294
YKR017C,0
YKR018C,854
YKR019C,58
YKR020W,257
YKR021W,96
YKR022C,302
YKR023W,167
YKR024C,259
YKR025W,531
YKR026C,645
YKR027W,168
YKR028W,659
YKR029C,76
YKR030W,932
YKR031C,78
YKR033C,0
YKR034W,20
YKR035W-A,1009
YKR036C,158
YKR037C,76
YKR038C,1516
YKR039W,1760
YKR041W,37
YKR042W,4293
YKR043C,4221
YKR044W,390
YKR045C,257
YKR046C,4677
YKR048C,1249
YKR049C,571
YKR050W,218
YKR051W,238
YKR052C,241
YKR054C,172
YKR055W,200
YKR057W,13318
YKR058W,41
YKR059W,11324
YKR060W,354
YKR061W,355
YKR062W,405
YKR063C,258
YKR064W,120
YKR065C,2043
YKR066C,1037
YKR067W,377
YKR068C,85
YKR069W,120
YKR070W,540
YKR071C,2225
YKR072C,172
YKR073C,0
YKR074W,1555
YKR075C,69
YKR076W,157
YKR077W,206
YKR078W,140
YKR079C,205
YKR080W,167
YKR081C,1059
YKR082W,374
YKR083C,319
YKR084C,279
YKR085C,934
YKR086W,66
YKR087C,437
YKR088C,477
YKR089C,206
YKR090W,198
YKR091W,673
YKR092C,256
YKR093W,2724
YKR094C,6953
YKR095W,566
YKR095W-A,734
YKR096W,193
YKR097W,0
YKR098C,162
YKR099W,161
YKR100C,812
YKR101W,39
YKR106W,0
YLL001W,275
YLL002W,229
YLL003W,215
YLL004W,224
YLL006W,503
YLL007C,210
YLL008W,1665
YLL009C,1115
YLL010C,363
YLL011W,423
YLL012W,461
YLL013C,401
YLL014W,4192
YLL015W,826
YLL018C,3501
YLL018C-A,467
YLL019C,149
YLL021W,383
YLL022C,242
YLL023C,526
YLL024C,18119
YLL025W,0
YLL026W,2355
YLL027W,652
YLL028W,742
YLL029W,343
YLL031C,1458
YLL032C,171
YLL033W,172
YLL034C,630
YLL035W,254
YLL036C,228
YLL038C,156
YLL039C,1831
YLL040C,145
YLL041C,1975
YLL042C,69
YLL043W,238
YLL045C,49483
YLL046C,0
YLL047W,0
YLL048C,1613
YLL049W,314
YLL050C,7445
YLL051C,308
YLL052C,272
YLL054C,196
YLL055W,33
YLL056C,0
YLL057C,0
YLL058W,119
YLL059C,0
YLL060C,223
YLL061W,400
YLL062C,199
YLL063C,43
YLL066C,22
YLR001C,297
YLR002C,417
YLR003C,878
YLR004C,0
YLR005W,223
YLR006C,501
YLR007W,656
YLR008C,2209
YLR009W,1805
YLR010C,330
YLR011W,146
YLR014C,262
YLR015W,309
YLR016C,446
YLR017W,1546
YLR018C,647
YLR019W,895
YLR020C,504
YLR021W,718
YLR022C,576
YLR023C,613
YLR024C,75
YLR025W,752
YLR026C,195
YLR027C,4903
YLR028C,813
YLR029C,38119
YLR031W,0
YLR032W,79
YLR033W,316
YLR034C,416
YLR035C,62
YLR036C,402
YLR037C,0
YLR038C,1980
YLR040C,636
YLR041W,22
YLR042C,319
YLR043C,11412
YLR044C,27401
YLR045C,171
YLR046C,59
YLR047C,187
YLR048W,97574
YLR049C,193
YLR050C,3647
YLR051C,1901
YLR052W,345
YLR053C,0
YLR055C,109
YLR056W,6578
YLR057W,361
YLR058C,1672
YLR059C,968
YLR060W,2056
YLR061W,29945
YLR062C,0
YLR063W,236
YLR064W,822
YLR065C,1192
YLR066W,2256
YLR067C,236
YLR068W,891
YLR069C,422
YLR071C,304
YLR072W,173
YLR073C,2902
YLR074C,1556
YLR075W,49072
YLR076C,0
YLR077W,244
YLR078C,350
YLR079W,531
YLR080W,0
YLR082C,61
YLR083C,1944
YLR084C,755
YLR085C,306
YLR086W,36
YLR087C,259
YLR088W,1151
YLR089C,950
YLR090W,217
YLR091W,142
YLR092W,81
YLR093C,597
YLR094C,228
YLR095C,206
YLR096W,106
YLR097C,154
YLR098C,119
YLR099C,392
YLR099W-A,545
YLR100W,3419
YLR101C,0
YLR102C,138
YLR103C,93
YLR104W,1040
YLR105C,635
YLR106C,796
YLR107W,328
YLR108C,129
YLR109W,19629
YLR110C,271957
YLR112W,199
YLR113W,1783
YLR114C,241
YLR115W,206
YLR116W,275
YLR117C,125
YLR118C,1035
YLR119W,304
YLR120C,2684
YLR120W-A,200
YLR121C,1049
YLR123C,107
YLR126C,191
YLR127C,110
YLR128W,216
YLR129W,1101
YLR130C,1384
YLR131C,52
YLR132C,113
YLR133W,76
YLR134W,133
YLR135W,50
YLR136C,63
YLR137W,199
YLR138W,541
YLR139C,564
YLR140W,0
YLR141W,243
YLR142W,370
YLR143W,88
YLR144C,472
YLR145W,296
YLR146C,720
YLR146W-A,1646
YLR147C,1571
YLR148W,198
YLR149C,18
YLR150W,11346
YLR151C,74
YLR152C,187
YLR153C,4265
YLR154C,605
YLR154C-G,0
YLR163C,738
YLR164W,151
YLR165C,109
YLR166C,366
YLR167W,63315
YLR168C,844
YLR170C,682
YLR171W,0
YLR172C,3118
YLR173W,101
YLR174W,0
YLR175W,2021
YLR176C,0
YLR177W,233
YLR178C,329
YLR179C,5498
YLR180W,9893
YLR181C,69
YLR182W,177
YLR183C,225
YLR185W,41115
YLR186W,2177
YLR187W,139
YLR188W,625
YLR189C,107
YLR190W,1176
YLR191W,171
YLR192C,1316
YLR193C,598
YLR194C,1435
YLR195C,578
YLR196W,1165
YLR197W,4851
YLR199C,565
YLR200W,979
YLR201C,289
YLR203C,1715
YLR204W,1162
YLR205C,250
YLR206W,710
YLR207W,211
YLR208W,1174
YLR209C,575
YLR210W,205
YLR211C,23
YLR212C,277
YLR213C,33
YLR214W,3651
YLR215C,271
YLR216C,3447
YLR219W,160
YLR220W,574
YLR221C,773
YLR222C,541
YLR223C,286
YLR224W,557
YLR225C,412
YLR226W,296
YLR227C,95
YLR228C,213
YLR229C,8725
YLR230W,114
YLR231C,87
YLR233C,35
YLR234W,73
YLR236C,0
YLR237W,77
YLR238W,99
YLR239C,404
YLR240W,232
YLR241W,255
YLR242C,444
YLR243W,479
YLR244C,1348
YLR245C,437
YLR246W,447
YLR247C,79
YLR248W,829
YLR249W,71627
YLR250W,696
YLR251W,78
YLR253W,427
YLR254C,113
YLR255C,0
YLR256W,316
YLR257W,2545
YLR258W,220
YLR259C,2358
YLR260W,117
YLR261C,33
YLR262C,1096
YLR262C-A,4985
YLR263W,23
YLR264W,39714
YLR265C,246
YLR266C,31
YLR267W,0
YLR268W,1277
YLR270W,418
YLR271W,30
YLR272C,168
YLR273C,42
YLR274W,241
YLR275W,711
YLR276C,469
YLR277C,216
YLR278C,142
YLR281C,106
YLR283W,344
YLR284C,47
YLR285W,1902
YLR286C,5723
YLR286W-A,40
YLR287C,705
YLR287C-A,10618
YLR288C,150
YLR289W,79
YLR290C,309
YLR291C,626
YLR292C,1041
YLR293C,12018
YLR295C,3413
YLR297W,1314
YLR298C,206
YLR299C-A,55
YLR299W,274
YLR300W,5901
YLR301W,815
YLR303W,14061
YLR304C,7239
YLR305C,318
YLR306W,265
YLR307C-A,0
YLR307W,0
YLR309C,373
YLR310C,287
YLR312C,0
YLR312W-A,882
YLR313C,46
YLR314C,500
YLR315W,171
YLR316C,208
YLR317W,0
YLR318W,20
YLR319C,205
YLR320W,192
YLR321C,227
YLR322W,0
YLR323C,101
YLR324W,311
YLR325C,30276
YLR326W,165
YLR327C,114
YLR328W,506
YLR330W,851
YLR332W,951
YLR333C,20627
YLR335W,424
YLR336C,221
YLR337C,317
YLR340W,73813
YLR342W,4579
YLR344W,22658
YLR345W,168
YLR346C,37
YLR347C,921
YLR348C,1017
YLR349W,0
YLR350W,2100
YLR351C,2061
YLR352W,96
YLR353W,237
YLR354C,5806
YLR355C,8843
YLR356W,983
YLR357W,275
YLR359W,326
YLR360W,343
YLR361C,224
YLR361C-A,656
YLR362W,84
YLR363C,312
YLR363W-A,1543
YLR364W,152
YLR365W,0
YLR367W,15539
YLR368W,94
YLR369W,197
YLR370C,2707
YLR371W,677
YLR372W,4213
YLR373C,256
YLR374C,0
YLR375W,2199
YLR376C,125
YLR378C,1843
YLR380W,369
YLR381W,50
YLR382C,284
YLR383W,114
YLR384C,859
YLR385C,134
YLR386W,364
YLR387C,428
YLR388W,8576
YLR389C,614
YLR390W,73
YLR390W-A,11989
YLR392C,98
YLR393W,100
YLR395C,8286
YLR396C,222
YLR397C,406
YLR398C,185
YLR399C,603
YLR401C,236
YLR403W,18
YLR404W,316
YLR405W,353
YLR406C,30688
YLR407W,585
YLR408C,357
YLR409C,1087
YLR410W,313
YLR411W,71
YLR412W,745
YLR413W,8914
YLR414C,1591
YLR417W,72
YLR418C,396
YLR419W,14
YLR420W,476
YLR421C,3309
YLR422W,184
YLR423C,59
YLR424W,84
YLR425W,73
YLR426W,562
YLR427W,258
YLR428C,0
YLR429W,1518
YLR430W,402
YLR431C,122
YLR432W,2723
YLR433C,74
YLR435W,755
YLR436C,740
YLR437C,1696
YLR438C-A,1233
YLR438W,382
YLR439W,368
YLR440C,273
YLR441C,12113
YLR442C,112
YLR443W,407
YLR444C,0
YLR446W,35
YLR447C,3721
YLR448W,28853
YLR449W,772
YLR450W,772
YLR451W,148
YLR452C,1067
YLR453C,118
YLR454W,533
YLR455W,328
YLR456W,137
YLR457C,59
YLR459W,605
YLR460C,47
YML001W,2839
YML003W,141
YML004C,1183
YML005W,268
YML006C,498
YML007W,845
YML008C,2147
YML009C,1334
YML010W,696
YML011C,366
YML012W,5617
YML013W,352
YML014W,168
YML015C,210
YML016C,631
YML017W,291
YML018C,1288
YML019W,1590
YML020W,78
YML021C,295
YML022W,10753
YML023C,917
YML024W,117511
YML025C,412
YML026C,45168
YML027W,288
YML028W,22514
YML029W,256
YML030W,705
YML031W,1798
YML032C,385
YML034W,259
YML035C,385
YML036W,1055
YML037C,45
YML038C,578
YML041C,304
YML043C,72
YML046W,325
YML048W,7067
YML050W,185
YML051W,223
YML052W,2242
YML053C,214
YML054C,0
YML055W,2462
YML056C,8100
YML057C-A,0
YML057W,472
YML058W,21214
YML058W-A,152
YML059C,393
YML060W,74
YML061C,170
YML062C,81
YML063W,29037
YML064C,307
YML065W,155
YML066C,19
YML067C,2553
YML068W,142
YML069W,570
YML070W,821
YML071C,225
YML072C,1378
YML073C,33288
YML074C,1307
YML075C,2346
YML076C,187
YML077W,1379
YML078W,2321
YML079W,1306
YML080W,299
YML081C-A,6479
YML081W,737
YML082W,471
YML085C,2515
YML086C,919
YML087C,61
YML088W,475
YML089C,0
YML091C,369
YML092C,1386
YML093W,405
YML094W,1191
YML095C,70
YML096W,467
YML097C,267
YML098W,844
YML099C,239
YML100W,900
YML100W-A,0
YML101C,1495
YML101C-A,0
YML102W,381
YML103C,438
YML104C,52
YML105C,601
YML106W,3007
YML107C,162
YML108W,959
YML109W,91
YML110C,1426
YML111W,246
YML112W,274
YML113W,495
YML114C,343
YML115C,1207
YML116W,584
YML117W,610
YML118W,20
YML119W,255
YML120C,1048
YML121W,444
YML123C,7162
YML124C,1439
YML125C,1233
YML127W,772
YML128C,158
YML129C,981
YML130C,1043
YML131W,425
YMR001C,371
YMR001C-A,118
YMR002W,5008
YMR003W,635
YMR004W,214
YMR005W,378
YMR006C,487
YMR007W,24
YMR008C,766
YMR009W,1059
YMR010W,1069
YMR011W,1174
YMR012W,3145
YMR013C,149
YMR013C-A,0
YMR014W,323
YMR015C,342
YMR016C,596
YMR020W,290
YMR021C,159
YMR022W,2404
YMR023C,25
YMR024W,369
YMR025W,84
YMR026C,390
YMR027W,598
YMR028W,269
YMR029C,228
YMR030W,34
YMR031C,257
YMR032W,101
YMR033W,495
YMR034C,28
YMR035W,630
YMR036C,191
YMR037C,372
YMR038C,1435
YMR039C,609
YMR040W,168
YMR041C,253
YMR042W,405
YMR043W,985
YMR044W,432
YMR046C,48
YMR047C,326
YMR048W,197
YMR049C,928
YMR051C,247
YMR052W,163
YMR053C,35
YMR054W,887
YMR055C,239
YMR056C,36
YMR057C,0
YMR058W,6274
YMR059W,567
YMR060C,411
YMR061W,672
YMR062C,305
YMR063W,123
YMR064W,233
YMR066W,70
YMR067C,282
YMR068W,60
YMR070W,160
YMR071C,3115
YMR072W,2819
YMR073C,181
YMR074C,6723
YMR075W,259
YMR076C,82
YMR077C,300
YMR078C,267
YMR079W,4177
YMR080C,1374
YMR081C,109
YMR083W,2074
YMR084W,0
YMR086C-A,84
YMR086W,209
YMR087W,120
YMR088C,1120
YMR089C,576
YMR090W,233
YMR091C,227
YMR092C,543
YMR093W,982
YMR094W,125
YMR095C,0
YMR096W,35
YMR097C,201
YMR098C,238
YMR099C,623
YMR100W,593
YMR102C,306
YMR103C,22
YMR104C,291
YMR105C,108
YMR106C,141
YMR107W,0
YMR108W,2606
YMR109W,352
YMR110C,351
YMR111C,34
YMR112C,695
YMR113W,334
YMR114C,56
YMR115W,168
YMR116C,28439
YMR117C,197
YMR118C,0
YMR119W,346
YMR120C,55
YMR121C,414
YMR122W-A,12901
YMR123W,4314
YMR124W,179
YMR125W,1525
YMR126C,287
YMR127C,239
YMR128W,228
YMR129W,372
YMR130W,1223
YMR131C,1127
YMR132C,398
YMR134W,465
YMR135C,208
YMR136W,247
YMR137C,36
YMR138W,169
YMR139W,111
YMR140W,108
YMR141C,25
YMR142C,45288
YMR143W,58313
YMR144W,135
YMR145C,3838
YMR146C,5486
YMR147W,158
YMR148W,424
YMR149W,2340
YMR150C,575
YMR152W,160
YMR153W,117
YMR154C,101
YMR155W,62
YMR156C,90
YMR157C,935
YMR158W,746
YMR159C,31
YMR160W,0
YMR161W,291
YMR162C,110
YMR163C,156
YMR164C,61
YMR165C,117
YMR166C,129
YMR167W,70
YMR168C,148
YMR169C,47
YMR170C,191
YMR171C,545
YMR173W,1544
YMR173W-A,0
YMR174C,51
YMR175W,45
YMR176W,252
YMR177W,202
YMR178W,532
YMR179W,127
YMR180C,305
YMR181C,564
YMR182C,313
YMR183C,2387
YMR184W,691
YMR185W,115
YMR186W,11149
YMR187C,60
YMR188C,525
YMR189W,392
YMR190C,85
YMR191W,931
YMR192W,101
YMR193W,443
YMR194C-A,91
YMR194C-B,27
YMR194W,15873
YMR195W,1497
YMR196W,25
YMR197C,449
YMR198W,86
YMR199W,380
YMR200W,1806
YMR201C,108
YMR202W,18208
YMR203W,8457
YMR204C,25
YMR205C,5577
YMR206W,0
YMR207C,49
YMR208W,1490
YMR209C,625
YMR210W,155
YMR211W,241
YMR212C,923
YMR213W,46
YMR214W,652
YMR215W,2629
YMR216C,673
YMR217W,8853
YMR218C,315
YMR219W,133
YMR220W,1932
YMR221C,794
YMR222C,949
YMR223W,563
YMR224C,129
YMR225C,898
YMR226C,4371
YMR227C,100
YMR228W,201
YMR229C,1228
YMR230W,46307
YMR231W,160
YMR233W,502
YMR234W,93
YMR235C,1558
YMR236W,1755
YMR237W,727
YMR238W,898
YMR239C,633
YMR240C,63
YMR241W,3147
YMR242C,72476
YMR243C,4923
YMR244C-A,588
YMR245W,54
YMR246W,2554
YMR247C,206
YMR250W,203
YMR251W-A,13944
YMR252C,162
YMR253C,159
YMR255W,359
YMR256C,2416
YMR257C,286
YMR258C,577
YMR259C,275
YMR260C,12471
YMR261C,549
YMR262W,257
YMR263W,441
YMR264W,556
YMR265C,232
YMR266W,2156
YMR267W,617
YMR268C,123
YMR269W,547
YMR270C,141
YMR271C,158
YMR272C,4594
YMR273C,227
YMR274C,614
YMR275C,319
YMR276W,1035
YMR277W,533
YMR278W,231
YMR280C,0
YMR281W,383
YMR282C,115
YMR283C,146
YMR284W,264
YMR285C,159
YMR286W,1891
YMR287C,136
YMR288W,218
YMR289W,667
YMR290C,2592
YMR291W,315
YMR292W,3369
YMR293C,140
YMR294W,114
YMR295C,3341
YMR296C,2604
YMR297W,8628
YMR298W,1569
YMR299C,212
YMR300C,630
YMR301C,237
YMR302C,428
YMR303C,0
YMR304W,364
YMR305C,4191
YMR306W,31
YMR307W,12197
YMR308C,1325
YMR309C,1645
YMR310C,734
YMR311C,410
YMR312W,143
YMR313C,653
YMR314W,3750
YMR315W,866
YMR315W-A,67
YMR316W,1343
YMR318C,2582
YMR319C,1518
YMR320W,75
YNL001W,444
YNL002C,1996
YNL003C,925
YNL004W,699
YNL005C,824
YNL006W,810
YNL007C,1416
YNL008C,306
YNL009W,0
YNL010W,3668
YNL011C,210
YNL013C,0
YNL015W,5210
YNL016W,2245
YNL020C,159
YNL021W,128
YNL022C,307
YNL023C,194
YNL024C,472
YNL024C-A,2847
YNL025C,200
YNL026W,284
YNL027W,191
YNL029C,89
YNL030W,19115
YNL031C,15436
YNL032W,478
YNL035C,228
YNL036W,519
YNL037C,5937
YNL038W,821
YNL039W,135
YNL040W,543
YNL041C,197
YNL042W,186
YNL042W-B,431
YNL043C,54
YNL044W,7173
YNL045W,1304
YNL046W,837
YNL047C,256
YNL048W,780
YNL049C,468
YNL050C,183
YNL051W,489
YNL052W,3982
YNL053W,137
YNL054W,126
YNL055C,27057
YNL056W,557
YNL058C,636
YNL059C,297
YNL061W,1623
YNL062C,699
YNL063W,180
YNL064C,3116
YNL065W,493
YNL066W,7168
YNL067W,6947
YNL068C,117
YNL069C,27057
YNL070W,4193
YNL071W,2580
YNL072W,179
YNL073W,388
YNL074C,853
YNL075W,589
YNL076W,89
YNL077W,0
YNL078W,19
YNL079C,2626
YNL080C,681
YNL081C,1005
YNL082W,119
YNL083W,293
YNL084C,1491
YNL085W,1023
YNL086W,217
YNL087W,749
YNL088W,203
YNL090W,427
YNL091W,209
YNL092W,18
YNL093W,0
YNL094W,622
YNL095C,127
YNL096C,13507
YNL097C,177
YNL097W-A,28
YNL098C,995
YNL099C,369
YNL100W,620
YNL101W,464
YNL102W,156
YNL103W,208
YNL104C,6658
YNL106C,39
YNL107W,326
YNL108C,670
YNL109W,32
YNL110C,1822
YNL111C,1935
YNL112W,3537
YNL113W,2072
YNL114C,0
YNL115C,289
YNL116W,235
YNL118C,258
YNL119W,138
YNL121C,1047
YNL122C,562
YNL123W,440
YNL124W,93
YNL125C,391
YNL126W,149
YNL127W,215
YNL129W,357
YNL130C,2757
YNL131W,3761
YNL132W,674
YNL133C,223
YNL134C,3873
YNL135C,23098
YNL136W,213
YNL137C,1135
YNL138W,1156
YNL138W-A,344
YNL139C,319
YNL141W,1575
YNL142W,1123
YNL144C,52
YNL145W,34190
YNL146C-A,164
YNL146W,89
YNL147W,2918
YNL148C,85
YNL149C,4813
YNL151C,850
YNL152W,263
YNL153C,1146
YNL154C,423
YNL155W,1106
YNL156C,1296
YNL157W,1020
YNL158W,312
YNL159C,206
YNL160W,1781
YNL161W,195
YNL162W,21801
YNL162W-A,280
YNL163C,353
YNL164C,192
YNL165W,258
YNL166C,766
YNL167C,698
YNL168C,1021
YNL169C,933
YNL172W,142
YNL173C,362
YNL175C,414
YNL176C,592
YNL177C,294
YNL178W,25213
YNL179C,0
YNL180C,316
YNL181W,481
YNL182C,667
YNL183C,399
YNL185C,2345
YNL186W,326
YNL187W,98
YNL188W,119
YNL189W,1864
YNL190W,20291
YNL191W,419
YNL192W,1508
YNL193W,186
YNL194C,0
YNL197C,844
YNL199C,268
YNL200C,306
YNL201C,375
YNL202W,0
YNL203C,0
YNL206C,293
YNL207W,358
YNL208W,3618
YNL209W,14035
YNL211C,598
YNL212W,354
YNL213C,263
YNL214W,233
YNL215W,203
YNL216W,182
YNL217W,2031
YNL218W,155
YNL219C,951
YNL220W,1239
YNL221C,194
YNL222W,645
YNL223W,119
YNL224C,142
YNL225C,81
YNL227C,206
YNL229C,405
YNL230C,57
YNL231C,624
YNL232W,376
YNL233W,158
YNL234W,367
YNL236W,363
YNL237W,63
YNL238W,643
YNL239W,801
YNL240C,548
YNL241C,1682
YNL242W,50
YNL243W,441
YNL244C,10416
YNL245C,111
YNL246W,731
YNL247W,1138
YNL248C,841
YNL249C,151
YNL250W,99
YNL251C,1761
YNL252C,619
YNL253W,126
YNL254C,90
YNL255C,4652
YNL256W,558
YNL257C,381
YNL258C,266
YNL259C,1884
YNL261W,372
YNL262W,187
YNL263C,1652
YNL264C,262
YNL265C,266
YNL267W,274
YNL268W,681
YNL270C,17
YNL271C,363
YNL272C,221
YNL273W,44
YNL274C,291
YNL275W,266
YNL276C,46
YNL277W,22
YNL277W-A,64
YNL278W,119
YNL279W,0
YNL280C,2504
YNL281W,4117
YNL282W,191
YNL283C,859
YNL284C,1179
YNL285W,0
YNL286W,250
YNL287W,4923
YNL288W,686
YNL289W,513
YNL290W,502
YNL291C,496
YNL292W,665
YNL293W,128
YNL294C,187
YNL295W,152
YNL297C,321
YNL298W,142
YNL299W,109
YNL300W,3458
YNL301C,640
YNL302C,23538
YNL303W,0
YNL304W,69
YNL305C,808
YNL306W,3649
YNL307C,4150
YNL308C,633
YNL309W,100
YNL310C,510
YNL311C,155
YNL312W,1192
YNL313C,931
YNL314W,113
YNL315C,625
YNL316C,220
YNL317W,109
YNL320W,387
YNL321W,1293
YNL322C,1075
YNL323W,296
YNL325C,123
YNL326C,137
YNL327W,2122
YNL328C,116
YNL329C,182
YNL330C,532
YNL331C,22
YNL333W,0
YNL334C,0
YNL335W,0
YNR001C,1325
YNR002C,0
YNR003C,475
YNR004W,292
YNR006W,252
YNR007C,255
YNR008W,176
YNR009W,361
YNR010W,359
YNR011C,100
YNR012W,479
YNR013C,999
YNR014W,181
YNR015W,438
YNR016C,3919
YNR017W,1421
YNR018W,1283
YNR019W,956
YNR021W,1785
YNR022C,1277
YNR023W,55
YNR024W,427
YNR026C,274
YNR027W,852
YNR028W,305
YNR029C,172
YNR030W,540
YNR031C,164
YNR032C-A,2505
YNR032W,313
YNR033W,352
YNR034W,156
YNR034W-A,191
YNR035C,1016
YNR036C,1174
YNR037C,1615
YNR038W,636
YNR039C,502
YNR040W,391
YNR041C,679
YNR043W,3583
YNR044W,1039
YNR045W,139
YNR046W,2482
YNR047W,323
YNR048W,241
YNR049C,152
YNR050C,951
YNR051C,1435
YNR052C,957
YNR053C,2432
YNR054C,400
YNR055C,1394
YNR056C,0
YNR057C,0
YNR058W,0
YNR059W,70
YNR060W,135
YNR061C,433
YNR063W,42
YNR064C,0
YNR066C,369
YNR067C,1828
YNR068C,0
YNR069C,0
YNR070W,0
YNR074C,0
YNR075W,746
YOL001W,667
YOL002C,710
YOL003C,247
YOL004W,608
YOL005C,2208
YOL006C,76
YOL007C,458
YOL008W,451
YOL009C,156
YOL010W,371
YOL011W,2540
YOL012C,2173
YOL013C,258
YOL014W,898
YOL015W,18
YOL016C,945
YOL017W,33
YOL018C,284
YOL019W,431
YOL020W,1965
YOL021C,529
YOL022C,685
YOL023W,103
YOL025W,99
YOL026C,1220
YOL027C,401
YOL028C,240
YOL030W,5202
YOL031C,322
YOL032W,161
YOL033W,231
YOL034W,136
YOL035C,0
YOL036W,529
YOL038C-A,24
YOL038W,1245
YOL039W,76477
YOL040C,117836
YOL041C,645
YOL042W,525
YOL043C,71
YOL044W,223
YOL045W,324
YOL048C,160
YOL049W,583
YOL050C,0
YOL051W,567
YOL052C,902
YOL052C-A,333
YOL054W,234
YOL055C,69
YOL056W,361
YOL057W,427
YOL058W,541
YOL059W,1672
YOL060C,344
YOL061W,4650
YOL062C,1062
YOL063C,133
YOL064C,1179
YOL065C,233
YOL066C,135
YOL067C,285
YOL069W,201
YOL070C,471
YOL071W,230
YOL072W,295
YOL073C,537
YOL075C,83
YOL076W,157
YOL077C,2159
YOL077W-A,4255
YOL078W,71
YOL080C,357
YOL081W,541
YOL082W,430
YOL083C-A,0
YOL083W,50
YOL084W,0
YOL085W-A,253
YOL086C,107347
YOL086W-A,499
YOL087C,89
YOL088C,492
YOL089C,48
YOL090W,172
YOL092W,1583
YOL093W,487
YOL094C,365
YOL095C,89
YOL096C,265
YOL097C,1638
YOL097W-A,210
YOL098C,575
YOL100W,181
YOL101C,377
YOL102C,1409
YOL103W,996
YOL103W-A,199
YOL104C,26
YOL105C,85
YOL107W,199
YOL108C,328
YOL109W,26773
YOL110W,184
YOL111C,984
YOL112W,180
YOL113W,259
YOL114C,57
YOL115W,238
YOL116W,170
YOL117W,706
YOL119C,582
YOL120C,73651
YOL121C,39563
YOL122C,206
YOL123W,1964
YOL124C,497
YOL125W,514
YOL126C,361
YOL127W,82401
YOL128C,195
YOL129W,1668
YOL130W,442
YOL133W,1561
YOL135C,68
YOL136C,2160
YOL137W,377
YOL138C,208
YOL139C,6998
YOL140W,82
YOL141W,170
YOL142W,525
YOL143C,1876
YOL144W,307
YOL145C,617
YOL146W,116
YOL147C,1162
YOL148C,304
YOL149W,900
YOL151W,193
YOL152W,916
YOL154W,17
YOL155C,293
YOL158C,631
YOL159C,564
YOL159C-A,215
YOL160W,0
YOL162W,0
YOL163W,33
YOL164W,73
YOL164W-A,0
YOL165C,88
YOR001W,499
YOR002W,1206
YOR003W,0
YOR004W,1025
YOR005C,27
YOR006C,488
YOR007C,4381
YOR008C,1017
YOR008W-B,100
YOR010C,30
YOR011W,22
YOR012W,93
YOR014W,652
YOR016C,2340
YOR017W,82
YOR018W,154
YOR019W,0
YOR020C,17446
YOR020W-A,582
YOR021C,2973
YOR022C,131
YOR023C,286
YOR025W,149
YOR026W,231
YOR027W,949
YOR028C,131
YOR030W,119
YOR032C,206
YOR032W-A,22
YOR033C,209
YOR034C,370
YOR035C,183
YOR036W,357
YOR037W,140
YOR038C,130
YOR039W,706
YOR040W,82
YOR042W,402
YOR043W,805
YOR044W,312
YOR045W,1688
YOR046C,709
YOR047C,545
YOR048C,680
YOR049C,17
YOR051C,1201
YOR052C,1946
YOR053W,21
YOR054C,55
YOR056C,844
YOR057W,561
YOR058C,178
YOR059C,154
YOR060C,294
YOR061W,770
YOR062C,146
YOR063W,19528
YOR064C,197
YOR065W,1069
YOR066W,268
YOR067C,1409
YOR069W,230
YOR070C,74
YOR071C,180
YOR073W,150
YOR074C,401
YOR075W,315
YOR076C,166
YOR077W,113
YOR078W,840
YOR079C,711
YOR080W,165
YOR081C,143
YOR083W,22
YOR084W,0
YOR085W,2701
YOR086C,777
YOR087W,846
YOR089C,1019
YOR090C,469
YOR091W,764
YOR092W,753
YOR093C,260
YOR094W,502
YOR095C,1437
YOR096W,81479
YOR097C,342
YOR098C,382
YOR099W,3299
YOR100C,0
YOR101W,1422
YOR103C,1905
YOR104W,246
YOR105W,0
YOR106W,303
YOR107W,917
YOR108C-A,0
YOR108W,818
YOR109W,861
YOR110W,278
YOR111W,339
YOR112W,441
YOR113W,175
YOR114W,58
YOR115C,561
YOR116C,878
YOR117W,1391
YOR118W,272
YOR119C,177
YOR120W,215
YOR122C,12064
YOR123C,325
YOR124C,291
YOR125C,393
YOR126C,199
YOR127W,382
YOR128C,118
YOR129C,98
YOR130C,591
YOR131C,771
YOR132W,214
YOR133W,15557
YOR134W,29
YOR136W,2609
YOR137C,217
YOR138C,201
YOR140W,174
YOR141C,210
YOR142W,3276
YOR143C,563
YOR144C,155
YOR145C,2794
YOR147W,215
YOR148C,391
YOR149C,511
YOR150W,935
YOR151C,714
YOR152C,372
YOR153W,1723
YOR154W,369
YOR155C,452
YOR156C,27
YOR157C,1452
YOR158W,897
YOR159C,1987
YOR160W,341
YOR161C,288
YOR161W-A,0
YOR162C,24
YOR163W,1106
YOR164C,867
YOR165W,651
YOR166C,154
YOR167C,20666
YOR168W,4267
YOR171C,535
YOR172W,178
YOR173W,44
YOR174W,408
YOR175C,777
YOR176W,1206
YOR177C,0
YOR178C,87
YOR179C,221
YOR180C,76
YOR181W,392
YOR182C,14300
YOR184W,1243
YOR185C,727
YOR186C-A,30
YOR186W,0
YOR187W,2835
YOR188W,228
YOR189W,470
YOR190W,0
YOR191W,265
YOR192C-B,243
YOR193W,216
YOR194C,493
YOR195W,308
YOR196C,611
YOR197W,983
YOR198C,866
YOR200W,19
YOR201C,512
YOR202W,410
YOR204W,4260
YOR205C,226
YOR206W,2711
YOR207C,1217
YOR208W,293
YOR209C,2842
YOR210W,4434
YOR211C,307
YOR212W,1003
YOR213C,262
YOR215C,735
YOR216C,253
YOR217W,429
YOR219C,224
YOR220W,759
YOR221C,588
YOR222W,1365
YOR223W,99
YOR224C,5293
YOR226C,286
YOR227W,418
YOR228C,314
YOR229W,92
YOR230W,1821
YOR231C-A,0
YOR231W,270
YOR232W,2250
YOR233W,285
YOR234C,26518
YOR236W,1936
YOR237W,0
YOR238W,451
YOR239W,727
YOR243C,786
YOR244W,151
YOR245C,437
YOR246C,1668
YOR247W,41940
YOR248W,45
YOR249C,198
YOR250C,126
YOR251C,814
YOR252W,941
YOR253W,3992
YOR254C,1094
YOR256C,209
YOR257W,772
YOR258W,112
YOR259C,1329
YOR260W,696
YOR261C,1758
YOR262W,630
YOR264W,586
YOR265W,1665
YOR266W,184
YOR267C,971
YOR268C,0
YOR269W,302
YOR270C,1444
YOR271C,1468
YOR272W,3988
YOR273C,929
YOR274W,341
YOR275C,262
YOR276W,7470
YOR277C,1344
YOR278W,471
YOR279C,90
YOR280C,386
YOR281C,778
YOR283W,808
YOR284W,194
YOR285W,5916
YOR286W,2183
YOR287C,129
YOR288C,350
YOR289W,136
YOR290C,83
YOR291W,281
YOR292C,681
YOR293W,75667
YOR294W,1826
YOR295W,201
YOR296W,331
YOR297C,1043
YOR298C-A,7838
YOR298W,0
YOR299W,527
YOR301W,492
YOR302W,752
YOR303W,302
YOR304C-A,508
YOR304W,156
YOR305W,310
YOR306C,630
YOR307C,409
YOR308C,57
YOR309C,0
YOR310C,2774
YOR311C,637
YOR312C,68051
YOR313C,65
YOR315W,1047
YOR316C,698
YOR316C-A,45
YOR317W,1264
YOR318C,48
YOR319W,384
YOR320C,1044
YOR321W,81
YOR322C,569
YOR323C,1384
YOR324C,266
YOR326W,476
YOR327C,1930
YOR329C,152
YOR329W-A,0
YOR330C,443
YOR332W,5080
YOR334W,198
YOR335C,2381
YOR336W,594
YOR337W,182
YOR338W,281
YOR340C,1122
YOR341W,1003
YOR342C,711
YOR343C,53
YOR343W-A,816
YOR344C,701
YOR346W,341
YOR347C,201
YOR348C,124
YOR349W,91
YOR350C,210
YOR352W,132
YOR353C,94
YOR354C,397
YOR355W,589
YOR356W,211
YOR357C,872
YOR358W,83
YOR359W,785
YOR360C,1524
YOR362C,1096
YOR363C,65
YOR364W,0
YOR367W,728
YOR368W,115
YOR369C,126177
YOR370C,526
YOR371C,82
YOR372C,426
YOR373W,165
YOR374W,1030
YOR375C,7361
YOR376W-A,194
YOR377W,112
YOR379C,0
YOR380W,58
YOR381W,155
YOR382W,816
YOR383C,184
YOR384W,0
YOR385W,580
YOR386W,94
YOR389W,0
YOR390W,32
YOR391C,0
YOR392W,0
YPL001W,611
YPL002C,371
YPL003W,240
YPL004C,2154
YPL005W,81
YPL006W,434
YPL007C,60
YPL008W,90
YPL009C,538
YPL010W,8202
YPL011C,500
YPL012W,841
YPL013C,1293
YPL014W,3674
YPL015C,1383
YPL016W,193
YPL017C,75
YPL018W,164
YPL019C,2248
YPL020C,172
YPL022W,323
YPL023C,497
YPL024W,280
YPL025C,0
YPL026C,206
YPL028W,8693
YPL029W,136
YPL030W,157
YPL031C,541
YPL032C,447
YPL033C,0
YPL034W,241
YPL036W,55
YPL037C,18867
YPL038W,445
YPL039W,54
YPL040C,192
YPL041C,289
YPL042C,149
YPL043W,915
YPL045W,187
YPL046C,399
YPL047W,762
YPL048W,3400
YPL049C,529
YPL050C,1807
YPL051W,287
YPL052W,417
YPL053C,899
YPL054W,0
YPL055C,87
YPL056C,17
YPL057C,1353
YPL058C,775
YPL059W,1455
YPL060W,88
YPL061W,2946
YPL063W,708
YPL064C,271
YPL065W,134
YPL066W,503
YPL067C,735
YPL068C,108
YPL069C,256
YPL070W,107
YPL071C,329
YPL072W,101
YPL074W,249
YPL075W,864
YPL076W,508
YPL077C,71
YPL078C,2525
YPL079W,101303
YPL081W,2895
YPL082C,245
YPL083C,285
YPL084W,609
YPL085W,202
YPL086C,381
YPL087W,939
YPL088W,652
YPL089C,363
YPL090C,58109
YPL091W,911
YPL092W,195
YPL093W,1756
YPL094C,2883
YPL095C,16
YPL096C-A,628
YPL096W,304
YPL097W,224
YPL098C,2100
YPL099C,501
YPL100W,194
YPL101W,411
YPL103C,246
YPL104W,297
YPL105C,609
YPL106C,7591
YPL107W,187
YPL108W,227
YPL109C,105
YPL110C,88
YPL111W,639
YPL112C,402
YPL113C,25
YPL114W,145
YPL115C,257
YPL116W,35
YPL117C,3249
YPL118W,809
YPL119C,17
YPL120W,169
YPL122C,347
YPL123C,90
YPL124W,54
YPL125W,423
YPL126W,673
YPL127C,1431
YPL128C,972
YPL129W,1389
YPL131W,40969
YPL132W,490
YPL133C,135
YPL134C,427
YPL135W,3601
YPL137C,579
YPL138C,139
YPL139C,184
YPL140C,115
YPL141C,193
YPL143W,96653
YPL144W,840
YPL145C,2381
YPL146C,811
YPL147W,0
YPL148C,159
YPL149W,752
YPL150W,198
YPL151C,207
YPL152W,315
YPL152W-A,0
YPL153C,120
YPL154C,4398
YPL155C,92
YPL156C,67
YPL157W,348
YPL158C,176
YPL159C,424
YPL160W,1044
YPL161C,128
YPL162C,266
YPL163C,380
YPL164C,120
YPL165C,40
YPL166W,101
YPL167C,174
YPL168W,200
YPL169C,414
YPL170W,707
YPL171C,23
YPL172C,338
YPL173W,384
YPL174C,123
YPL175W,208
YPL176C,183
YPL177C,502
YPL178W,2216
YPL179W,1073
YPL180W,242
YPL181W,248
YPL183C,1153
YPL183W-A,5226
YPL184C,1064
YPL185W,0
YPL186C,0
YPL187W,0
YPL188W,441
YPL189C-A,1482
YPL189W,0
YPL190C,154
YPL191C,95
YPL192C,0
YPL193W,179
YPL194W,56
YPL195W,237
YPL196W,191
YPL197C,0
YPL198W,3617
YPL199C,1242
YPL202C,306
YPL203W,214
YPL204W,1020
YPL206C,1891
YPL207W,933
YPL208W,75
YPL209C,61
YPL210C,997
YPL211W,6533
YPL212C,514
YPL213W,338
YPL214C,117
YPL215W,445
YPL216W,87
YPL217C,333
YPL218W,5095
YPL219W,109
YPL220W,71711
YPL221W,1153
YPL222C-A,125
YPL222W,36
YPL223C,0
YPL224C,253
YPL225W,3594
YPL226W,4870
YPL227C,718
YPL228W,277
YPL229W,181
YPL230W,23
YPL231W,5182
YPL232W,589
YPL233W,147
YPL234C,2349
YPL235W,937
YPL236C,232
YPL237W,6495
YPL239W,1496
YPL240C,2078
YPL241C,360
YPL242C,183
YPL243W,673
YPL244C,682
YPL245W,307
YPL246C,3594
YPL247C,336
YPL248C,0
YPL249C,44
YPL249C-A,84439
YPL250C,913
YPL250W-A,31
YPL252C,937
YPL253C,32
YPL254W,368
YPL255W,110
YPL256C,670
YPL257W,188
YPL258C,86
YPL259C,770
YPL260W,586
YPL262W,1613
YPL263C,658
YPL264C,64
YPL265W,750
YPL266W,1248
YPL267W,178
YPL268W,318
YPL269W,133
YPL270W,154
YPL271W,2682
YPL272C,0
YPL273W,2917
YPL274W,534
YPL277C,0
YPL279C,21
YPR001W,0
YPR002C-A,82
YPR002W,31
YPR003C,113
YPR004C,2132
YPR005C,85
YPR008W,74
YPR009W,507
YPR010C,3600
YPR010C-A,2444
YPR011C,203
YPR012W,0
YPR013C,142
YPR014C,20
YPR015C,25
YPR016C,5189
YPR017C,597
YPR018W,122
YPR019W,160
YPR020W,2610
YPR021C,131
YPR022C,268
YPR023C,818
YPR024W,1247
YPR025C,328
YPR026W,0
YPR028W,12958
YPR029C,284
YPR030W,0
YPR031W,246
YPR032W,119
YPR033C,1558
YPR034W,175
YPR035W,3882
YPR036W,3210
YPR036W-A,4356
YPR037C,962
YPR040W,118
YPR041W,1191
YPR042C,382
YPR043W,58293
YPR045C,330
YPR046W,207
YPR047W,125
YPR048W,171
YPR049C,98
YPR050C,38
YPR051W,336
YPR052C,6132
YPR055W,139
YPR056W,316
YPR057W,223
YPR058W,676
YPR060C,1407
YPR061C,117
YPR062W,3007
YPR063C,2725
YPR064W,0
YPR065W,453
YPR066W,133
YPR067W,753
YPR068C,38
YPR069C,3926
YPR070W,208
YPR071W,312
YPR072W,337
YPR073C,2164
YPR074C,6961
YPR075C,291
YPR076W,0
YPR077C,0
YPR079W,109
YPR080W,41534
YPR081C,79
YPR082C,1144
YPR083W,67
YPR084W,269
YPR085C,286
YPR086W,1461
YPR088C,1583
YPR089W,422
YPR091C,10596
YPR092W,0
YPR093C,188
YPR094W,276
YPR095C,126
YPR097W,351
YPR098C,1624
YPR099C,18
YPR100W,1428
YPR101W,605
YPR102C,72104
YPR103W,1364
YPR104C,256
YPR105C,405
YPR106W,298
YPR107C,186
YPR108W,775
YPR109W,342
YPR110C,4134
YPR111W,104
YPR112C,768
YPR113W,7097
YPR114W,405
YPR115W,291
YPR116W,213
YPR117W,264
YPR118W,1853
YPR119W,700
YPR120C,97
YPR121W,0
YPR122W,718
YPR124W,1261
YPR125W,343
YPR126C,0
YPR127W,472
YPR128C,732
YPR129W,1220
YPR131C,1134
YPR132W,42065
YPR133C,452
YPR133W-A,10756
YPR134W,210
YPR135W,140
YPR137W,532
YPR138C,1177
YPR139C,825
YPR140W,108
YPR141C,57
YPR143W,1223
YPR144C,719
YPR145C-A,22
YPR145W,3932
YPR147C,1226
YPR148C,697
YPR149W,2379
YPR150W,55
YPR151C,73
YPR152C,48
YPR153W,83
YPR154W,1523
YPR155C,47
YPR156C,5176
YPR157W,652
YPR158W,241
YPR158W-A,252
YPR159W,1331
YPR160W,185
YPR161C,122
YPR162C,212
YPR163C,2355
YPR164W,452
YPR165W,3874
YPR166C,1809
YPR167C,86
YPR168W,142
YPR169W,442
YPR169W-A,5140
YPR171W,131
YPR172W,938
YPR173C,288
YPR174C,236
YPR175W,234
YPR176C,1131
YPR178W,264
YPR179C,110
YPR180W,481
YPR181C,2926
YPR182W,517
YPR183W,6620
YPR184W,62
YPR185W,174
YPR186C,392
YPR187W,3366
YPR188C,1109
YPR189W,265
YPR190C,1037
YPR191W,2988
YPR193C,34
YPR194C,247
YPR195C,104
YPR196W,22
YPR198W,881
YPR199C,346
YPR200C,22
YPR201W,0
SUM,13872970
,13.87297
,
Lin total TSS reads,14947792
,14.947792