Geneid,xrn1_1
YAL012W,18615
YAL069W,2
YAL068W-A,0
YAL068C,312
YAL067W-A,0
YAL067C,1147
YAL066W,16
YAL065C,279
YAL064W-B,438
YAL064C-A,138
YAL064W,210
YAL063C-A,235
YAL063C,2144
YAL062W,381
YAL061W,1406
YAL060W,8593
YAL059C-A,6
YAL059W,3626
YAL058W,2969
YAL056C-A,50
YAL056W,8274
YAL055W,665
YAL054C,1737
YAL053W,17936
YAL051W,6719
YAL049C,4165
YAL048C,5100
YAL047W-A,40
YAL047C,2166
YAL046C,1106
YAL045C,19
YAL044W-A,1725
YAL044C,4943
YAL043C,7903
YAL042C-A,10
YAL042W,9997
YAL041W,11277
YAL040C,25067
YAL039C,3814
YAL038W,55609
YAL037C-B,10
YAL037C-A,8
YAL037W,1054
YAL036C,5356
YAL035W,12549
YAL034C-B,5
YAL034W-A,1604
YAL034C,5655
YAL033W,2182
YAL032C,3117
YAL031W-A,19
YAL031C,5184
YAL030W,1759
YAL029C,12392
YAL028W,2242
YAL027W,1592
YAL026C-A,1027
YAL026C,9788
YAL025C,4510
YAL024C,8488
YAL023C,19398
YAL022C,7818
YAL021C,15615
YAL020C,3028
YAL019W-A,55
YAL019W,13788
YAL018C,32
YAL017W,12342
YAL016C-B,4
YAL016C-A,20
YAL016W,9936
YAL015C,1807
YAL014C,6132
YAL013W,2711
YAL011W,1783
YAL010C,3570
YAL009W,2337
YAL008W,1225
YAL007C,5298
YAL005C,20632
YAL004W,6
YAL003W,12830
YAL002W,7807
YAL001C,5427
YAR002W,6106
YAR002C-A,7197
YAR003W,4392
YAR007C,5651
YAR008W,2091
YAR009C,4498
YAR010C,266
YAR014C,10598
YAR015W,4851
YAR018C,3185
YAR019C,5240
YAR019W-A,234
YAR020C,517
YAR023C,1265
YAR027W,3430
YAR028W,2085
YAR029W,722
YAR030C,196
YAR031W,1167
YAR033W,1643
YAR035W,834
YAR035C-A,3
YAR042W,10155
YAR047C,11
YAR050W,1034
YAR053W,46
YAR060C,3
YAR064W,7
YAR066W,191
YAR068W,570
YAR069C,5
YAR070C,5
YAR071W,670
YAR073W,88
YAR075W,14
Q0010,18
Q0017,3
Q0032,1
Q0045,17303
Q0070,14181
Q0065,12257
Q0060,6001
Q0055,12297
Q0050,14669
Q0075,280
Q0080,10
Q0085,166
Q0092,0
Q0105,6652
Q0120,6717
Q0115,4319
Q0110,3785
Q0130,3199
Q0140,50
Q0142,2
Q0143,0
Q0144,0
Q0160,336
Q0182,78
Q0250,3681
Q0255,351
Q0275,6732
Q0297,855
YER054C,1109
YER114C,10264
YER169W,5953
YEL077C,4021
YEL077W-A,8
YEL076C-A,68
YEL076C,227
YEL075W-A,256
YEL075C,38
YEL074W,358
YEL073C,705
YEL072W,2481
YEL071W,11366
YEL070W,255
YEL069C,31
YEL068C,1256
YEL067C,751
YEL066W,1236
YEL065W,7837
YEL064C,4236
YEL063C,18940
YEL062W,4734
YEL061C,6381
YEL060C,8429
YEL059C-A,1020
YEL059W,56
YEL058W,9298
YEL057C,624
YEL056W,4876
YEL055C,11886
YEL054C,10296
YEL053W-A,4
YEL053C,6699
YEL052W,5269
YEL051W,3895
YEL050W-A,5
YEL050C,4462
YEL049W,214
YEL048C,1689
YEL047C,4601
YEL046C,26266
YEL045C,2005
YEL044W,1772
YEL043W,9192
YEL042W,10696
YEL041W,1445
YEL040W,28990
YEL039C,1513
YEL038W,2354
YEL037C,7624
YEL036C,7849
YEL035C,9
YEL034C-A,21
YEL034W,27631
YEL033W,10603
YEL032W,13799
YEL032C-A,2
YEL031W,21918
YEL030C-A,54
YEL030W,2665
YEL029C,3699
YEL028W,1236
YEL027W,7469
YEL026W,6135
YEL025C,9912
YEL024W,7577
YEL023C,2791
YEL022W,11237
YEL021W,3372
YEL020C-B,1
YEL020W-A,2984
YEL020C,3278
YEL019C,1430
YEL018C-A,3
YEL018W,1441
YEL017C-A,2804
YEL017W,4468
YEL016C,3795
YEL015W,7759
YEL014C,3
YEL013W,12192
YEL012W,1255
YEL011W,5598
YEL010W,3
YEL009C-A,161
YEL009C,18536
YEL008W,25
YEL008C-A,624
YEL007W,17383
YEL006W,5969
YEL005C,2247
YEL004W,1936
YEL003W,2114
YEL002C,9116
YEL001C,6563
YER001W,12938
YER002W,2957
YER003C,5763
YER004W,4495
YER005W,8878
YER006W,6666
YER006C-A,112
YER007W,819
YER007C-A,2707
YER008C,8935
YER009W,4357
YER010C,3129
YER011W,156
YER012W,4426
YER013W,5296
YER014W,1742
YER014C-A,119
YER015W,2978
YER016W,3136
YER017C,8842
YER018C,2039
YER019W,7210
YER019C-A,3001
YER020W,5318
YER021W,10002
YER022W,4984
YER023W,6154
YER023C-A,3
YER024W,4326
YER025W,13140
YER026C,6016
YER027C,4438
YER028C,2495
YER029C,1798
YER030W,2001
YER031C,2355
YER032W,7008
YER033C,6565
YER034W,2081
YER035W,5588
YER036C,17913
YER037W,3300
YER038C,2405
YER038W-A,245
YER039C,1706
YER039C-A,654
YER040W,8666
YER041W,3709
YER042W,1396
YER043C,20806
YER044C,2965
YER044C-A,1311
YER045C,4617
YER046W,1131
YER046W-A,35
YER047C,5141
YER048C,3706
YER048W-A,3603
YER049W,8114
YER050C,2988
YER051W,2575
YER052C,14948
YER053C,4837
YER053C-A,2616
YER055C,13131
YER056C,24157
YER056C-A,7081
YER057C,2840
YER058W,572
YER059W,4392
YER060W,1857
YER060W-A,440
YER061C,2442
YER062C,2493
YER063W,2037
YER064C,10909
YER065C,1925
YER066W,1476
YER066C-A,37
YER067W,4363
YER067C-A,8
YER068W,11677
YER068C-A,37
YER069W,12229
YER070W,27965
YER071C,916
YER072W,5827
YER073W,17094
YER074W,7499
YER074W-A,2251
YER075C,7604
YER076C,2848
YER076W-A,127
YER077C,6735
YER078C,2804
YER078W-A,177
YER079W,857
YER079C-A,4
YER080W,4573
YER081W,7145
YER082C,6200
YER083C,5357
YER084W,259
YER084W-A,1
YER085C,62
YER086W,10352
YER087W,2111
YER087C-A,111
YER087C-B,3976
YER088C,16683
YER088C-A,4885
YER088W-B,6
YER089C,13618
YER090W,7600
YER090C-A,7
YER091C,33909
YER091C-A,5
YER092W,2515
YER093C,6359
YER093C-A,1351
YER094C,7789
YER095W,8011
YER096W,1121
YER097W,1027
YER098W,2321
YER099C,5547
YER100W,2793
YER101C,2163
YER102W,6376
YER103W,2799
YER104W,2104
YER105C,14042
YER106W,149
YER107C,4251
YER107W-A,1
YER109C,6661
YER110C,21503
YER111C,11405
YER112W,4200
YER113C,7162
YER115C,2016
YER116C,2123
YER117W,7340
YER118C,6286
YER119C,2961
YER119C-A,29
YER120W,10195
YER121W,266
YER122C,11760
YER123W,7929
YER124C,15973
YER125W,19863
YER126C,5614
YER127W,5608
YER128W,946
YER129W,14039
YER130C,5419
YER131W,10150
YER132C,13984
YER133W,6992
YER133W-A,1
YER134C,2642
YER135C,31
YER136W,10676
YER137C,708
YER137W-A,4
YER138C,1485
YER137C-A,206
YER138W-A,616
YER139C,2654
YER140W,4218
YER141W,8346
YER142C,795
YER143W,4330
YER144C,7929
YER145C,9567
YER145C-A,23
YER146W,2434
YER147C,2782
YER147C-A,6
YER148W,3967
YER148W-A,14
YER149C,2547
YER150W,2133
YER151C,9378
YER152C,4763
YER152W-A,3
YER153C,1346
YER154W,5970
YER155C,20200
YER156C,7052
YER157W,6053
YER158C,3644
YER158W-A,32
YER159C,2549
YER160C,2618
YER159C-A,105
YER161C,4262
YER162C,2155
YER163C,2373
YER164W,10292
YER165W,15390
YER165C-A,2
YER166W,16055
YER167W,10653
YER168C,5576
YER170W,1810
YER171W,6313
YER172C,12797
YER172C-A,3
YER173W,4614
YER174C,3326
YER175C,3591
YER175W-A,254
YER176W,5435
YER177W,13957
YER178W,11052
YER179W,177
YER180C,2913
YER180C-A,481
YER181C,74
YER182W,1721
YER183C,2307
YER184C,6037
YER185W,905
YER186C,3620
YER187W,317
YER188W,408
YER188C-A,236
YER189W,285
YER190W,3368
YER190C-A,0
YER190C-B,10
YJL091C,6060
YJL026W,9814
YJL026C-A,4
YJR125C,4585
YJL225C,1296
YJL225W-A,1
YJL223C,956
YJL222W-B,1
YJL222W-A,3
YJL222W,17146
YJL221C,883
YJL220W,1
YJL219W,110
YJL218W,229
YJL217W,4514
YJL216C,1313
YJL215C,495
YJL214W,641
YJL213W,4087
YJL212C,11249
YJL211C,231
YJL210W,3451
YJL209W,6560
YJL208C,5291
YJL207C,13426
YJL206C,4663
YJL205C,959
YJL204C,3784
YJL203W,1733
YJL202C,18
YJL201W,9182
YJL200C,10710
YJL199C,537
YJL198W,8919
YJL197W,8292
YJL197C-A,1
YJL196C,2143
YJL195C,34
YJL194W,7840
YJL193W,4588
YJL192C,5726
YJL191W,10265
YJL190C,8218
YJL189W,3790
YJL188C,8
YJL187C,7245
YJL186W,10602
YJL185C,1325
YJL184W,2102
YJL183W,6994
YJL182C,4
YJL181W,4746
YJL180C,2525
YJL179W,2398
YJL178C,4669
YJL177W,9337
YJL176C,6890
YJL175W,7
YJL174W,10408
YJL173C,1553
YJL172W,12213
YJL171C,8620
YJL170C,317
YJL169W,13
YJL168C,8102
YJL167W,11347
YJL166W,3328
YJL165C,8042
YJL164C,3627
YJL163C,1867
YJL162C,3521
YJL161W,670
YJL160C,116
YJL159W,52589
YJL158C,16200
YJL157C,16034
YJL156W-A,114
YJL156C,7143
YJL155C,2802
YJL154C,10184
YJL153C,1659
YJL152W,55
YJL151C,3416
YJL150W,343
YJL149W,5843
YJL148W,3738
YJL147C,2301
YJL146W,5615
YJL145W,2915
YJL144W,797
YJL143W,4940
YJL142C,935
YJL141C,8903
YJL140W,4425
YJL139C,4964
YJL138C,12698
YJL137C,2615
YJL136W-A,2
YJL136C,5587
YJL135W,749
YJL134W,5791
YJL133C-A,1174
YJL133W,9452
YJL132W,3382
YJL131C,1220
YJL130C,42698
YJL129C,12882
YJL128C,9475
YJL127W-A,4
YJL127C-B,1797
YJL127C,5307
YJL126W,1561
YJL125C,4052
YJL124C,4161
YJL123C,4356
YJL122W,3497
YJL121C,4674
YJL120W,41
YJL119C,473
YJL118W,4675
YJL117W,5905
YJL116C,1665
YJL115W,1232
YJL114W,453
YJL113W,4690
YJL112W,6341
YJL111W,7650
YJL110C,12539
YJL109C,23218
YJL108C,2259
YJL107C,3377
YJL106W,2371
YJL105W,482
YJL104W,3290
YJL103C,3765
YJL102W,2398
YJL101C,8389
YJL100W,4604
YJL099W,4575
YJL098W,12137
YJL097W,2810
YJL096W,2919
YJL095W,6580
YJL094C,8037
YJL093C,7786
YJL092W,7251
YJL090C,6686
YJL089W,1645
YJL088W,1899
YJL087C,5602
YJL086C,339
YJL085W,3939
YJL084C,9571
YJL083W,4338
YJL082W,8627
YJL081C,5318
YJL080C,15819
YJL079C,5720
YJL078C,24098
YJL077W-B,278
YJL077C,72
YJL077W-A,438
YJL076W,12559
YJL075C,0
YJL074C,5436
YJL073W,5227
YJL072C,2718
YJL071W,4764
YJL070C,3604
YJL069C,6277
YJL068C,2712
YJL067W,6
YJL066C,2832
YJL065C,4319
YJL064W,9
YJL063C,3903
YJL062W-A,1917
YJL062W,8601
YJL061W,8194
YJL060W,5115
YJL059W,2155
YJL058C,3465
YJL057C,4047
YJL056C,5684
YJL055W,3645
YJL054W,5767
YJL053W,3455
YJL052C-A,1
YJL052W,1286
YJL051W,9991
YJL050W,8909
YJL049W,2977
YJL048C,4776
YJL047C-A,319
YJL047C,5003
YJL046W,3572
YJL045W,206
YJL044C,4526
YJL043W,241
YJL042W,9556
YJL041W,7977
YJL039C,19736
YJL038C,64
YJL037W,66
YJL036W,4016
YJL035C,972
YJL034W,27227
YJL033W,7076
YJL032W,1
YJL031C,1980
YJL030W,1349
YJL029C,8719
YJL028W,7
YJL027C,54
YJL025W,5033
YJL024C,2770
YJL023C,1763
YJL022W,110
YJL020C,11155
YJL020W-A,1
YJL019W,4969
YJL016W,6015
YJL015C,12
YJL014W,9659
YJL013C,3295
YJL012C,9559
YJL011C,1253
YJL010C,5736
YJL009W,5
YJL008C,9119
YJL007C,6
YJL006C,2352
YJL005W,13147
YJL004C,3569
YJL003W,807
YJL002C,12631
YJL001W,5876
YJR001W,6330
YJR002W,5767
YJR003C,5851
YJR004C,7941
YJR005W,7454
YJR005C-A,39
YJR006W,5175
YJR007W,9430
YJR008W,2246
YJR009C,19632
YJR010W,5006
YJR010C-A,1484
YJR011C,910
YJR012C,1049
YJR013W,5222
YJR014W,3340
YJR015W,13330
YJR016C,28179
YJR017C,2774
YJR018W,42
YJR019C,2794
YJR020W,90
YJR021C,3658
YJR022W,1399
YJR023C,133
YJR024C,4565
YJR025C,1767
YJR027W,8296
YJR026W,1144
YJR029W,8925
YJR028W,2988
YJR030C,4874
YJR031C,8681
YJR032W,3695
YJR033C,7864
YJR034W,720
YJR035W,3950
YJR036C,2238
YJR037W,2
YJR038C,57
YJR039W,6100
YJR040W,4939
YJR041C,10643
YJR042W,6975
YJR043C,2774
YJR044C,3455
YJR045C,23815
YJR046W,6138
YJR047C,49
YJR048W,5137
YJR049C,2758
YJR050W,2337
YJR051W,2741
YJR052W,3028
YJR053W,3335
YJR054W,4918
YJR055W,822
YJR056C,4154
YJR057W,2482
YJR058C,1677
YJR059W,5375
YJR060W,5482
YJR061W,2026
YJR062C,4748
YJR063W,3936
YJR064W,8351
YJR065C,8999
YJR066W,13112
YJR067C,934
YJR068W,4188
YJR069C,2606
YJR070C,6997
YJR071W,16
YJR072C,3981
YJR073C,4591
YJR074W,2553
YJR075W,5186
YJR076C,6003
YJR077C,8160
YJR078W,957
YJR079W,227
YJR080C,3311
YJR082C,2344
YJR083C,2479
YJR084W,2914
YJR085C,2831
YJR086W,1003
YJR087W,475
YJR088C,4017
YJR089W,4604
YJR090C,10928
YJR091C,16615
YJR092W,7986
YJR093C,3704
YJR094C,927
YJR094W-A,5661
YJR095W,259
YJR096W,2018
YJR097W,2408
YJR098C,2549
YJR099W,2079
YJR100C,3328
YJR101W,3883
YJR102C,1735
YJR103W,5659
YJR104C,7130
YJR105W,9683
YJR106W,4784
YJR107W,2355
YJR108W,687
YJR109C,20192
YJR110W,3232
YJR111C,4999
YJR112W,1880
YJR112W-A,1318
YJR113C,5181
YJR114W,24
YJR115W,1141
YJR116W,3009
YJR117W,12234
YJR118C,3097
YJR119C,2959
YJR120W,1067
YJR121W,28850
YJR122W,3923
YJR123W,18371
YJR124C,7387
YJR126C,5605
YJR127C,10202
YJR128W,114
YJR129C,1881
YJR130C,4185
YJR131W,4365
YJR132W,11713
YJR133W,2372
YJR134C,4413
YJR135C,1180
YJR135W-A,936
YJR136C,3465
YJR137C,11253
YJR138W,8763
YJR139C,6470
YJR140C,8012
YJR140W-A,2
YJR141W,1350
YJR142W,2749
YJR143C,13636
YJR144W,2870
YJR145C,13857
YJR146W,391
YJR147W,3710
YJR148W,6324
YJR149W,2177
YJR150C,4
YJR151C,5427
YJR151W-A,0
YJR152W,4554
YJR153W,392
YJR154W,2202
YJR155W,2515
YJR156C,341
YJR157W,9
YJR158W,6
YJR159W,1529
YJR160C,115
YJR161C,3965
YJR162C,3
YBL047C,23697
YBR012W-B,8109
YBR078W,25736
YBR140C,27990
YBL113C,4267
YBL113W-A,3
YBL112C,718
YBL111C,3243
YBL109W,63
YBL108C-A,9
YBL108W,5
YBL107W-A,1
YBL107C,1777
YBL106C,3456
YBL105C,10414
YBL104C,5286
YBL103C,7300
YBL102W,4589
YBL101C,7578
YBL100W-C,22
YBL100W-B,11130
YBL100W-A,1546
YBL100C,4
YBL099W,14766
YBL098W,1259
YBL097W,2672
YBL096C,71
YBL095W,2745
YBL094C,112
YBL093C,2649
YBL092W,8808
YBL091C-A,665
YBL091C,4349
YBL090W,1742
YBL089W,5272
YBL088C,14125
YBL087C,7367
YBL086C,3747
YBL085W,11712
YBL084C,6423
YBL083C,2385
YBL082C,6400
YBL081W,14634
YBL080C,2028
YBL079W,20555
YBL078C,1340
YBL077W,0
YBL076C,23682
YBL075C,5064
YBL074C,2257
YBL073W,4
YBL072C,12982
YBL071C-B,276
YBL071W-A,2288
YBL071C,20
YBL070C,14
YBL069W,3915
YBL068W-A,1053
YBL068W,4411
YBL067C,7753
YBL066C,11562
YBL065W,28
YBL064C,2291
YBL063W,4334
YBL062W,6
YBL061C,7937
YBL060W,4366
YBL059C-A,2071
YBL059W,1317
YBL058W,6416
YBL057C,2982
YBL056W,7382
YBL055C,2970
YBL054W,7118
YBL053W,43
YBL052C,3926
YBL051C,13269
YBL050W,3791
YBL049W,203
YBL048W,73
YBL046W,2491
YBL045C,10230
YBL044W,28
YBL043W,2310
YBL042C,15401
YBL041W,4977
YBL040C,5614
YBL039W-B,513
YBL039C,11808
YBL039C-A,2818
YBL038W,3431
YBL037W,7112
YBL036C,2686
YBL035C,5019
YBL034C,7435
YBL033C,4367
YBL032W,5984
YBL031W,2663
YBL030C,12256
YBL029C-A,1783
YBL029W,2336
YBL028C,2762
YBL027W,11316
YBL026W,2212
YBL025W,2279
YBL024W,10964
YBL023C,6120
YBL022C,12307
YBL021C,1655
YBL020W,8920
YBL019W,3205
YBL018C,1172
YBL017C,16639
YBL016W,7054
YBL015W,3980
YBL014C,7072
YBL013W,1064
YBL012C,9
YBL011W,7337
YBL010C,2375
YBL009W,4410
YBL008W-A,67
YBL008W,4775
YBL007C,15034
YBL006C,4332
YBL006W-A,39
YBL005W,4410
YBL005W-B,16603
YBL005W-A,8093
YBL004W,27610
YBL003C,3513
YBL002W,9878
YBL001C,1455
YBR001C,4142
YBR002C,5101
YBR003W,5901
YBR004C,5762
YBR005W,2588
YBR006W,2206
YBR007C,6245
YBR008C,5202
YBR009C,8005
YBR010W,5039
YBR011C,11664
YBR012C,2
YBR012W-A,2309
YBR013C,4
YBR014C,2743
YBR015C,12375
YBR016W,3642
YBR017C,14547
YBR018C,320
YBR019C,294
YBR020W,1047
YBR021W,7141
YBR022W,1529
YBR023C,18254
YBR024W,1074
YBR025C,11689
YBR026C,3426
YBR027C,249
YBR028C,6416
YBR029C,8554
YBR030W,5786
YBR031W,10120
YBR032W,5
YBR033W,757
YBR034C,8268
YBR035C,2775
YBR036C,10001
YBR037C,3347
YBR038W,8599
YBR039W,6326
YBR040W,511
YBR041W,7301
YBR042C,3268
YBR043C,10832
YBR044C,4426
YBR045C,1089
YBR046C,1277
YBR047W,393
YBR048W,11147
YBR049C,7369
YBR050C,356
YBR051W,20
YBR052C,2129
YBR053C,3065
YBR054W,5461
YBR055C,7406
YBR056W,3301
YBR056W-A,994
YBR056C-B,71
YBR057C,4378
YBR058C,7490
YBR058C-A,1511
YBR059C,9767
YBR060C,4512
YBR061C,3770
YBR062C,1176
YBR063C,2776
YBR064W,6
YBR065C,4029
YBR066C,2398
YBR067C,6603
YBR068C,30237
YBR069C,13178
YBR070C,1863
YBR071W,8239
YBR072W,554
YBR072C-A,20
YBR073W,9756
YBR074W,13326
YBR076W,61
YBR076C-A,1694
YBR077C,3644
YBR079C,16008
YBR080C,8763
YBR081C,8335
YBR082C,9470
YBR083W,8525
YBR084W,14638
YBR084C-A,12319
YBR085W,433
YBR085C-A,3350
YBR086C,23928
YBR087W,3754
YBR088C,4802
YBR089W,9
YBR089C-A,3449
YBR090C,3114
YBR091C,1183
YBR092C,13210
YBR093C,3604
YBR094W,6563
YBR095C,3753
YBR096W,4281
YBR097W,7020
YBR098W,2907
YBR099C,287
YBR101C,5946
YBR102C,4856
YBR103W,3235
YBR103C-A,9
YBR104W,3155
YBR105C,7607
YBR106W,5872
YBR107C,1745
YBR108W,4046
YBR109C,3905
YBR109W-A,322
YBR110W,6118
YBR111C,2575
YBR111W-A,1096
YBR112C,14120
YBR113W,75
YBR114W,3823
YBR115C,17436
YBR116C,144
YBR117C,462
YBR118W,42232
YBR119W,2261
YBR120C,1282
YBR121C,13973
YBR121C-A,1056
YBR122C,3941
YBR123C,3385
YBR124W,25
YBR125C,5981
YBR126C,11194
YBR126W-A,1814
YBR126W-B,1767
YBR127C,14932
YBR128C,797
YBR129C,3430
YBR130C,4769
YBR131W,4290
YBR131C-A,1
YBR132C,4116
YBR133C,13129
YBR134W,33
YBR135W,3532
YBR136W,9041
YBR137W,1674
YBR138C,4353
YBR139W,9306
YBR141C,1857
YBR141W-A,239
YBR142W,7274
YBR143C,11973
YBR144C,10
YBR145W,2946
YBR146W,5353
YBR147W,693
YBR148W,391
YBR149W,5251
YBR150C,5265
YBR151W,5825
YBR152W,2089
YBR153W,3337
YBR154C,5026
YBR155W,2331
YBR156C,3890
YBR157C,2487
YBR158W,20605
YBR159W,4212
YBR160W,5617
YBR161W,3991
YBR162C,12920
YBR162W-A,2391
YBR163W,4887
YBR164C,2298
YBR165W,5702
YBR166C,5094
YBR167C,1482
YBR168W,3981
YBR169C,2798
YBR170C,5940
YBR171W,3574
YBR172C,13467
YBR173C,5673
YBR174C,56
YBR175W,5569
YBR176W,2141
YBR177C,6655
YBR178W,25
YBR179C,5225
YBR180W,161
YBR181C,5987
YBR182C,2230
YBR182C-A,53
YBR183W,3463
YBR184W,1474
YBR185C,3147
YBR186W,131
YBR187W,5746
YBR188C,1207
YBR189W,12307
YBR190W,826
YBR191W,10195
YBR191W-A,618
YBR192W,3060
YBR193C,2576
YBR194W,1014
YBR195C,3357
YBR196C,25355
YBR196C-A,147
YBR196C-B,240
YBR197C,3291
YBR198C,5875
YBR199W,7968
YBR200W,4913
YBR200W-A,0
YBR201W,1775
YBR201C-A,811
YBR202W,11605
YBR203W,6944
YBR204C,2019
YBR205W,4777
YBR206W,1624
YBR207W,8010
YBR208C,15492
YBR209W,23
YBR210W,1971
YBR211C,3850
YBR212W,9979
YBR213W,1485
YBR214W,7105
YBR215W,3927
YBR216C,6603
YBR217W,1935
YBR218C,16609
YBR219C,1169
YBR220C,5097
YBR221C,9249
YBR221W-A,2
YBR222C,7661
YBR223C,3967
YBR223W-A,0
YBR224W,767
YBR225W,8500
YBR226C,43
YBR227C,2919
YBR228W,2235
YBR229C,8022
YBR230C,3378
YBR230W-A,434
YBR231C,820
YBR232C,13
YBR233W,4121
YBR233W-A,1428
YBR234C,6447
YBR235W,4723
YBR236C,3102
YBR237W,3964
YBR238C,14255
YBR239C,7383
YBR240C,1286
YBR241C,2642
YBR242W,3498
YBR243C,3463
YBR244W,1838
YBR245C,9111
YBR246W,7700
YBR247C,5634
YBR248C,5935
YBR249C,11965
YBR250W,801
YBR251W,3170
YBR252W,2753
YBR253W,2037
YBR254C,2783
YBR255W,2734
YBR255C-A,1214
YBR256C,3798
YBR257W,2432
YBR258C,1438
YBR259W,4401
YBR260C,4910
YBR261C,2546
YBR262C,3173
YBR263W,9254
YBR264C,1229
YBR265W,5457
YBR267W,5171
YBR266C,4
YBR268W,2211
YBR269C,1920
YBR270C,3154
YBR271W,2414
YBR272C,3041
YBR273C,3047
YBR274W,3664
YBR275C,9445
YBR276C,4725
YBR277C,82
YBR278W,1828
YBR279W,5921
YBR280C,2627
YBR281C,5564
YBR282W,1559
YBR283C,14075
YBR284W,2001
YBR285W,77
YBR286W,17400
YBR287W,11731
YBR288C,3419
YBR289W,6423
YBR290W,3116
YBR291C,3128
YBR292C,526
YBR293W,6441
YBR294W,300
YBR295W,10969
YBR296C,1006
YBR296C-A,9
YBR297W,2608
YBR298C,6509
YBR298C-A,8
YBR299W,408
YBR300C,64
YBR301W,84
YBR302C,2193
YDR293C,22521
YDL183C,936
YDL112W,12324
YDL033C,6232
YDR036C,3248
YDR100W,1934
YDR166C,7071
YDR351W,10648
YDR420W,22677
YDR496C,9058
YDL248W,2299
YDL247W-A,286
YDL247W,778
YDL246C,13
YDL245C,46
YDL244W,280
YDL243C,2180
YDL242W,155
YDL241W,1346
YDL240C-A,0
YDL240W,6914
YDL239C,3083
YDL238C,2102
YDL237W,5058
YDL236W,4591
YDL235C,4133
YDL234C,5048
YDL233W,1961
YDL232W,1139
YDL231C,17082
YDL230W,1967
YDL229W,39063
YDL228C,3
YDL227C,6868
YDL226C,4411
YDL225W,5143
YDL224C,15583
YDL223C,4355
YDL222C,596
YDL221W,89
YDL220C,4521
YDL219W,2094
YDL218W,607
YDL217C,2722
YDL216C,2534
YDL215C,12125
YDL214C,697
YDL213C,2792
YDL212W,6269
YDL211C,4620
YDL210W,354
YDL209C,2162
YDL208W,3889
YDL207W,3835
YDL206W,5553
YDL205C,8267
YDL204W,6412
YDL203C,6248
YDL202W,2225
YDL201W,3799
YDL200C,1161
YDL199C,2086
YDL198C,6376
YDL197C,5710
YDL196W,151
YDL195W,25474
YDL194W,2430
YDL193W,2565
YDL192W,5925
YDL191W,8981
YDL190C,11799
YDL189W,3367
YDL188C,7096
YDL187C,287
YDL186W,106
YDL185C-A,2
YDL185W,23225
YDL184C,2067
YDL182W,5165
YDL181W,2782
YDL180W,6584
YDL179W,6704
YDL178W,4704
YDL177C,1283
YDL176W,4778
YDL175C,1949
YDL174C,5965
YDL173W,4347
YDL172C,69
YDL171C,26712
YDL170W,4380
YDL169C,374
YDL168W,3660
YDL167C,10470
YDL166C,1504
YDL165W,1641
YDL164C,5756
YDL163W,1
YDL162C,79
YDL161W,7175
YDL160C-A,560
YDL160C,19297
YDL159W-A,2
YDL159W,3721
YDL159C-B,8
YDL158C,254
YDL157C,1116
YDL156W,2733
YDL155W,5880
YDL154W,2636
YDL153C,2510
YDL152W,10
YDL151C,3
YDL150W,4489
YDL149W,3225
YDL148C,6630
YDL147W,10484
YDL146W,2909
YDL145C,24437
YDL144C,4611
YDL143W,9594
YDL142C,3817
YDL141W,6518
YDL140C,36845
YDL139C,976
YDL138W,7724
YDL137W,4739
YDL136W,4214
YDL135C,2725
YDL134C,7528
YDL133C-A,2113
YDL133W,5090
YDL132W,10775
YDL131W,8439
YDL130W-A,1570
YDL130W,7789
YDL129W,3541
YDL128W,8751
YDL127W,3989
YDL126C,17012
YDL125C,8024
YDL124W,6834
YDL123W,3160
YDL122W,10821
YDL121C,2999
YDL120W,2188
YDL119C,1819
YDL118W,10
YDL117W,11509
YDL116W,8296
YDL115C,2583
YDL114W-A,51
YDL114W,47
YDL113C,4123
YDL111C,6321
YDL110C,3719
YDL109C,4766
YDL108W,2687
YDL107W,2132
YDL106C,5299
YDL105W,2426
YDL104C,2234
YDL103C,3120
YDL102W,6788
YDL101C,4499
YDL100C,7231
YDL099W,1954
YDL098C,1384
YDL097C,5902
YDL096C,14
YDL095W,18217
YDL094C,229
YDL093W,5579
YDL092W,2780
YDL091C,3194
YDL090C,2531
YDL089W,1946
YDL088C,8091
YDL087C,2114
YDL086W,5722
YDL086C-A,111
YDL085C-A,688
YDL085W,313
YDL084W,11482
YDL083C,8884
YDL082W,8618
YDL081C,9347
YDL080C,5147
YDL079C,843
YDL078C,4307
YDL077C,5803
YDL076C,3829
YDL075W,5930
YDL074C,8768
YDL073W,6800
YDL072C,5019
YDL071C,122
YDL070W,8640
YDL069C,1000
YDL068W,30
YDL067C,3753
YDL066W,10313
YDL065C,2018
YDL064W,2313
YDL063C,6511
YDL062W,21
YDL061C,3509
YDL060W,8728
YDL059C,1013
YDL058W,9969
YDL057W,1246
YDL056W,8031
YDL055C,23118
YDL054C,4287
YDL053C,3094
YDL052C,7210
YDL051W,5739
YDL050C,1
YDL049C,993
YDL048C,8979
YDL047W,6838
YDL046W,6341
YDL045W-A,2322
YDL045C,3177
YDL044C,3299
YDL043C,1989
YDL042C,5280
YDL041W,28
YDL040C,10435
YDL039C,5093
YDL037C,869
YDL036C,2756
YDL035C,7074
YDL034W,26
YDL032W,23
YDL031W,7744
YDL030W,3238
YDL029W,5887
YDL028C,6520
YDL027C,3860
YDL026W,49
YDL025C,5777
YDL025W-A,37
YDL024C,403
YDL022C-A,20
YDL023C,63
YDL022W,9642
YDL021W,230
YDL020C,14580
YDL019C,8277
YDL018C,2645
YDL017W,1899
YDL016C,691
YDL015C,7977
YDL014W,11283
YDL013W,5192
YDL012C,4348
YDL011C,6
YDL010W,2139
YDL009C,64
YDL008W,1611
YDL007C-A,1
YDL007W,5239
YDL006W,3538
YDL005C,3877
YDL004W,4250
YDL003W,7701
YDL002C,2176
YDL001W,4273
YDR001C,7628
YDR002W,3589
YDR003W,3017
YDR003W-A,1067
YDR004W,4076
YDR005C,4928
YDR006C,13380
YDR007W,1604
YDR008C,354
YDR009W,881
YDR010C,24
YDR011W,23805
YDR012W,28842
YDR013W,1774
YDR014W,3741
YDR014W-A,76
YDR015C,1
YDR016C,991
YDR017C,9889
YDR018C,652
YDR019C,5419
YDR020C,3492
YDR021W,2544
YDR022C,1088
YDR023W,11188
YDR024W,847
YDR025W,10459
YDR026C,5630
YDR027C,7662
YDR028C,11577
YDR029W,12
YDR030C,1094
YDR031W,693
YDR032C,2983
YDR033W,19670
YDR034C,9843
YDR034C-D,10047
YDR034C-C,1155
YDR034C-A,1
YDR034W-B,66
YDR035W,7977
YDR037W,15983
YDR038C,8410
YDR039C,3564
YDR040C,15387
YDR041W,2722
YDR042C,309
YDR043C,6201
YDR044W,4616
YDR045C,1807
YDR046C,16010
YDR047W,5359
YDR048C,14
YDR049W,5107
YDR050C,14027
YDR051C,4124
YDR052C,8816
YDR053W,15
YDR054C,7922
YDR055W,15832
YDR056C,2848
YDR057W,3901
YDR058C,955
YDR059C,1604
YDR060W,16456
YDR061W,4112
YDR062W,9133
YDR063W,2285
YDR064W,11320
YDR065W,2937
YDR066C,808
YDR067C,2477
YDR068W,2680
YDR069C,5931
YDR070C,468
YDR071C,3913
YDR072C,9330
YDR073W,3303
YDR074W,11908
YDR075W,4240
YDR076W,1623
YDR077W,72009
YDR078C,790
YDR079W,978
YDR079C-A,734
YDR080W,4959
YDR081C,6906
YDR082W,5131
YDR083W,4513
YDR084C,2074
YDR085C,3696
YDR086C,3159
YDR087C,3860
YDR088C,2303
YDR089W,10455
YDR090C,3374
YDR091C,14418
YDR092W,3127
YDR093W,17552
YDR094W,1667
YDR095C,4
YDR096W,10367
YDR097C,7684
YDR098C,4352
YDR098C-B,3776
YDR098C-A,651
YDR099W,10382
YDR101C,11220
YDR102C,195
YDR103W,10513
YDR104C,3749
YDR105C,6300
YDR106W,317
YDR107C,2274
YDR108W,5201
YDR109C,3431
YDR110W,4404
YDR111C,3322
YDR112W,10
YDR113C,3289
YDR114C,15
YDR115W,2357
YDR116C,3928
YDR117C,4154
YDR118W,3935
YDR118W-A,339
YDR119W,13806
YDR119W-A,794
YDR120C,5458
YDR121W,2555
YDR122W,8301
YDR123C,5395
YDR124W,1500
YDR125C,1925
YDR126W,2754
YDR127W,25475
YDR128W,5873
YDR129C,11384
YDR130C,2745
YDR131C,4205
YDR132C,2415
YDR133C,13603
YDR135C,19617
YDR136C,31
YDR137W,6687
YDR138W,7022
YDR139C,1487
YDR140W,3140
YDR141C,11821
YDR142C,4659
YDR143C,13369
YDR144C,11384
YDR145W,8894
YDR146C,8132
YDR147W,5766
YDR148C,5799
YDR149C,3
YDR150W,13180
YDR151C,6674
YDR152W,4688
YDR153C,7942
YDR154C,7799
YDR155C,12602
YDR156W,6067
YDR157W,1872
YDR158W,7807
YDR159W,9062
YDR160W,6967
YDR161W,3142
YDR162C,2603
YDR163W,1715
YDR164C,4939
YDR165W,6153
YDR167W,1503
YDR168W,6961
YDR169C,6118
YDR169C-A,185
YDR170C,19837
YDR170W-A,2455
YDR171W,4676
YDR172W,13010
YDR173C,1263
YDR174W,8770
YDR175C,3928
YDR176W,5981
YDR177W,3978
YDR178W,3302
YDR179C,750
YDR179W-A,2943
YDR180W,6392
YDR181C,2924
YDR182W,5865
YDR182W-A,256
YDR183W,1241
YDR183C-A,473
YDR184C,5103
YDR185C,682
YDR186C,14410
YDR187C,11
YDR188W,8871
YDR189W,7589
YDR190C,7669
YDR191W,1831
YDR192C,4298
YDR193W,9
YDR194C,12909
YDR194W-A,5
YDR195W,3840
YDR196C,1910
YDR197W,3654
YDR198C,3671
YDR199W,9
YDR200C,2994
YDR201W,989
YDR202C,1877
YDR203W,52
YDR204W,3619
YDR205W,7721
YDR206W,12270
YDR207C,5458
YDR208W,11886
YDR209C,9
YDR210W,2346
YDR210W-B,15057
YDR210W-A,4189
YDR210C-D,8566
YDR210C-C,2090
YDR211W,9167
YDR212W,10312
YDR213W,7332
YDR214W,9957
YDR215C,25
YDR216W,9267
YDR217C,7070
YDR218C,78
YDR219C,4789
YDR220C,417
YDR221W,7223
YDR222W,4333
YDR223W,440
YDR224C,7693
YDR225W,8457
YDR226W,5930
YDR227W,7547
YDR228C,8164
YDR229W,3443
YDR230W,17
YDR231C,1529
YDR232W,14609
YDR233C,16865
YDR234W,11984
YDR235W,4567
YDR236C,3463
YDR237W,3430
YDR238C,17007
YDR239C,3464
YDR240C,3234
YDR241W,323
YDR242W,2216
YDR243C,2567
YDR244W,3639
YDR245W,6555
YDR246W,3014
YDR246W-A,260
YDR247W,4479
YDR248C,1388
YDR249C,3628
YDR250C,49
YDR251W,8841
YDR252W,1003
YDR253C,378
YDR254W,1939
YDR255C,3243
YDR256C,667
YDR257C,4276
YDR258C,8052
YDR259C,2423
YDR260C,2479
YDR261C,5394
YDR261W-B,12515
YDR261W-A,5575
YDR261C-D,4297
YDR261C-C,1634
YDR262W,4943
YDR263C,1762
YDR264C,14529
YDR265W,3525
YDR266C,7927
YDR267C,3621
YDR268W,2699
YDR269C,17
YDR270W,6814
YDR271C,129
YDR272W,1944
YDR273W,469
YDR274C,7
YDR275W,2788
YDR276C,5090
YDR277C,5309
YDR278C,3
YDR279W,2005
YDR280W,4760
YDR281C,682
YDR282C,2080
YDR283C,11016
YDR284C,4171
YDR285W,2487
YDR286C,763
YDR287W,2282
YDR288W,3106
YDR289C,2097
YDR290W,3
YDR291W,6766
YDR292C,6671
YDR294C,7462
YDR295C,4056
YDR296W,3050
YDR297W,7464
YDR298C,7441
YDR299W,5374
YDR300C,4740
YDR301W,9816
YDR302W,3453
YDR303C,8042
YDR304C,4572
YDR305C,2059
YDR306C,3369
YDR307W,6231
YDR308C,2429
YDR309C,13071
YDR310C,8097
YDR311W,5377
YDR312W,3936
YDR313C,3555
YDR314C,3751
YDR315C,1123
YDR316W,2502
YDR316W-B,6187
YDR316W-A,1297
YDR317W,365
YDR318W,2252
YDR319C,2282
YDR320C,4571
YDR320C-A,1797
YDR320W-B,278
YDR321W,6458
YDR322W,3208
YDR322C-A,1359
YDR323C,2120
YDR324C,8466
YDR325W,7499
YDR326C,15382
YDR327W,4
YDR328C,4291
YDR329C,3348
YDR330W,4045
YDR331W,6167
YDR332W,3639
YDR333C,7329
YDR334W,7700
YDR335W,8182
YDR336W,2425
YDR337W,3266
YDR338C,5313
YDR339C,3408
YDR340W,11
YDR341C,11316
YDR342C,18522
YDR343C,591
YDR344C,1167
YDR345C,15896
YDR346C,10091
YDR347W,4674
YDR348C,7115
YDR349C,11309
YDR350C,7148
YDR352W,4705
YDR353W,9886
YDR354W,8290
YDR354C-A,13
YDR355C,0
YDR356W,3936
YDR357C,1363
YDR358W,3930
YDR359C,9935
YDR360W,28
YDR361C,2953
YDR362C,3383
YDR363W,2223
YDR363W-A,2651
YDR364C,4909
YDR365C,5446
YDR365W-B,2323
YDR365W-A,802
YDR366C,18
YDR367W,2739
YDR368W,3420
YDR369C,2923
YDR370C,4769
YDR371W,2912
YDR371C-A,2
YDR372C,6197
YDR373W,3293
YDR374C,27
YDR374W-A,699
YDR375C,4773
YDR376W,4077
YDR377W,3625
YDR378C,2254
YDR379W,7056
YDR379C-A,957
YDR380W,15637
YDR381W,18570
YDR381C-A,1262
YDR382W,9376
YDR383C,885
YDR384C,4308
YDR385W,64337
YDR386W,2860
YDR387C,6112
YDR388W,7145
YDR389W,10761
YDR390C,5703
YDR391C,2832
YDR392W,2149
YDR393W,5252
YDR394W,9059
YDR395W,17829
YDR396W,56
YDR397C,2183
YDR398W,8629
YDR399W,11321
YDR400W,4264
YDR401W,251
YDR402C,399
YDR403W,717
YDR404C,5608
YDR405W,4526
YDR406W,8252
YDR406W-A,56
YDR407C,12598
YDR408C,4055
YDR409W,4736
YDR410C,2968
YDR411C,5948
YDR412W,2365
YDR413C,4
YDR414C,3072
YDR415C,3172
YDR416W,4444
YDR417C,14
YDR418W,9785
YDR419W,3770
YDR421W,4084
YDR422C,10211
YDR423C,3581
YDR424C,1190
YDR425W,4103
YDR426C,7
YDR427W,7082
YDR428C,1486
YDR429C,5814
YDR430C,8009
YDR431W,8
YDR432W,13167
YDR433W,4794
YDR434W,4924
YDR435C,2549
YDR436W,3630
YDR437W,3239
YDR438W,2998
YDR439W,889
YDR440W,4077
YDR441C,5284
YDR442W,19
YDR443C,7857
YDR444W,4541
YDR445C,12
YDR446W,42
YDR447C,5289
YDR448W,7382
YDR449C,3951
YDR450W,8679
YDR451C,6607
YDR452W,8171
YDR453C,1077
YDR454C,3350
YDR455C,5
YDR456W,7882
YDR457W,26623
YDR458C,4918
YDR459C,5490
YDR460W,2556
YDR461W,1500
YDR461C-A,255
YDR462W,2174
YDR463W,7989
YDR464W,6662
YDR464C-A,0
YDR465C,4367
YDR466W,7558
YDR467C,97
YDR468C,2811
YDR469W,1679
YDR470C,3460
YDR471W,11355
YDR472W,4203
YDR473C,2125
YDR475C,4175
YDR476C,2958
YDR477W,7293
YDR478W,1220
YDR479C,4215
YDR480W,2547
YDR481C,8400
YDR482C,871
YDR483W,9112
YDR484W,3705
YDR485C,5539
YDR486C,3547
YDR487C,6432
YDR488C,2355
YDR489W,3087
YDR490C,4166
YDR491C,23
YDR492W,8145
YDR493W,1143
YDR494W,4658
YDR495C,4193
YDR497C,25088
YDR498C,4545
YDR499W,4146
YDR500C,4009
YDR501W,2194
YDR502C,9101
YDR503C,2832
YDR504C,724
YDR505C,9316
YDR506C,1382
YDR507C,11289
YDR508C,16679
YDR509W,11
YDR510W,3455
YDR510C-A,33
YDR511W,2023
YDR512C,1086
YDR513W,2185
YDR514C,2595
YDR515W,4758
YDR516C,6273
YDR517W,5645
YDR518W,2775
YDR519W,2769
YDR520C,4444
YDR521W,12
YDR522C,16
YDR523C,302
YDR524C,7804
YDR524W-C,2
YDR524C-B,8203
YDR524C-A,26
YDR525W,50
YDR525W-A,1223
YDR526C,25
YDR527W,5478
YDR528W,7467
YDR529C,7904
YDR530C,4374
YDR531W,3817
YDR532C,2389
YDR533C,1956
YDR534C,3080
YDR535C,542
YDR536W,142
YDR537C,9
YDR538W,4570
YDR539W,5224
YDR540C,920
YDR541C,3666
YDR542W,34
YDR543C,5
YDR544C,21
YDR545W,2689
YDR545C-A,0
YIL122W,3161
YIL048W,11966
YIR019C,5358
YIL177C,11674
YIL177W-A,1
YIL176C,5
YIL173W,645
YIL172C,27
YIL171W-A,1
YIL169C,398
YIL166C,1452
YIL165C,1910
YIL164C,2652
YIL163C,118
YIL162W,7367
YIL161W,1430
YIL160C,68
YIL159W,4637
YIL158W,3462
YIL157C,3892
YIL156W-A,149
YIL156W-B,745
YIL156W,5328
YIL155C,4452
YIL154C,3867
YIL153W,4340
YIL152W,1324
YIL151C,10122
YIL150C,2832
YIL149C,8463
YIL148W,8278
YIL147C,10225
YIL146C,3733
YIL145C,6761
YIL144W,6381
YIL143C,7787
YIL142C-A,7
YIL142W,9293
YIL141W,1281
YIL140W,8851
YIL139C,1277
YIL138C,3811
YIL137C,10018
YIL136W,1696
YIL135C,7229
YIL134C-A,116
YIL134W,3572
YIL133C,11210
YIL132C,1352
YIL131C,5995
YIL130W,11466
YIL129C,16459
YIL128W,9082
YIL127C,2844
YIL126W,11575
YIL125W,13975
YIL124W,3889
YIL123W,15927
YIL121W,2113
YIL120W,2080
YIL119C,4952
YIL118W,5569
YIL117C,4769
YIL116W,8234
YIL115W-A,2
YIL115C,13702
YIL114C,2905
YIL113W,623
YIL112W,4606
YIL111W,1299
YIL110W,4611
YIL109C,19429
YIL108W,7390
YIL107C,3948
YIL106W,7890
YIL105C,6118
YIL105W-A,2
YIL104C,4052
YIL103W,3080
YIL102C-A,760
YIL102C,2
YIL101C,3748
YIL100C-A,178
YIL100W,88
YIL099W,639
YIL098C,1260
YIL097W,2622
YIL096C,2048
YIL095W,5596
YIL094C,7489
YIL093C,4090
YIL092W,2698
YIL091C,8396
YIL090W,9791
YIL089W,334
YIL088C,7567
YIL087C,1626
YIL086C,271
YIL085C,7089
YIL084C,3336
YIL083C,3252
YIL082W-A,6905
YIL082W,18
YIL079C,5602
YIL078W,13136
YIL077C,4175
YIL076W,5514
YIL075C,16746
YIL074C,5730
YIL073C,2118
YIL072W,379
YIL071W-A,74
YIL071C,3050
YIL070C,4366
YIL069C,9800
YIL068W-A,3
YIL068C,4633
YIL067C,5951
YIL066W-A,28
YIL066C,852
YIL065C,1643
YIL064W,1961
YIL063C,2615
YIL062C,3655
YIL061C,2187
YIL060W,22
YIL059C,1869
YIL058W,24
YIL057C,42
YIL056W,9327
YIL055C,2765
YIL054W,11
YIL053W,11395
YIL052C,5947
YIL051C,6471
YIL050W,3846
YIL049W,3099
YIL047C-A,3474
YIL047C,20505
YIL046W-A,123
YIL046W,5770
YIL045W,2639
YIL044C,3083
YIL043C,6122
YIL042C,4199
YIL041W,4986
YIL040W,2769
YIL039W,5036
YIL038C,7253
YIL037C,94
YIL036W,8545
YIL035C,4730
YIL034C,7822
YIL033C,8380
YIL032C,12
YIL031W,7441
YIL030W-A,905
YIL030C,18044
YIL029W-A,0
YIL029C,978
YIL028W,735
YIL027C,1682
YIL026C,6548
YIL025C,6
YIL024C,1555
YIL023C,6792
YIL022W,8235
YIL021W,4903
YIL021C-A,0
YIL020C-A,39
YIL020C,1441
YIL019W,1937
YIL018W,18164
YIL017C,7085
YIL016W,1492
YIL015W,10272
YIL014C-A,666
YIL014W,4420
YIL013C,3057
YIL012W,150
YIL011W,414
YIL010W,1674
YIL009C-A,2860
YIL009W,10511
YIL008W,1354
YIL007C,1717
YIL006W,6107
YIL005W,5406
YIL004C,1442
YIL003W,2319
YIL002W-A,853
YIL002C,5640
YIL001W,3811
YIR001C,3693
YIR002C,5046
YIR003W,4318
YIR004W,3974
YIR005W,980
YIR006C,15801
YIR007W,4298
YIR008C,3793
YIR009W,2091
YIR010W,6891
YIR011C,5863
YIR012W,9459
YIR013C,163
YIR014W,695
YIR015W,1828
YIR016W,1921
YIR017C,786
YIR017W-A,17
YIR018W,2555
YIR018C-A,236
YIR020C,1185
YIR020W-A,0
YIR020C-B,39
YIR021W,3308
YIR021W-A,146
YIR022W,3012
YIR023W,9837
YIR023C-A,70
YIR024C,1202
YIR025W,1258
YIR026C,3349
YIR027C,302
YIR028W,333
YIR029W,1926
YIR030C,336
YIR030W-A,50
YIR031C,8280
YIR032C,1416
YIR033W,9825
YIR034C,6901
YIR035C,4658
YIR036C,2123
YIR036W-A,26
YIR037W,2553
YIR038C,2151
YIR039C,3679
YIR040C,0
YIR041W,23
YIR042C,3109
YFL068W,0
YFL067W,1
YFL066C,2477
YFL065C,454
YFL064C,159
YFL063W,6
YFL062W,2223
YFL061W,716
YFL060C,2104
YFL059W,1243
YFL058W,59
YFL057C,2832
YFL056C,3425
YFL055W,2192
YFL054C,2640
YFL053W,79
YFL052W,940
YFL051C,21
YFL050C,8308
YFL049W,4950
YFL048C,4762
YFL047W,5085
YFL046W,1731
YFL045C,10024
YFL044C,3513
YFL042C,3932
YFL041W-A,320
YFL041W,6101
YFL040W,39
YFL039C,20534
YFL038C,5673
YFL037W,11793
YFL036W,11905
YFL034C-B,3725
YFL034C-A,8237
YFL034W,5281
YFL033C,8321
YFL032W,2096
YFL031W,22260
YFL031C-A,1
YFL030W,1389
YFL029C,1831
YFL028C,2803
YFL027C,4151
YFL026W,21642
YFL025C,10548
YFL024C,5808
YFL023W,2361
YFL022C,10976
YFL021C-A,73
YFL021W,19426
YFL020C,279
YFL019C,144
YFL018C,6154
YFL017W-A,867
YFL017C,1503
YFL016C,6781
YFL015W-A,15
YFL015C,7
YFL014W,2058
YFL013W-A,7
YFL013C,5449
YFL012W-A,4
YFL012W,20
YFL011W,103
YFL010W-A,25
YFL010C,6972
YFL009W,8145
YFL008W,7348
YFL007W,17202
YFL005W,5678
YFL004W,8533
YFL003C,489
YFL002W-A,1721
YFL002W-B,447
YFL002C,5191
YFL001W,3902
YFR001W,2253
YFR002W,9313
YFR003C,1915
YFR004W,3962
YFR005C,6306
YFR006W,6636
YFR007W,1655
YFR008W,1198
YFR009W,11711
YFR009W-A,1416
YFR010W,7142
YFR010W-A,1
YFR011C,1180
YFR012W,98
YFR012W-A,60
YFR013W,6048
YFR014C,3660
YFR015C,5047
YFR016C,4040
YFR017C,2432
YFR018C,2259
YFR019W,11619
YFR020W,4254
YFR021W,6217
YFR022W,5450
YFR023W,185
YFR024C-A,6828
YFR025C,2902
YFR026C,1300
YFR027W,1239
YFR028C,9063
YFR029W,5777
YFR030W,13486
YFR031C,5557
YFR031C-A,17731
YFR032C,143
YFR032C-A,3028
YFR032C-B,836
YFR033C,8382
YFR034C,4710
YFR034W-A,435
YFR035C,56
YFR036W,1356
YFR036W-A,51
YFR037C,6318
YFR038W,4880
YFR039C,4462
YFR040W,13960
YFR041C,2449
YFR042W,3242
YFR043C,1816
YFR044C,9865
YFR045W,2480
YFR046C,2613
YFR047C,2790
YFR048W,5266
YFR049W,1471
YFR050C,7784
YFR051C,8702
YFR052W,3764
YFR052C-A,1910
YFR053C,13598
YFR054C,203
YFR056C,2
YFR055W,12532
YFR057W,0
YKL023C-A,2771
YKR046C,7781
YKR103W,5485
YKL225W,1
YKL224C,7
YKL223W,0
YKL222C,6540
YKL221W,411
YKL220C,4086
YKL219W,2462
YKL218C,2449
YKL217W,2157
YKL216W,7629
YKL215C,6446
YKL214C,1439
YKL213C,6909
YKL212W,11093
YKL211C,8239
YKL210W,14696
YKL209C,19982
YKL208W,1692
YKL207W,6163
YKL206C,2601
YKL205W,10705
YKL204W,7337
YKL203C,12784
YKL202W,314
YKL201C,2287
YKL198C,4981
YKL197C,5921
YKL196C,5767
YKL195W,5440
YKL194C,3212
YKL193C,1671
YKL192C,5370
YKL191W,8815
YKL190W,2879
YKL189W,2505
YKL188C,3471
YKL187C,5180
YKL186C,4998
YKL185W,18492
YKL184W,12745
YKL183C-A,12
YKL183W,2977
YKL182W,74901
YKL181W,14041
YKL180W,11548
YKL179C,5775
YKL178C,155
YKL177W,36
YKL176C,13402
YKL175W,9708
YKL174C,6042
YKL173W,5999
YKL172W,7448
YKL171W,6919
YKL170W,3101
YKL169C,119
YKL168C,4595
YKL167C,2172
YKL166C,3984
YKL165C-A,254
YKL165C,11787
YKL164C,30817
YKL163W,2735
YKL162C-A,177
YKL162C,1265
YKL161C,6440
YKL160W,2697
YKL159C,1181
YKL157W,11829
YKL156W,8648
YKL156C-A,1
YKL155C,4960
YKL154W,2491
YKL153W,35
YKL152C,19700
YKL151C,1434
YKL150W,7241
YKL149C,2007
YKL148C,11182
YKL147C,10
YKL146W,10854
YKL145W,8196
YKL145W-A,684
YKL144C,2523
YKL143W,3749
YKL142W,3889
YKL141W,5710
YKL140W,4610
YKL139W,4815
YKL138C-A,1455
YKL138C,1723
YKL137W,1419
YKL136W,172
YKL135C,8260
YKL134C,4260
YKL133C,1347
YKL132C,2016
YKL131W,32
YKL130C,3124
YKL129C,7119
YKL128C,4143
YKL127W,6914
YKL126W,9274
YKL125W,6446
YKL124W,4493
YKL123W,1497
YKL122C,3781
YKL121W,4130
YKL120W,10515
YKL119C,1362
YKL118W,16
YKL117W,3982
YKL116C,7876
YKL115C,1098
YKL114C,2885
YKL113C,3802
YKL112W,10584
YKL111C,9
YKL110C,4585
YKL109W,10641
YKL108W,2967
YKL107W,138
YKL106C-A,86
YKL106W,8960
YKL105C,5214
YKL104C,19483
YKL103C,3506
YKL102C,53
YKL101W,12543
YKL100C,8262
YKL100W-A,3
YKL099C,3822
YKL098W,4321
YKL097C,31
YKL096C-B,4
YKL096W-A,12340
YKL096W,10920
YKL095W,2490
YKL094W,5258
YKL093W,638
YKL092C,5200
YKL091C,2686
YKL090W,1990
YKL089W,2945
YKL088W,3421
YKL087C,4646
YKL086W,181
YKL085W,4068
YKL084W,1043
YKL083W,32
YKL082C,2008
YKL081W,26516
YKL080W,8073
YKL079W,5553
YKL078W,3468
YKL077W,6707
YKL076C,1156
YKL075C,3604
YKL074C,4758
YKL073W,7328
YKL072W,2907
YKL071W,498
YKL070W,97
YKL069W,1621
YKL068W-A,3182
YKL068W,11730
YKL067W,5304
YKL066W,2490
YKL065W-A,181
YKL065C,4190
YKL064W,10124
YKL063C,2950
YKL062W,11483
YKL061W,1132
YKL060C,35713
YKL059C,3839
YKL058W,3035
YKL057C,16064
YKL056C,11615
YKL055C,2147
YKL054C,20898
YKL053C-A,885
YKL053W,54
YKL052C,2485
YKL051W,6475
YKL050C,2782
YKL049C,2090
YKL048C,4810
YKL047W,2588
YKL046C,4356
YKL045W,4222
YKL044W,1372
YKL043W,9364
YKL042W,3050
YKL041W,312
YKL040C,3582
YKL039W,12169
YKL038W,8259
YKL037W,86
YKL036C,75
YKL035W,14126
YKL034W,6932
YKL033W-A,5460
YKL033W,5857
YKL032C,7799
YKL031W,253
YKL030W,13
YKL029C,18808
YKL028W,5940
YKL027W,4624
YKL026C,653
YKL025C,5431
YKL024C,3720
YKL023W,2058
YKL022C,5517
YKL021C,3406
YKL020C,11968
YKL019W,5354
YKL018C-A,135
YKL018W,5614
YKL017C,3627
YKL016C,5674
YKL015W,7828
YKL014C,15922
YKL013C,4686
YKL012W,4502
YKL011C,1787
YKL010C,13209
YKL009W,6767
YKL008C,5349
YKL007W,4442
YKL006C-A,1430
YKL006W,6166
YKL005C,4200
YKL004W,8326
YKL003C,2782
YKL002W,2623
YKL001C,2455
YKR001C,8660
YKR002W,5165
YKR003W,4195
YKR004C,2259
YKR005C,1173
YKR006C,4835
YKR007W,2253
YKR008W,5737
YKR009C,2387
YKR010C,2731
YKR011C,1899
YKR012C,78
YKR013W,19744
YKR014C,3761
YKR015C,170
YKR016W,5485
YKR017C,3313
YKR018C,6245
YKR019C,2646
YKR020W,1370
YKR021W,8029
YKR022C,2437
YKR023W,2256
YKR024C,5371
YKR025W,1234
YKR026C,6180
YKR027W,6251
YKR028W,12869
YKR029C,5012
YKR030W,3378
YKR031C,8984
YKR032W,3
YKR033C,30
YKR034W,469
YKR035C,58
YKR035W-A,3219
YKR036C,3648
YKR037C,3005
YKR038C,6574
YKR039W,14580
YKR040C,4749
YKR041W,494
YKR042W,16065
YKR043C,6606
YKR044W,3605
YKR045C,2943
YKR047W,71
YKR048C,8222
YKR049C,1319
YKR050W,5669
YKR051W,4884
YKR052C,4131
YKR053C,666
YKR054C,13689
YKR055W,1270
YKR056W,5174
YKR057W,3957
YKR058W,3420
YKR059W,19691
YKR060W,2462
YKR061W,4611
YKR062W,3029
YKR063C,2967
YKR064W,4529
YKR065C,3654
YKR066C,4672
YKR067W,5792
YKR068C,4551
YKR069W,3433
YKR070W,2864
YKR071C,7309
YKR072C,8650
YKR073C,417
YKR074W,1752
YKR075C,4660
YKR075W-A,28
YKR076W,965
YKR077W,5264
YKR078W,2733
YKR079C,7823
YKR080W,3401
YKR081C,4862
YKR082W,11372
YKR083C,1355
YKR084C,4278
YKR085C,2385
YKR086W,6709
YKR087C,4259
YKR088C,3879
YKR089C,6249
YKR090W,5258
YKR091W,6333
YKR092C,7455
YKR093W,26817
YKR094C,8319
YKR095W,13779
YKR095W-A,1227
YKR096W,8905
YKR097W,1128
YKR098C,2200
YKR099W,7093
YKR100C,4855
YKR101W,3279
YKR102W,4825
YKR104W,1341
YKR105C,29
YKR106W,588
YOL100W,6741
YOL034W,4338
YOR033C,5968
YOR108W,14030
YOR172W,4822
YOR239W,7147
YOR321W,4591
YOL166W-A,2
YOL166C,19
YOL165C,772
YOL164W-A,31
YOL164W,5755
YOL163W,1127
YOL162W,571
YOL161C,13
YOL160W,100
YOL159C-A,1021
YOL159C,1843
YOL158C,11946
YOL157C,1240
YOL156W,218
YOL155W-A,9
YOL155C,2696
YOL154W,674
YOL152W,8131
YOL151W,2158
YOL150C,216
YOL149W,2303
YOL148C,4978
YOL147C,2521
YOL146W,2055
YOL145C,10740
YOL144W,2790
YOL143C,2312
YOL142W,4969
YOL141W,3379
YOL140W,5850
YOL139C,9171
YOL138C,6154
YOL137W,5627
YOL136C,15623
YOL135C,2706
YOL134C,3
YOL133W,2430
YOL132W,291
YOL131W,27
YOL130W,11935
YOL129W,3962
YOL128C,3527
YOL127W,10220
YOL126C,7145
YOL125W,3827
YOL124C,3444
YOL123W,11563
YOL122C,4531
YOL121C,6857
YOL120C,14871
YOL119C,3272
YOL118C,114
YOL117W,2270
YOL116W,2939
YOL115W,2659
YOL114C,199
YOL113W,5153
YOL112W,4116
YOL111C,2913
YOL110W,1239
YOL109W,6989
YOL108C,1501
YOL107W,2850
YOL106W,313
YOL105C,10446
YOL104C,4448
YOL103W-B,4238
YOL103W-A,1955
YOL103W,7799
YOL102C,1775
YOL101C,2776
YOL099C,21
YOL098C,11732
YOL097W-A,175
YOL097C,7438
YOL096C,1806
YOL095C,2473
YOL094C,2760
YOL093W,3084
YOL092W,4567
YOL091W,1014
YOL090W,5945
YOL089C,5685
YOL088C,3679
YOL087C,7398
YOL086W-A,1333
YOL086C,26737
YOL085W-A,244
YOL085C,22
YOL084W,2147
YOL083W,1082
YOL083C-A,18
YOL082W,3457
YOL081W,31758
YOL080C,2359
YOL079W,4
YOL078W,4540
YOL077W-A,1680
YOL077C,6789
YOL076W,8654
YOL075C,5227
YOL073C,4419
YOL072W,3994
YOL071W,1958
YOL070C,5414
YOL069W,3435
YOL068C,8553
YOL067C,3118
YOL066C,3609
YOL065C,1488
YOL064C,3902
YOL063C,8777
YOL062C,6822
YOL061W,11024
YOL060C,9900
YOL059W,10639
YOL058W,3863
YOL057W,7030
YOL056W,2194
YOL055C,2970
YOL054W,2673
YOL053W,2788
YOL052C-A,554
YOL052C,8721
YOL051W,10820
YOL050C,3
YOL049W,5723
YOL048C,2802
YOL047C,165
YOL046C,12
YOL045W,7610
YOL044W,1477
YOL043C,1545
YOL042W,4207
YOL041C,6151
YOL040C,12687
YOL039W,8783
YOL038C-A,400
YOL038W,7280
YOL037C,9
YOL036W,10144
YOL035C,5
YOL033W,2802
YOL032W,2209
YOL031C,4935
YOL030W,11352
YOL029C,2049
YOL028C,3540
YOL027C,9639
YOL026C,2131
YOL025W,4036
YOL024W,133
YOL023W,3579
YOL022C,5509
YOL021C,10931
YOL020W,15303
YOL019W-A,17
YOL019W,13834
YOL018C,2829
YOL017W,2704
YOL016C,4352
YOL015W,1330
YOL014W,1947
YOL013W-B,13
YOL013W-A,147
YOL013C,5875
YOL012C,2983
YOL011W,13745
YOL010W,6391
YOL009C,2500
YOL008W,1646
YOL007C,8787
YOL006C,7897
YOL005C,2476
YOL004W,15773
YOL003C,3673
YOL002C,3674
YOL001W,4698
YOR001W,7674
YOR002W,9563
YOR003W,1535
YOR004W,3201
YOR005C,3342
YOR006C,2171
YOR007C,8851
YOR008C,8731
YOR008C-A,5
YOR008W-B,604
YOR009W,2599
YOR010C,693
YOR011W,4299
YOR011W-A,3
YOR012W,375
YOR013W,486
YOR014W,12763
YOR015W,1034
YOR016C,3670
YOR017W,4948
YOR018W,5528
YOR019W,1471
YOR020C,5592
YOR020W-A,1427
YOR021C,3066
YOR022C,2623
YOR023C,9835
YOR024W,73
YOR025W,8407
YOR026W,3661
YOR027W,12764
YOR028C,3786
YOR029W,12
YOR030W,9355
YOR031W,822
YOR032C,1099
YOR032W-A,119
YOR034C,7914
YOR034C-A,460
YOR035C,6250
YOR036W,1964
YOR037W,4250
YOR038C,3650
YOR039W,5402
YOR040W,757
YOR041C,120
YOR042W,4430
YOR043W,10791
YOR044W,3518
YOR045W,1308
YOR046C,5937
YOR047C,9942
YOR048C,8603
YOR049C,266
YOR050C,42
YOR051C,4316
YOR052C,6505
YOR053W,23
YOR054C,4935
YOR055W,16
YOR056C,6558
YOR057W,3195
YOR058C,6974
YOR059C,4506
YOR060C,3177
YOR061W,6102
YOR062C,2980
YOR063W,32963
YOR064C,3073
YOR065W,10502
YOR066W,8713
YOR067C,4400
YOR069W,6165
YOR068C,12
YOR070C,9556
YOR071C,2793
YOR072W,320
YOR072W-A,167
YOR072W-B,25
YOR073W,4244
YOR074C,1999
YOR073W-A,1
YOR075W,3626
YOR076C,4386
YOR077W,1231
YOR078W,3934
YOR079C,2659
YOR080W,4791
YOR081C,8170
YOR082C,658
YOR083W,811
YOR084W,937
YOR085W,9672
YOR086C,12221
YOR087W,4667
YOR089C,4273
YOR090C,6356
YOR091W,6417
YOR092W,7506
YOR093C,8810
YOR094W,1155
YOR095C,4038
YOR096W,8233
YOR097C,1533
YOR098C,15628
YOR099W,7797
YOR100C,855
YOR101W,3861
YOR102W,86
YOR103C,4003
YOR104W,3123
YOR105W,1201
YOR106W,3121
YOR107W,1170
YOR108C-A,7
YOR109W,9832
YOR110W,3154
YOR111W,1324
YOR112W,5468
YOR113W,8586
YOR114W,1478
YOR115C,3417
YOR116C,17039
YOR117W,6684
YOR118W,3212
YOR119C,4772
YOR120W,4235
YOR121C,558
YOR122C,6047
YOR123C,2452
YOR124C,8795
YOR125C,2227
YOR126C,1327
YOR127W,11916
YOR128C,7082
YOR129C,6408
YOR130C,2279
YOR131C,1970
YOR132W,4536
YOR133W,10598
YOR134W,658
YOR135C,6
YOR136W,9078
YOR137C,4044
YOR138C,6164
YOR139C,7
YOR140W,9331
YOR141C,5627
YOR142W,8865
YOR142W-B,3799
YOR142W-A,929
YOR143C,2515
YOR144C,4335
YOR145C,5938
YOR146W,4
YOR147W,5892
YOR148C,1033
YOR149C,5624
YOR150W,2011
YOR151C,18326
YOR152C,1063
YOR153W,35831
YOR154W,5854
YOR155C,3541
YOR156C,6368
YOR157C,4990
YOR158W,2984
YOR159C,2376
YOR160W,9631
YOR161C,2820
YOR161W-A,344
YOR161W-B,329
YOR161C-C,186
YOR162C,4356
YOR163W,1940
YOR164C,4064
YOR165W,6783
YOR166C,4342
YOR167C,4019
YOR168W,11569
YOR169C,4
YOR170W,8
YOR171C,5682
YOR173W,1540
YOR174W,2385
YOR175C,8481
YOR176W,5548
YOR177C,482
YOR178C,3893
YOR179C,1305
YOR180C,2816
YOR181W,4687
YOR182C,3043
YOR183W,72
YOR184W,6010
YOR185C,914
YOR186W,153
YOR186C-A,43
YOR187W,12895
YOR188W,6956
YOR189W,1614
YOR190W,440
YOR191W,11090
YOR192C,1617
YOR192C-C,301
YOR192C-B,3870
YOR192C-A,1962
YOR193W,2368
YOR194C,1985
YOR195W,6093
YOR196C,4476
YOR197W,8156
YOR198C,12827
YOR199W,41
YOR200W,17
YOR201C,6004
YOR202W,4826
YOR203W,2189
YOR204W,25289
YOR205C,6682
YOR206W,10825
YOR207C,12845
YOR208W,6940
YOR209C,7614
YOR210W,1931
YOR211C,8030
YOR212W,8489
YOR213C,4244
YOR214C,40
YOR215C,2592
YOR216C,4669
YOR217W,5367
YOR218C,1
YOR219C,8171
YOR220W,2694
YOR221C,5204
YOR222W,9666
YOR223W,1293
YOR224C,6711
YOR225W,14
YOR226C,4597
YOR227W,10073
YOR228C,1856
YOR229W,2899
YOR230W,8317
YOR231W,5295
YOR231C-A,27
YOR232W,6284
YOR233W,8622
YOR234C,4813
YOR235W,601
YOR236W,1046
YOR237W,304
YOR238W,2237
YOR241W,5666
YOR242C,903
YOR243C,8552
YOR244W,5315
YOR245C,5674
YOR246C,6969
YOR247W,19810
YOR248W,9189
YOR249C,3981
YOR250C,3589
YOR251C,3039
YOR252W,1397
YOR253W,2158
YOR254C,12494
YOR255W,16
YOR256C,6417
YOR257W,893
YOR258W,1020
YOR259C,6476
YOR260W,12811
YOR261C,5977
YOR262W,2621
YOR263C,5
YOR264W,7587
YOR265W,1393
YOR266W,1936
YOR267C,10985
YOR268C,18
YOR269W,6239
YOR270C,23476
YOR271C,6647
YOR272W,6332
YOR273C,10503
YOR274W,3596
YOR275C,4951
YOR276W,5374
YOR277C,8
YOR278W,2370
YOR279C,2123
YOR280C,1783
YOR281C,3188
YOR282W,9
YOR283W,3362
YOR284W,1608
YOR285W,2052
YOR286W,3121
YOR287C,1508
YOR288C,3315
YOR289W,964
YOR290C,11365
YOR291W,8954
YOR292C,3113
YOR293W,8058
YOR293C-A,6
YOR294W,5004
YOR295W,1965
YOR296W,3873
YOR297C,3678
YOR298W,457
YOR298C-A,13588
YOR299W,7543
YOR300W,376
YOR301W,8449
YOR302W,4002
YOR303W,14305
YOR304W,7219
YOR304C-A,1127
YOR305W,4497
YOR306C,7792
YOR307C,6799
YOR308C,5176
YOR309C,6176
YOR310C,12975
YOR311C,4917
YOR312C,12086
YOR313C,1749
YOR314W,2
YOR314W-A,5
YOR315W,10059
YOR316C,8778
YOR316C-A,268
YOR317W,12489
YOR318C,622
YOR319W,2618
YOR320C,4686
YOR322C,9637
YOR323C,5478
YOR324C,6462
YOR325W,10
YOR326W,16084
YOR327C,2570
YOR328W,8941
YOR329C,8717
YOR329W-A,148
YOR330C,6975
YOR331C,4
YOR332W,5455
YOR333C,23
YOR334W,3976
YOR335C,17357
YOR335W-A,1
YOR336W,5715
YOR337W,6434
YOR338W,1124
YOR339C,236
YOR340C,4612
YOR341W,28079
YOR342C,8644
YOR343C,281
YOR343W-B,8404
YOR343W-A,1372
YOR344C,4130
YOR345C,6
YOR346W,5995
YOR347C,2930
YOR348C,5839
YOR349W,4465
YOR350C,4361
YOR351C,66
YOR352W,2311
YOR353C,5224
YOR354C,7392
YOR355W,16035
YOR356W,3309
YOR357C,1929
YOR358W,1448
YOR359W,13688
YOR360C,9868
YOR361C,16015
YOR362C,7416
YOR363C,6613
YOR364W,99
YOR365C,88
YOR366W,234
YOR367W,1705
YOR368W,2488
YOR369C,10313
YOR370C,12605
YOR371C,5783
YOR372C,11087
YOR373W,4814
YOR374W,7505
YOR375C,15128
YOR376W,8
YOR376W-A,1115
YOR377W,6299
YOR378W,600
YOR379C,299
YOR380W,4215
YOR381W,5171
YOR381W-A,321
YOR382W,932
YOR383C,5624
YOR384W,86
YOR385W,3988
YOR386W,2381
YOR387C,31
YOR388C,106
YOR389W,1598
YOR390W,2818
YOR391C,217
YOR392W,16
YOR393W,43
YOR394W,1
YOR394C-A,71
YOR396W,335
YOR396C-A,0
YCR009C,5851
YCR084C,22991
YCL076W,4
YCL073C,86
YCL069W,1
YCL068C,1262
YCL067C,108
YCL066W,32
YCL065W,70
YCL064C,4703
YCL063W,5517
YCL061C,7808
YCL059C,3398
YCL058C,470
YCL058W-A,378
YCL057C-A,1844
YCL057W,8048
YCL056C,1758
YCL055W,1869
YCL054W,7762
YCL052C,5395
YCL051W,6476
YCL050C,5367
YCL049C,2995
YCL048W-A,98
YCL048W,92
YCL047C,2677
YCL045C,11567
YCL046W,7
YCL044C,8963
YCL043C,27270
YCL041C,1898
YCL042W,1921
YCL040W,13137
YCL039W,6669
YCL038C,1879
YCL037C,24401
YCL036W,6145
YCL035C,2833
YCL034W,4805
YCL033C,1097
YCL032W,2681
YCL031C,6763
YCL030C,17473
YCL029C,3726
YCL028W,5565
YCL027W,891
YCL026C-B,345
YCL026C-A,158
YCL025C,14380
YCL023C,29
YCL024W,6557
YCL022C,7
YCL021W-A,856
YCL019W,13570
YCL020W,5016
YCL018W,8958
YCL017C,7405
YCL016C,3102
YCL014W,10604
YCL012C,1141
YCL011C,7706
YCL010C,2383
YCL009C,13747
YCL008C,6839
YCL007C,63
YCL005W-A,2356
YCL005W,4528
YCL004W,3350
YCL002C,3109
YCL001W,3526
YCL001W-A,45
YCL001W-B,87
YCR001W,1
YCR002C,4981
YCR003W,2804
YCR004C,3725
YCR005C,7742
YCR006C,1467
YCR007C,1650
YCR008W,13319
YCR010C,191
YCR011C,11453
YCR012W,26975
YCR013C,6
YCR014C,4354
YCR015C,2273
YCR016W,2712
YCR017C,13011
YCR018C,3841
YCR018C-A,170
YCR019W,2788
YCR020C,1728
YCR020C-A,1029
YCR020W-B,1568
YCR021C,695
YCR022C,108
YCR023C,5945
YCR024C,4889
YCR024C-B,8697
YCR024C-A,8080
YCR025C,437
YCR026C,7367
YCR027C,3758
YCR028C,7626
YCR028C-A,3358
YCR030C,8933
YCR031C,10363
YCR032W,10675
YCR033W,11780
YCR034W,5237
YCR035C,4576
YCR036W,5469
YCR037C,8538
YCR038C,3025
YCR038W-A,44
YCR039C,133
YCR040W,0
YCR041W,9
YCR042C,6186
YCR043C,3651
YCR044C,4088
YCR045C,25
YCR045W-A,2423
YCR046C,2993
YCR047C,2424
YCR047W-A,50
YCR049C,4
YCR048W,5019
YCR050C,8
YCR051W,3076
YCR052W,4896
YCR053W,10884
YCR054C,4993
YCR057C,16248
YCR059C,3157
YCR060W,1586
YCR061W,3541
YCR064C,28
YCR063W,2944
YCR065W,14252
YCR066W,2977
YCR067C,15894
YCR068W,5815
YCR069W,6256
YCR071C,2240
YCR072C,5415
YCR073C,4168
YCR073W-A,3157
YCR075C,2534
YCR075W-A,477
YCR076C,2067
YCR077C,12140
YCR079W,4998
YCR081W,7974
YCR081C-A,5
YCR082W,3808
YCR083W,1184
YCR085W,24
YCR086W,1143
YCR087W,98
YCR087C-A,2437
YCR088W,6217
YCR089W,13651
YCR090C,2647
YCR091W,2415
YCR092C,4520
YCR093W,27236
YCR094W,3172
YCR095C,2809
YCR095W-A,823
YCR096C,1995
YCR097W,809
YCR097W-A,36
YCR098C,3851
YCR099C,1494
YCR100C,2710
YCR101C,1915
YCR102C,799
YCR102W-A,96
YCR104W,28
YCR105W,169
YCR106W,5630
YCR107W,2125
YCR108C,6
YGL196W,4536
YGL131C,7345
YGL059W,4173
YGR017W,6101
YGR088W,2573
YGR147C,5344
YGR212W,2287
YGL263W,0
YGL262W,19
YGL261C,160
YGL260W,1
YGL259W,161
YGL258W-A,121
YGL258W,27
YGL257C,3450
YGL256W,7317
YGL255W,3715
YGL254W,4164
YGL253W,26860
YGL252C,5337
YGL251C,5991
YGL250W,850
YGL249W,560
YGL248W,4766
YGL247W,2060
YGL246C,3874
YGL245W,10294
YGL244W,2946
YGL243W,2294
YGL242C,2588
YGL241W,5335
YGL240W,1648
YGL239C,0
YGL238W,16260
YGL237C,1818
YGL236C,5499
YGL235W,185
YGL234W,17287
YGL233W,6793
YGL232W,2146
YGL231C,3024
YGL230C,18
YGL229C,3328
YGL228W,7766
YGL227W,4424
YGL226C-A,1915
YGL226W,738
YGL225W,8325
YGL224C,3926
YGL223C,6921
YGL222C,5126
YGL221C,5468
YGL220W,2756
YGL219C,6269
YGL218W,10
YGL217C,19
YGL216W,7631
YGL215W,15280
YGL214W,35
YGL213C,4933
YGL212W,1402
YGL211W,3666
YGL210W,2693
YGL209W,8376
YGL208W,2255
YGL207W,12807
YGL206C,24543
YGL205W,173
YGL204C,545
YGL203C,5783
YGL202W,15175
YGL201C,7384
YGL200C,7789
YGL199C,84
YGL198W,4383
YGL197W,13636
YGL195W,35591
YGL194C-A,1079
YGL194C,7642
YGL193C,4584
YGL192W,18
YGL191W,4692
YGL190C,9117
YGL189C,8438
YGL188C-A,292
YGL188C,453
YGL187C,4792
YGL186C,7865
YGL185C,2395
YGL184C,2608
YGL183C,178
YGL182C,204
YGL181W,4226
YGL180W,4304
YGL179C,2578
YGL178W,17751
YGL177W,1742
YGL176C,5142
YGL175C,2095
YGL174W,1639
YGL173C,49
YGL172W,2731
YGL171W,4258
YGL170C,69
YGL169W,4629
YGL168W,31
YGL167C,20452
YGL166W,2406
YGL165C,113
YGL164C,1774
YGL163C,3781
YGL162W,4593
YGL161C,7017
YGL160W,5583
YGL159W,2305
YGL158W,263
YGL157W,5682
YGL156W,2786
YGL155W,5234
YGL154C,1874
YGL153W,1269
YGL152C,90
YGL151W,9588
YGL150C,8880
YGL149W,6
YGL148W,9349
YGL147C,9324
YGL146C,1193
YGL145W,3930
YGL144C,2954
YGL143C,2412
YGL142C,7361
YGL141W,4923
YGL140C,13601
YGL139W,8806
YGL138C,23
YGL137W,13946
YGL136C,3821
YGL135W,9132
YGL134W,3595
YGL133W,4228
YGL132W,18
YGL130W,3845
YGL129C,4549
YGL128C,3210
YGL127C,4652
YGL126W,5452
YGL125W,15410
YGL124C,4268
YGL123W,19233
YGL123C-A,22
YGL122C,6533
YGL121C,563
YGL120C,9262
YGL119W,3318
YGL118C,45
YGL117W,3052
YGL116W,5451
YGL115W,5591
YGL114W,7577
YGL113W,4203
YGL112C,5860
YGL111W,5628
YGL110C,3312
YGL109W,11
YGL108C,2001
YGL107C,8198
YGL106W,3568
YGL105W,10886
YGL104C,2253
YGL103W,16134
YGL102C,14
YGL101W,3425
YGL100W,4187
YGL099W,4265
YGL098W,2146
YGL097W,4037
YGL096W,1282
YGL095C,4582
YGL094C,9626
YGL093W,4251
YGL092W,16307
YGL091C,2799
YGL090W,2077
YGL089C,14
YGL088W,2796
YGL087C,2776
YGL086W,3666
YGL085W,2291
YGL084C,8103
YGL083W,3991
YGL082W,5529
YGL081W,294
YGL080W,3248
YGL079W,1896
YGL078C,7973
YGL077C,11260
YGL076C,10892
YGL075C,2225
YGL074C,3
YGL073W,9488
YGL072C,405
YGL071W,7840
YGL070C,4194
YGL069C,111
YGL068W,4877
YGL067W,4085
YGL066W,5257
YGL065C,3675
YGL064C,2496
YGL063W,4507
YGL063C-A,15
YGL062W,15068
YGL061C,1792
YGL060W,3815
YGL058W,4579
YGL057C,2398
YGL056C,14332
YGL055W,29905
YGL054C,4546
YGL053W,1648
YGL052W,232
YGL051W,550
YGL050W,2495
YGL049C,8902
YGL048C,5569
YGL047W,1350
YGL045W,2981
YGL044C,3758
YGL043W,4521
YGL042C,4
YGL041C-B,38
YGL041W-A,1692
YGL041C,17
YGL040C,7391
YGL039W,2810
YGL038C,8140
YGL037C,6721
YGL036W,7127
YGL035C,7824
YGL034C,98
YGL033W,42
YGL032C,2674
YGL031C,10034
YGL030W,6954
YGL029W,1586
YGL028C,27690
YGL027C,5136
YGL026C,14130
YGL025C,4207
YGL024W,20
YGL023C,4081
YGL022W,14529
YGL021W,9172
YGL020C,2300
YGL019W,5030
YGL018C,860
YGL017W,1918
YGL016W,9056
YGL015C,37
YGL014W,15639
YGL014C-A,0
YGL013C,11349
YGL012W,9381
YGL011C,4721
YGL010W,2266
YGL009C,20610
YGL008C,92559
YGL007C-A,116
YGL007W,45
YGL006W-A,143
YGL006W,7552
YGL005C,2212
YGL004C,2270
YGL003C,7414
YGL002W,3073
YGL001C,5403
YGR001C,2378
YGR002C,3171
YGR003W,5097
YGR004W,3710
YGR005C,2699
YGR006W,1800
YGR007W,4723
YGR008C,1542
YGR009C,2962
YGR010W,3454
YGR011W,851
YGR012W,3031
YGR013W,4471
YGR014W,28061
YGR015C,3262
YGR016W,815
YGR018C,88
YGR019W,4337
YGR020C,4130
YGR021W,2550
YGR022C,11
YGR023W,5938
YGR024C,3272
YGR025W,785
YGR026W,5057
YGR027C,7413
YGR027W-B,6217
YGR027W-A,914
YGR028W,2765
YGR029W,1956
YGR030C,1962
YGR031W,3677
YGR031C-A,12
YGR032W,15790
YGR033C,6149
YGR034W,8497
YGR035C,405
YGR035W-A,2
YGR036C,5107
YGR037C,4050
YGR038W,3507
YGR038C-B,5855
YGR038C-A,1428
YGR039W,697
YGR040W,6557
YGR041W,7645
YGR042W,3246
YGR043C,515
YGR044C,5970
YGR045C,771
YGR046W,6295
YGR047C,5107
YGR048W,3429
YGR049W,3921
YGR050C,464
YGR051C,10
YGR052W,460
YGR053C,325
YGR054W,16340
YGR055W,15177
YGR056W,7775
YGR057C,2437
YGR058W,3334
YGR059W,141
YGR060W,16080
YGR061C,21112
YGR062C,3579
YGR063C,1971
YGR064W,333
YGR065C,10256
YGR066C,211
YGR067C,1392
YGR068C,3040
YGR068W-A,11
YGR069W,40
YGR070W,9018
YGR071C,7155
YGR072W,1870
YGR073C,461
YGR074W,2959
YGR075C,1449
YGR076C,2003
YGR077C,7920
YGR078C,3610
YGR079W,7623
YGR080W,3504
YGR081C,3452
YGR082W,5553
YGR083C,8655
YGR084C,4751
YGR085C,7084
YGR086C,13770
YGR087C,61
YGR089W,11481
YGR090W,19957
YGR091W,2201
YGR092W,5677
YGR093W,3795
YGR094W,18894
YGR095C,3514
YGR096W,1551
YGR097W,15017
YGR098C,12308
YGR099W,5219
YGR100W,6616
YGR101W,4744
YGR102C,1280
YGR103W,12323
YGR104C,2834
YGR105W,1544
YGR106C,8067
YGR107W,335
YGR108W,9825
YGR109C,3562
YGR109W-B,6371
YGR109W-A,27
YGR110W,1549
YGR111W,3143
YGR112W,3138
YGR113W,4208
YGR114C,6
YGR115C,3
YGR116W,13285
YGR117C,3698
YGR118W,7566
YGR119C,7081
YGR120C,2989
YGR121C,2986
YGR121W-A,192
YGR122W,2629
YGR122C-A,125
YGR123C,5481
YGR124W,18796
YGR125W,9826
YGR126W,1804
YGR127W,2190
YGR128C,11321
YGR129W,1125
YGR130C,7610
YGR131W,1179
YGR132C,4877
YGR133W,1837
YGR134W,6194
YGR135W,5874
YGR136W,7514
YGR137W,5140
YGR138C,6206
YGR139W,74
YGR140W,5794
YGR141W,1401
YGR142W,4433
YGR143W,9028
YGR144W,181
YGR145W,5762
YGR146C,7548
YGR146C-A,109
YGR148C,9367
YGR149W,6485
YGR150C,5874
YGR151C,1000
YGR152C,3022
YGR153W,1039
YGR154C,2871
YGR155W,15718
YGR156W,2753
YGR157W,17673
YGR158C,3174
YGR159C,12009
YGR160W,28
YGR161C,12629
YGR161W-C,2314
YGR161W-B,14903
YGR161W-A,10978
YGR161C-D,8114
YGR161C-C,476
YGR162W,20103
YGR163W,3448
YGR164W,140
YGR165W,5336
YGR166W,5041
YGR167W,4441
YGR168C,3292
YGR169C,2442
YGR169C-A,1140
YGR170W,7129
YGR171C,3788
YGR172C,2631
YGR173W,4045
YGR174C,958
YGR174W-A,226
YGR175C,17738
YGR176W,21
YGR177C,5487
YGR178C,9385
YGR179C,3544
YGR180C,8634
YGR181W,1483
YGR182C,2092
YGR183C,4388
YGR184C,15875
YGR185C,8719
YGR186W,5571
YGR187C,2995
YGR188C,4846
YGR189C,26089
YGR190C,12
YGR191W,10812
YGR192C,45479
YGR193C,4006
YGR194C,3347
YGR195W,2812
YGR196C,3632
YGR197C,3859
YGR198W,9384
YGR199W,4620
YGR200C,9999
YGR201C,1306
YGR202C,3804
YGR203W,1584
YGR204W,23478
YGR204C-A,10
YGR205W,3278
YGR206W,808
YGR207C,2606
YGR208W,3486
YGR209C,1589
YGR210C,6578
YGR211W,11430
YGR213C,442
YGR214W,16458
YGR215W,1597
YGR216C,6587
YGR217W,11697
YGR218W,14831
YGR219W,1
YGR220C,3652
YGR221C,3593
YGR222W,3283
YGR223C,3067
YGR224W,120
YGR225W,617
YGR226C,1
YGR227W,7418
YGR228W,20
YGR229C,7915
YGR230W,1355
YGR231C,4016
YGR232W,2330
YGR233C,8959
YGR234W,23166
YGR235C,3395
YGR236C,216
YGR237C,5335
YGR238C,4019
YGR239C,2515
YGR240C,33067
YGR240C-A,53
YGR241C,8664
YGR242W,5
YGR243W,3185
YGR244C,4652
YGR245C,8781
YGR246C,3714
YGR247W,2801
YGR248W,754
YGR249W,952
YGR250C,6436
YGR251W,3452
YGR252W,2910
YGR253C,4404
YGR254W,16338
YGR255C,4563
YGR256W,1292
YGR257C,5438
YGR258C,3096
YGR259C,310
YGR260W,7558
YGR261C,8863
YGR262C,3756
YGR263C,2689
YGR264C,16232
YGR265W,4
YGR266W,5076
YGR267C,5284
YGR268C,3967
YGR269W,101
YGR270W,14219
YGR270C-A,3
YGR271W,11670
YGR271C-A,2056
YGR273C,8
YGR274C,6873
YGR275W,1778
YGR276C,2665
YGR277C,2497
YGR278W,4274
YGR279C,16148
YGR280C,526
YGR281W,12643
YGR282C,13152
YGR283C,2399
YGR284C,5766
YGR285C,10842
YGR286C,3881
YGR287C,1987
YGR288W,3079
YGR289C,4216
YGR290W,4
YGR291C,3
YGR292W,720
YGR293C,70
YGR294W,276
YGR295C,5204
YGR296W,229
YGR296C-A,0
YGR296C-B,1
YLR454W,16209
YLR060W,14524
YLR186W,5008
YLR398C,9113
YLL067C,1510
YLL067W-A,0
YLL066W-B,50
YLL066C,5372
YLL066W-A,0
YLL065W,4
YLL064C,6
YLL063C,3403
YLL062C,1875
YLL061W,6127
YLL060C,1859
YLL059C,761
YLL058W,3924
YLL057C,955
YLL056C,1306
YLL055W,3032
YLL054C,5716
YLL053C,740
YLL052C,1051
YLL051C,13062
YLL050C,2923
YLL049W,960
YLL048C,24525
YLL047W,11
YLL046C,176
YLL045C,16485
YLL044W,29
YLL043W,9648
YLL042C,377
YLL041C,6087
YLL040C,14262
YLL039C,8422
YLL038C,5105
YLL037W,53
YLL036C,4860
YLL035W,7028
YLL034C,4480
YLL033W,1372
YLL032C,5580
YLL031C,13432
YLL030C,21
YLL029W,7973
YLL028W,5538
YLL027W,5299
YLL026W,15313
YLL025W,440
YLL024C,45960
YLL023C,2242
YLL022C,2816
YLL021W,10420
YLL020C,919
YLL019C,13223
YLL019W-A,5
YLL018C-A,2061
YLL018C,12199
YLL015W,10782
YLL014W,1725
YLL013C,13228
YLL012W,3961
YLL011W,6825
YLL010C,9417
YLL009C,1054
YLL008W,6922
YLL007C,4253
YLL006W-A,18
YLL006W,3405
YLL005C,64
YLL004W,3260
YLL003W,6352
YLL002W,2651
YLL001W,5025
YLR001C,3928
YLR002C,6164
YLR003C,3388
YLR004C,748
YLR005W,2976
YLR006C,9923
YLR007W,2681
YLR008C,4441
YLR009W,5746
YLR010C,907
YLR011W,1448
YLR012C,10
YLR013W,5
YLR014C,4558
YLR015W,2734
YLR016C,3008
YLR017W,6211
YLR018C,5430
YLR019W,8582
YLR020C,3768
YLR021W,2117
YLR022C,4536
YLR023C,8827
YLR024C,5393
YLR025W,1938
YLR026C,5127
YLR027C,15099
YLR028C,8884
YLR029C,17793
YLR030W,463
YLR031W,293
YLR032W,5752
YLR033W,5858
YLR034C,9059
YLR035C,3532
YLR035C-A,4636
YLR036C,2603
YLR037C,524
YLR038C,2130
YLR039C,4377
YLR040C,1992
YLR041W,267
YLR042C,1281
YLR043C,2200
YLR044C,59983
YLR045C,6926
YLR046C,3966
YLR047C,9004
YLR048W,23248
YLR049C,3960
YLR050C,803
YLR051C,2907
YLR052W,5329
YLR053C,48
YLR054C,394
YLR055C,2697
YLR056W,16863
YLR057W,7440
YLR058C,18044
YLR059C,4076
YLR061W,9735
YLR062C,8
YLR063W,2533
YLR064W,7203
YLR065C,1407
YLR066W,2236
YLR067C,5454
YLR068W,911
YLR069C,7181
YLR070C,318
YLR071C,8924
YLR072W,4457
YLR073C,9190
YLR074C,1862
YLR075W,19664
YLR076C,8
YLR077W,3602
YLR078C,2796
YLR079W,5438
YLR080W,421
YLR081W,67
YLR082C,1829
YLR083C,13327
YLR084C,19266
YLR085C,4969
YLR086W,6729
YLR087C,11636
YLR088W,7388
YLR089C,11402
YLR090W,4734
YLR091W,2148
YLR092W,1217
YLR093C,3326
YLR094C,7156
YLR095C,8484
YLR096W,8405
YLR097C,2745
YLR098C,5682
YLR099C,5913
YLR099W-A,952
YLR100W,10079
YLR101C,304
YLR102C,926
YLR103C,5272
YLR104W,3152
YLR105C,2708
YLR106C,32702
YLR107W,3088
YLR108C,4075
YLR109W,9386
YLR110C,26281
YLR111W,99
YLR112W,868
YLR113W,12593
YLR114C,2737
YLR115W,6378
YLR116W,6024
YLR117C,3764
YLR118C,2589
YLR119W,1165
YLR120C,14672
YLR120W-A,124
YLR121C,6670
YLR122C,587
YLR123C,506
YLR124W,338
YLR125W,1427
YLR126C,1071
YLR127C,3361
YLR128W,1405
YLR129W,11145
YLR130C,13507
YLR131C,6493
YLR132C,2736
YLR133W,5826
YLR134W,2929
YLR135W,3642
YLR136C,3841
YLR137W,1847
YLR138W,8950
YLR139C,6420
YLR140W,702
YLR141W,3247
YLR142W,5519
YLR143W,4052
YLR144C,7386
YLR145W,1325
YLR146C,2891
YLR146W-A,556
YLR147C,1982
YLR148W,4816
YLR149C,3698
YLR149C-A,21
YLR150W,14157
YLR151C,906
YLR152C,5710
YLR153C,19494
YLR154C,1397
YLR154W-A,19609
YLR154W-B,18195
YLR154W-C,26491
YLR154W-E,187
YLR154W-F,4575
YLR154C-G,4
YLR154C-H,2
YLR155C,7
YLR156W,558
YLR156C-A,23
YLR157C,583
YLR157W-D,0
YLR157C-B,8620
YLR157C-A,554
YLR157W-E,6
YLR157C-C,0
YLR158C,39
YLR159W,0
YLR159C-A,3
YLR160C,10242
YLR161W,200
YLR162W,329
YLR162W-A,802
YLR163C,5831
YLR163W-A,3
YLR164W,992
YLR165C,1722
YLR166C,8811
YLR167W,14506
YLR168C,4147
YLR169W,4
YLR170C,844
YLR171W,4
YLR172C,4375
YLR173W,3345
YLR174W,1190
YLR175W,9672
YLR176C,5132
YLR177W,4579
YLR178C,2159
YLR179C,4959
YLR180W,16898
YLR181C,2142
YLR182W,6674
YLR183C,4305
YLR184W,19
YLR185W,5639
YLR187W,7607
YLR188W,6943
YLR189C,7216
YLR190W,6967
YLR191W,3364
YLR192C,4846
YLR193C,2039
YLR194C,10501
YLR195C,4532
YLR196W,9273
YLR197W,13029
YLR198C,387
YLR199C,5261
YLR200W,1999
YLR201C,2833
YLR202C,1276
YLR203C,9602
YLR204W,2523
YLR205C,4370
YLR206W,13641
YLR207W,5872
YLR208W,6840
YLR209C,3477
YLR210W,3237
YLR211C,1016
YLR212C,5840
YLR213C,689
YLR214W,17841
YLR215C,3084
YLR216C,5497
YLR217W,5
YLR218C,336
YLR219W,7622
YLR220W,4226
YLR221C,3195
YLR222C,9262
YLR222C-A,63
YLR223C,8117
YLR224W,7761
YLR225C,3954
YLR226W,4197
YLR227C,2204
YLR227W-B,7261
YLR227W-A,1139
YLR228C,4032
YLR229C,5123
YLR230W,3
YLR231C,1564
YLR232W,25
YLR233C,3700
YLR234W,2918
YLR235C,34
YLR236C,69
YLR237W,3685
YLR238W,3324
YLR239C,2407
YLR240W,5638
YLR241W,11435
YLR242C,1936
YLR243W,4910
YLR244C,6872
YLR245C,1469
YLR246W,4289
YLR247C,10144
YLR248W,6318
YLR249W,79939
YLR250W,2487
YLR251W,2507
YLR252W,1019
YLR253W,5917
YLR254C,2006
YLR255C,102
YLR256W,7856
YLR256W-A,576
YLR257W,11404
YLR258W,11409
YLR259C,19017
YLR260W,3971
YLR261C,2432
YLR262C,3011
YLR262C-A,868
YLR263W,2949
YLR264W,3391
YLR264C-A,18
YLR265C,2667
YLR266C,5647
YLR267W,790
YLR268W,4535
YLR269C,0
YLR270W,3283
YLR271W,1276
YLR272C,8452
YLR273C,2288
YLR274W,8621
YLR275W,1966
YLR276C,9529
YLR277C,6423
YLR278C,18052
YLR279W,30
YLR280C,530
YLR281C,556
YLR282C,25
YLR283W,1861
YLR284C,826
YLR285W,3034
YLR285C-A,285
YLR286C,31166
YLR286W-A,58
YLR287C,4199
YLR287C-A,5764
YLR288C,4386
YLR289W,3318
YLR290C,1536
YLR291C,7432
YLR292C,4463
YLR293C,10017
YLR294C,3421
YLR295C,4895
YLR296W,421
YLR297W,2288
YLR298C,2511
YLR299W,4284
YLR299C-A,5
YLR300W,33325
YLR301W,2495
YLR302C,31
YLR303W,13045
YLR304C,25533
YLR305C,17299
YLR306W,1533
YLR307W,188
YLR307C-A,141
YLR308W,28
YLR309C,3603
YLR310C,15960
YLR311C,77
YLR312C,981
YLR312W-A,4135
YLR313C,3096
YLR314C,5425
YLR315W,1722
YLR316C,1183
YLR317W,1739
YLR318W,5133
YLR319C,4049
YLR320W,6513
YLR321C,4607
YLR322W,22
YLR323C,1550
YLR324W,2432
YLR325C,8314
YLR326W,2205
YLR327C,3470
YLR328W,5647
YLR329W,310
YLR330W,8484
YLR331C,11
YLR332W,12373
YLR333C,4908
YLR334C,21
YLR335W,7864
YLR336C,5283
YLR337C,8192
YLR338W,19
YLR339C,4
YLR340W,23790
YLR341W,373
YLR342W,63712
YLR342W-A,449
YLR343W,963
YLR344W,7800
YLR345W,4094
YLR346C,167
YLR347C,22223
YLR347W-A,4
YLR348C,5025
YLR349W,94
YLR350W,7223
YLR351C,2370
YLR352W,3957
YLR353W,7558
YLR354C,9782
YLR355C,42367
YLR356W,2305
YLR357W,9720
YLR358C,2
YLR359W,8401
YLR360W,4268
YLR361C,4001
YLR361C-A,319
YLR362W,4235
YLR363C,2876
YLR363W-A,1179
YLR364W,572
YLR365W,58
YLR364C-A,1
YLR366W,228
YLR367W,6561
YLR368W,4571
YLR369W,3887
YLR370C,5446
YLR371W,14654
YLR372W,10835
YLR373C,8601
YLR374C,217
YLR375W,6997
YLR376C,1492
YLR377C,155
YLR378C,16704
YLR379W,6
YLR380W,6301
YLR381W,6172
YLR382C,5724
YLR383W,4894
YLR384C,17267
YLR385C,1196
YLR386W,6209
YLR387C,6613
YLR388W,3438
YLR389C,9863
YLR390W,2228
YLR390W-A,19093
YLR392C,2601
YLR393W,3302
YLR394W,3165
YLR395C,2772
YLR396C,5080
YLR397C,8334
YLR399C,15861
YLR399W-A,1
YLR400W,29
YLR401C,5463
YLR402W,782
YLR403W,12892
YLR404W,3276
YLR405W,4670
YLR406C,7358
YLR406C-A,34
YLR407W,4440
YLR408C,501
YLR409C,9514
YLR410W,10405
YLR410W-B,10643
YLR410W-A,2688
YLR411W,504
YLR412W,4645
YLR412C-A,224
YLR413W,26589
YLR414C,7217
YLR415C,504
YLR416C,222
YLR417W,3271
YLR418C,2494
YLR419W,9844
YLR420W,4075
YLR421C,3127
YLR422W,9200
YLR423C,1087
YLR424W,2197
YLR425W,6045
YLR426W,3863
YLR427W,4205
YLR428C,29
YLR429W,9641
YLR430W,15583
YLR431C,2150
YLR432W,11938
YLR433C,5276
YLR434C,320
YLR435W,3227
YLR436C,12198
YLR437C,3733
YLR437C-A,49
YLR438W,3258
YLR438C-A,1351
YLR439W,4958
YLR440C,3256
YLR441C,14649
YLR442C,4025
YLR443W,6878
YLR444C,20
YLR445W,30
YLR446W,3000
YLR447C,8228
YLR448W,11647
YLR449W,7087
YLR450W,10213
YLR451W,8047
YLR452C,11916
YLR453C,1713
YLR455W,4265
YLR456W,1204
YLR457C,1941
YLR458W,2
YLR459W,6269
YLR460C,631
YLR461W,157
YLR462W,718
YLR463C,51
YLR464W,1828
YLR465C,69
YLR466W,3866
YLR466C-A,2
YLR466C-B,32
YLR467W,418
YLR467C-A,0
YNL271C,11332
YNL201C,6199
YNL124W,7036
YNR016C,53836
YNL339C,3552
YNL339W-B,0
YNL339W-A,0
YNL338W,78
YNL337W,1
YNL336W,1714
YNL335W,72
YNL334C,671
YNL333W,457
YNL332W,443
YNL331C,2528
YNL330C,5233
YNL329C,10822
YNL328C,1635
YNL327W,52606
YNL326C,3333
YNL325C,3285
YNL324W,10
YNL323W,3572
YNL322C,12511
YNL321W,11026
YNL320W,2159
YNL319W,136
YNL318C,35
YNL317W,3851
YNL316C,4130
YNL315C,3943
YNL314W,2108
YNL313C,9707
YNL312W,3238
YNL311C,5340
YNL310C,2283
YNL309W,5095
YNL308C,3611
YNL307C,9073
YNL306W,3031
YNL305C,3428
YNL304W,1945
YNL303W,393
YNL302C,7435
YNL301C,6384
YNL300W,8594
YNL299W,4065
YNL298W,10211
YNL297C,12671
YNL296W,6
YNL295W,4008
YNL294C,8063
YNL293W,3082
YNL292W,2831
YNL291C,6637
YNL290W,4034
YNL289W,12291
YNL288W,11100
YNL287W,17562
YNL286W,1753
YNL285W,51
YNL284C-B,11586
YNL284C-A,1624
YNL284C,4536
YNL283C,12416
YNL282W,1677
YNL281W,6306
YNL280C,6001
YNL279W,737
YNL278W,7287
YNL277W-A,113
YNL277W,2224
YNL276C,1017
YNL275W,6080
YNL274C,1881
YNL273W,5109
YNL272C,5898
YNL270C,1447
YNL269W,80
YNL268W,11609
YNL267W,10135
YNL266W,13
YNL265C,1924
YNL264C,2472
YNL263C,7335
YNL262W,9503
YNL261W,4452
YNL260C,2072
YNL259C,324
YNL258C,5888
YNL257C,7585
YNL256W,8910
YNL255C,7123
YNL254C,2611
YNL253W,1947
YNL252C,2672
YNL251C,15321
YNL250W,3724
YNL249C,2969
YNL248C,8036
YNL247W,9460
YNL246W,2558
YNL245C,1293
YNL244C,5895
YNL243W,11144
YNL242W,5610
YNL241C,12995
YNL240C,6236
YNL239W,4573
YNL238W,11917
YNL237W,701
YNL236W,9879
YNL235C,8
YNL234W,1640
YNL233W,8027
YNL232W,6544
YNL231C,6150
YNL230C,3696
YNL229C,5078
YNL228W,46
YNL227C,3275
YNL226W,2
YNL225C,4004
YNL224C,3764
YNL223W,1766
YNL222W,2147
YNL221C,8843
YNL220W,5802
YNL219C,10568
YNL218W,3464
YNL217W,5296
YNL216W,5633
YNL215W,445
YNL214W,1656
YNL213C,3262
YNL212W,5344
YNL211C,871
YNL210W,22
YNL209W,24066
YNL208W,3732
YNL207W,6529
YNL206C,4439
YNL205C,348
YNL204C,905
YNL203C,727
YNL202W,149
YNL200C,2343
YNL199C,7692
YNL198C,915
YNL197C,21161
YNL196C,95
YNL195C,462
YNL194C,633
YNL193W,2394
YNL192W,16687
YNL191W,3530
YNL190W,23052
YNL189W,11131
YNL188W,4658
YNL187W,3185
YNL186W,12328
YNL185C,3634
YNL184C,1166
YNL183C,9806
YNL182C,7482
YNL181W,2897
YNL180C,7701
YNL179C,1249
YNL178W,14683
YNL177C,4420
YNL176C,11498
YNL175C,3852
YNL174W,4
YNL173C,2542
YNL172W,10356
YNL171C,12
YNL170W,329
YNL169C,7638
YNL168C,3924
YNL167C,10143
YNL166C,3646
YNL165W,2361
YNL164C,3187
YNL163C,6515
YNL162W-A,810
YNL162W,4528
YNL161W,9782
YNL160W,9369
YNL159C,4508
YNL158W,3020
YNL157W,4098
YNL156C,4249
YNL155W,3797
YNL154C,13177
YNL153C,3149
YNL152W,4471
YNL151C,1599
YNL150W,15
YNL149C,2963
YNL148C,1646
YNL147W,1111
YNL146C-A,512
YNL146W,570
YNL145W,7105
YNL144C,4764
YNL144W-A,4
YNL143C,4377
YNL142W,8141
YNL141W,5074
YNL140C,2129
YNL139C,10645
YNL138W-A,849
YNL138W,4755
YNL137C,8295
YNL136W,788
YNL135C,4506
YNL134C,3745
YNL133C,824
YNL132W,8982
YNL131W,5947
YNL130C,7850
YNL130C-A,17
YNL129W,1434
YNL128W,673
YNL127W,5961
YNL126W,6325
YNL125C,12160
YNL123W,11860
YNL122C,1429
YNL121C,11445
YNL120C,20
YNL119W,4441
YNL118C,13287
YNL117W,306
YNL116W,6351
YNL115C,3292
YNL114C,64
YNL113W,3327
YNL112W,7594
YNL111C,5294
YNL110C,3993
YNL109W,163
YNL108C,2845
YNL107W,1584
YNL106C,7079
YNL105W,23
YNL104C,25357
YNL103W-A,0
YNL103W,11334
YNL102W,7886
YNL101W,12523
YNL100W,3645
YNL099C,3100
YNL098C,4852
YNL097C-B,126
YNL097C,3225
YNL097W-A,35
YNL096C,7176
YNL095C,3220
YNL094W,8186
YNL093W,92
YNL092W,682
YNL091W,10140
YNL090W,2897
YNL089C,12
YNL088W,8796
YNL087W,10219
YNL086W,879
YNL085W,13884
YNL084C,3675
YNL083W,3481
YNL082W,4064
YNL081C,2594
YNL080C,6597
YNL079C,5661
YNL078W,7319
YNL077W,3085
YNL076W,6875
YNL075W,3970
YNL074C,9982
YNL073W,5177
YNL072W,3079
YNL071W,8218
YNL070W,2869
YNL069C,16241
YNL068C,10392
YNL067W-A,17
YNL067W-B,51
YNL067W,7082
YNL066W,20828
YNL065W,7522
YNL064C,12157
YNL063W,3146
YNL062C,5786
YNL061W,8196
YNL059C,6047
YNL058C,4613
YNL057W,562
YNL056W,3631
YNL055C,12570
YNL054W-A,2262
YNL054W,9168
YNL053W,6270
YNL052W,8871
YNL051W,3711
YNL050C,2670
YNL049C,10138
YNL048W,3675
YNL047C,5480
YNL046W,4749
YNL045W,7988
YNL044W,4773
YNL043C,101
YNL042W-B,120
YNL042W,2992
YNL041C,6421
YNL040W,4016
YNL039W,4657
YNL038W,2912
YNL037C,7055
YNL036W,6220
YNL035C,4266
YNL034W,701
YNL033W,162
YNL032W,3896
YNL031C,9073
YNL030W,8068
YNL029C,2795
YNL028W,17
YNL027W,7020
YNL026W,6405
YNL025C,3807
YNL024C-A,1856
YNL024C,397
YNL023C,6042
YNL022C,4785
YNL021W,6254
YNL020C,3192
YNL019C,82
YNL018C,665
YNL017C,8
YNL016W,13214
YNL015W,1932
YNL014W,2414
YNL013C,0
YNL012W,1091
YNL011C,3121
YNL010W,2627
YNL009W,746
YNL008C,5354
YNL007C,9873
YNL006W,5458
YNL005C,4501
YNL004W,8035
YNL003C,3368
YNL002C,5775
YNL001W,2744
YNR001C,10777
YNR001W-A,4
YNR002C,686
YNR003C,2886
YNR003W-A,0
YNR004W,573
YNR005C,5
YNR006W,5365
YNR007C,1609
YNR008W,3608
YNR009W,5855
YNR010W,1178
YNR011C,3922
YNR012W,5809
YNR013C,14978
YNR014W,1373
YNR015W,4024
YNR017W,8397
YNR018W,3270
YNR019W,10811
YNR020C,1074
YNR021W,6592
YNR022C,2199
YNR023W,4127
YNR024W,1247
YNR025C,95
YNR026C,3902
YNR027W,3214
YNR028W,3883
YNR029C,3020
YNR030W,7916
YNR031C,8606
YNR032W,5605
YNR032C-A,789
YNR033W,7776
YNR034W,3106
YNR034W-A,1226
YNR035C,5443
YNR036C,4461
YNR037C,1527
YNR038W,8258
YNR039C,8139
YNR040W,2080
YNR041C,3984
YNR042W,24
YNR043W,9791
YNR044W,5091
YNR045W,4503
YNR046W,6057
YNR047W,9625
YNR048W,3586
YNR049C,1993
YNR050C,5351
YNR051C,9459
YNR052C,10162
YNR053C,14938
YNR054C,2248
YNR055C,11022
YNR056C,699
YNR057C,1121
YNR058W,2695
YNR059W,5067
YNR060W,654
YNR061C,2738
YNR062C,89
YNR063W,2010
YNR064C,68
YNR065C,8567
YNR066C,3675
YNR067C,33030
YNR068C,1100
YNR069C,2600
YNR070W,12
YNR071C,3
YNR072W,1
YNR073C,151
YNR074C,2
YNR075W,4335
YNR075C-A,0
YNR076W,1
YNR077C,2
YPL222W,2317
YPL153C,4235
YPL085W,13057
YPL016W,8483
YPR045C,5862
YPR123C,29
YPR124W,13106
YPR190C,5693
YPL283C,187
YPL283W-B,0
YPL283W-A,0
YPL282C,59
YPL281C,771
YPL280W,114
YPL279C,5757
YPL278C,287
YPL277C,1225
YPL274W,4964
YPL273W,5437
YPL272C,3251
YPL271W,3649
YPL270W,5313
YPL269W,3237
YPL268W,6072
YPL267W,2621
YPL266W,4383
YPL265W,11586
YPL264C,1849
YPL263C,6584
YPL262W,7914
YPL261C,17
YPL260W,8234
YPL259C,5623
YPL258C,3801
YPL257W-B,2766
YPL257W-A,759
YPL257W,1578
YPL256C,20579
YPL255W,3186
YPL254W,4158
YPL253C,3635
YPL252C,3365
YPL251W,7
YPL250C,6708
YPL249C-A,6386
YPL250W-A,11
YPL249C,3628
YPL248C,1485
YPL247C,5654
YPL246C,5262
YPL245W,2563
YPL244C,7034
YPL243W,10355
YPL242C,14806
YPL241C,1819
YPL240C,14247
YPL239W,4053
YPL238C,95
YPL237W,6326
YPL236C,4781
YPL235W,6032
YPL234C,2964
YPL233W,2854
YPL232W,6025
YPL231W,55477
YPL230W,2550
YPL229W,4473
YPL228W,4980
YPL227C,3132
YPL226W,21370
YPL225W,4295
YPL224C,4506
YPL223C,238
YPL222C-A,60
YPL221W,13702
YPL220W,11541
YPL219W,3591
YPL218W,5144
YPL217C,6774
YPL216W,3018
YPL215W,5651
YPL214C,3954
YPL213W,2873
YPL212C,6943
YPL211W,3067
YPL210C,8373
YPL209C,1430
YPL208W,3445
YPL207W,6654
YPL206C,2355
YPL205C,13
YPL204W,10076
YPL203W,3056
YPL202C,3781
YPL201C,423
YPL200W,13
YPL199C,2539
YPL198W,8728
YPL197C,16
YPL196W,2300
YPL195W,7123
YPL194W,2206
YPL193W,3476
YPL192C,44
YPL191C,1693
YPL190C,12061
YPL189C-A,2580
YPL189W,852
YPL188W,7411
YPL187W,40
YPL186C,1122
YPL185W,92
YPL184C,8002
YPL183W-A,2788
YPL183C,12519
YPL182C,4
YPL181W,4703
YPL180W,4362
YPL179W,15381
YPL178W,2970
YPL177C,8814
YPL176C,7231
YPL175W,5096
YPL174C,4450
YPL173W,2563
YPL172C,5654
YPL171C,340
YPL170W,3486
YPL169C,7601
YPL168W,2761
YPL167C,6641
YPL166W,1558
YPL165C,65
YPL164C,2825
YPL163C,12153
YPL162C,3369
YPL161C,4220
YPL160W,21333
YPL159C,4857
YPL158C,7935
YPL157W,2696
YPL156C,1284
YPL155C,5310
YPL154C,10679
YPL152W-A,135
YPL152W,3735
YPL151C,3275
YPL150W,6359
YPL149W,3985
YPL148C,2405
YPL147W,2055
YPL146C,4273
YPL145C,15902
YPL144W,2206
YPL143W,6955
YPL142C,2
YPL141C,15168
YPL140C,4867
YPL139C,2634
YPL138C,3204
YPL137C,12308
YPL136W,15
YPL135W,11459
YPL135C-A,2
YPL134C,1694
YPL133C,3799
YPL132W,2799
YPL131W,29607
YPL130W,99
YPL129W,5396
YPL128C,12236
YPL127C,2576
YPL126W,14871
YPL125W,9903
YPL124W,1637
YPL123C,1578
YPL122C,2752
YPL121C,15
YPL120W,2120
YPL119C-A,304
YPL119C,1569
YPL118W,5766
YPL117C,8279
YPL116W,7619
YPL115C,9952
YPL114W,949
YPL113C,764
YPL112C,4567
YPL111W,7897
YPL110C,6709
YPL109C,2569
YPL108W,1185
YPL107W,1880
YPL106C,22899
YPL105C,10396
YPL104W,2883
YPL103C,3958
YPL102C,15
YPL101W,4729
YPL100W,2956
YPL099C,1454
YPL098C,2860
YPL097W,3424
YPL096C-A,1030
YPL096W,1474
YPL095C,2477
YPL094C,7430
YPL093W,18323
YPL092W,3646
YPL091W,4667
YPL090C,14807
YPL089C,10041
YPL088W,3144
YPL087W,3410
YPL086C,3946
YPL084W,7555
YPL083C,3582
YPL082C,16490
YPL081W,11804
YPL080C,12
YPL079W,6815
YPL078C,4100
YPL077C,1476
YPL076W,2751
YPL075W,9406
YPL074W,6695
YPL073C,18
YPL072W,2927
YPL071C,1957
YPL070W,4008
YPL069C,3626
YPL068C,3691
YPL067C,2718
YPL066W,7773
YPL065W,1297
YPL064C,3091
YPL063W,6578
YPL062W,14
YPL061W,25245
YPL060W,1720
YPL059W,3147
YPL058C,25035
YPL057C,13737
YPL056C,1054
YPL055C,4033
YPL054W,710
YPL053C,4565
YPL052W,2005
YPL051W,1542
YPL050C,9806
YPL049C,7477
YPL048W,7907
YPL047W,2639
YPL046C,1260
YPL045W,4489
YPL044C,13
YPL043W,6814
YPL042C,3545
YPL041C,1448
YPL040C,4501
YPL039W,2365
YPL038W-A,163
YPL038W,2126
YPL037C,6998
YPL036W,2604
YPL035C,1
YPL034W,1384
YPL033C,24
YPL032C,17028
YPL031C,5057
YPL030W,3662
YPL029W,3888
YPL028W,12024
YPL027W,58
YPL026C,8148
YPL025C,425
YPL024W,2191
YPL023C,6486
YPL022W,10989
YPL021W,9
YPL020C,4044
YPL019C,7910
YPL018W,2588
YPL017C,601
YPL015C,6461
YPL014W,6540
YPL013C,2234
YPL012W,16987
YPL011C,6111
YPL010W,4873
YPL009C,4174
YPL008W,4227
YPL007C,3198
YPL006W,11174
YPL005W,2947
YPL004C,10268
YPL003W,2940
YPL002C,2366
YPL001W,2851
YPR001W,757
YPR002W,1177
YPR002C-A,16
YPR003C,4711
YPR004C,5179
YPR005C,2719
YPR006C,1554
YPR007C,730
YPR008W,7635
YPR009W,1400
YPR010C,25677
YPR010C-A,2033
YPR011C,2388
YPR012W,33
YPR013C,2797
YPR014C,0
YPR015C,475
YPR016C,10562
YPR016W-A,5
YPR017C,1683
YPR018W,3437
YPR019W,10410
YPR020W,2563
YPR021C,6620
YPR022C,11328
YPR023C,4591
YPR024W,13588
YPR025C,4209
YPR026W,5123
YPR027C,95
YPR028W,5753
YPR029C,9033
YPR030W,3819
YPR031W,3278
YPR032W,5920
YPR033C,9334
YPR034W,5697
YPR035W,16423
YPR036W,7099
YPR036W-A,11509
YPR037C,1046
YPR038W,35
YPR039W,594
YPR040W,3434
YPR041W,8616
YPR042C,11061
YPR043W,6003
YPR044C,2
YPR046W,1484
YPR047W,2293
YPR048W,4727
YPR049C,4476
YPR050C,8
YPR051W,1768
YPR052C,5425
YPR053C,5530
YPR054W,73
YPR055W,6284
YPR056W,3449
YPR057W,3590
YPR058W,3331
YPR059C,118
YPR060C,3866
YPR061C,1218
YPR062W,2199
YPR063C,4187
YPR064W,48
YPR065W,14235
YPR066W,1423
YPR067W,3355
YPR068C,1373
YPR069C,4538
YPR070W,5360
YPR071W,2440
YPR072W,8516
YPR073C,2241
YPR074C,37113
YPR074W-A,2
YPR075C,5911
YPR076W,43
YPR077C,74
YPR078C,81
YPR079W,2452
YPR080W,32859
YPR081C,3943
YPR082C,1697
YPR083W,4334
YPR084W,5883
YPR085C,3741
YPR086W,4987
YPR087W,18
YPR088C,4564
YPR089W,8977
YPR091C,4986
YPR092W,38
YPR093C,1947
YPR094W,876
YPR095C,5829
YPR096C,518
YPR097W,10546
YPR098C,1494
YPR099C,133
YPR100W,1703
YPR101W,2270
YPR102C,9671
YPR103W,5459
YPR104C,8176
YPR105C,6732
YPR106W,4838
YPR107C,2468
YPR108W,7682
YPR108W-A,6
YPR109W,2916
YPR110C,8471
YPR111W,5422
YPR112C,7856
YPR113W,6070
YPR114W,8069
YPR115W,7866
YPR116W,1401
YPR117W,14423
YPR118W,4790
YPR119W,10371
YPR120C,4348
YPR121W,3901
YPR122W,11444
YPR125W,5314
YPR126C,4
YPR127W,1740
YPR128C,3467
YPR129W,4240
YPR130C,104
YPR131C,2771
YPR132W,6580
YPR133C,4253
YPR133W-A,2616
YPR134W,1424
YPR135W,4965
YPR136C,4
YPR137W,9664
YPR137C-B,4503
YPR137C-A,2410
YPR138C,9663
YPR139C,3449
YPR140W,3344
YPR141C,4422
YPR142C,5
YPR143W,2461
YPR144C,8864
YPR145W,32093
YPR145C-A,165
YPR146C,685
YPR147C,4328
YPR148C,5793
YPR149W,10628
YPR150W,66
YPR151C,483
YPR152C,1313
YPR153W,1959
YPR154W,8808
YPR155C,4664
YPR156C,7674
YPR157W,2334
YPR158W,4834
YPR158W-B,5330
YPR158W-A,1500
YPR158C-D,14110
YPR158C-C,1465
YPR159W,22753
YPR159C-A,2
YPR160W,9136
YPR160W-A,404
YPR160C-A,138
YPR161C,6403
YPR162C,3363
YPR163C,9477
YPR164W,12396
YPR165W,7183
YPR166C,1292
YPR167C,1953
YPR168W,1256
YPR169W,7070
YPR170C,53
YPR170W-B,2557
YPR169W-A,1913
YPR170W-A,2004
YPR171W,3529
YPR172W,1745
YPR173C,6238
YPR174C,2040
YPR175W,4963
YPR176C,4243
YPR177C,11
YPR178W,3230
YPR179C,3173
YPR180W,2033
YPR181C,22010
YPR182W,1737
YPR183W,7342
YPR184W,9408
YPR185W,3265
YPR186C,3541
YPR187W,5455
YPR188C,1826
YPR189W,8010
YPR191W,8805
YPR192W,133
YPR193C,586
YPR194C,2602
YPR195C,231
YPR196W,3271
YPR197C,112
YPR198W,4160
YPR199C,3744
YPR200C,697
YPR201W,872
YPR202W,759
YPR203W,593
YPR204W,1615
YPR204C-A,0
YHR013C,3388
YHR147C,3684
YHL050C,2386
YHL050W-A,3
YHL049C,207
YHL048C-A,45
YHL048W,4143
YHL047C,6980
YHL046W-A,3
YHL046C,151
YHL045W,26
YHL044W,817
YHL043W,55
YHL042W,451
YHL041W,36
YHL040C,6705
YHL039W,7083
YHL038C,3749
YHL037C,196
YHL036W,4721
YHL035C,11746
YHL034W-A,8
YHL034C,5219
YHL033C,6486
YHL032C,5421
YHL031C,3349
YHL030W-A,14
YHL030W,11120
YHL029C,14411
YHL028W,8327
YHL027W,11467
YHL026C,3971
YHL025W,3130
YHL024W,3977
YHL023C,7599
YHL022C,284
YHL021C,7616
YHL020C,5737
YHL019W-A,38
YHL019C,3517
YHL018W,1282
YHL017W,7585
YHL016C,6161
YHL015W-A,7
YHL015W,10351
YHL014C,1545
YHL013C,2133
YHL012W,123
YHL011C,8911
YHL010C,3686
YHL009C,2466
YHL009W-B,6125
YHL009W-A,214
YHL008C,1456
YHL007C,12689
YHL006W-A,18
YHL006C,523
YHL005C,59
YHL004W,7730
YHL003C,6708
YHL002C-A,33
YHL002W,6158
YHL001W,7329
YHR001W,3980
YHR001W-A,2392
YHR002W,2493
YHR003C,3942
YHR004C,3869
YHR005C,6179
YHR005C-A,3625
YHR006W,9680
YHR007C,24991
YHR007C-A,275
YHR008C,5077
YHR009C,10461
YHR010W,8164
YHR011W,2301
YHR012W,4016
YHR014W,295
YHR015W,981
YHR016C,4087
YHR017W,4711
YHR018C,12026
YHR019C,16548
YHR020W,14566
YHR021C,6239
YHR021W-A,4
YHR022C,1738
YHR022C-A,91
YHR023W,14170
YHR024C,6667
YHR025W,13879
YHR026W,6239
YHR027C,17184
YHR028C,7267
YHR028W-A,20
YHR029C,1530
YHR030C,8765
YHR031C,3959
YHR032W,8499
YHR032W-A,754
YHR032C-A,1
YHR033W,5047
YHR034C,1312
YHR035W,1837
YHR036W,4593
YHR037W,7228
YHR038W,975
YHR039C,12910
YHR039C-A,2614
YHR040W,1244
YHR041C,2512
YHR042W,15644
YHR043C,2771
YHR044C,1890
YHR045W,4863
YHR046C,2843
YHR047C,13484
YHR048W,3269
YHR049W,8537
YHR049C-A,17
YHR050W,9391
YHR050W-A,1782
YHR051W,4379
YHR052W,7187
YHR052W-A,3
YHR053C,4750
YHR054C,2328
YHR054W-A,111
YHR055C,514
YHR056C,5564
YHR056W-A,86
YHR057C,1668
YHR058C,2623
YHR059W,1756
YHR060W,1138
YHR061C,5829
YHR062C,2981
YHR063C,3728
YHR063W-A,3
YHR064C,11753
YHR065C,5319
YHR066W,5843
YHR067W,2310
YHR068W,6371
YHR069C,4761
YHR069C-A,54
YHR070W,7818
YHR070C-A,5
YHR071W,4584
YHR071C-A,191
YHR072W,9808
YHR072W-A,2827
YHR073W,14420
YHR073W-A,1938
YHR073C-B,2
YHR074W,9260
YHR075C,1919
YHR076W,3157
YHR077C,9911
YHR078W,7860
YHR079C,6849
YHR079C-A,3
YHR080C,7932
YHR081W,1370
YHR082C,14852
YHR083W,3218
YHR084W,7932
YHR085W,2953
YHR086W,8456
YHR086W-A,16
YHR087W,1528
YHR088W,4096
YHR089C,4948
YHR090C,3085
YHR091C,6268
YHR092C,5311
YHR093W,857
YHR094C,11782
YHR095W,1738
YHR096C,525
YHR097C,3128
YHR098C,15359
YHR099W,27971
YHR100C,1396
YHR101C,2184
YHR102W,10654
YHR103W,10687
YHR104W,6040
YHR105W,1765
YHR106W,2911
YHR107C,5119
YHR108W,8604
YHR109W,3150
YHR110W,2491
YHR111W,3031
YHR112C,2882
YHR113W,5594
YHR114W,4482
YHR115C,8093
YHR116W,1663
YHR117W,5319
YHR118C,2588
YHR119W,10659
YHR120W,4338
YHR121W,2299
YHR122W,1971
YHR123W,7052
YHR124W,232
YHR125W,1
YHR126C,5
YHR127W,2585
YHR128W,8870
YHR129C,2280
YHR130C,202
YHR131C,6702
YHR131W-A,16
YHR132C,7213
YHR132W-A,2091
YHR133C,4872
YHR134W,2367
YHR135C,7949
YHR136C,741
YHR137W,13345
YHR137C-A,5
YHR138C,1665
YHR139C,131
YHR139C-A,12
YHR140W,135
YHR141C,6322
YHR142W,5622
YHR143W,18762
YHR143W-A,2166
YHR144C,3214
YHR145C,40
YHR146W,3541
YHR148W,2796
YHR149C,7318
YHR150W,3260
YHR151C,8280
YHR152W,2693
YHR153C,737
YHR154W,6450
YHR155W,11111
YHR156C,1423
YHR157W,853
YHR158C,9673
YHR159W,2683
YHR160C,67
YHR161C,5977
YHR162W,8041
YHR163W,5204
YHR164C,4092
YHR165C,16494
YHR165W-A,1
YHR166C,2138
YHR167W,2200
YHR168W,2223
YHR169W,5688
YHR170W,11465
YHR171W,2739
YHR172W,5346
YHR173C,28
YHR174W,46207
YHR175W,4080
YHR175W-A,802
YHR176W,1106
YHR177W,2991
YHR178W,3288
YHR179W,6332
YHR180W,1174
YHR180W-A,4
YHR180C-B,4
YHR181W,3240
YHR182W,4256
YHR182C-A,8
YHR183W,18602
YHR184W,423
YHR185C,21
YHR186C,12182
YHR187W,3195
YHR188C,8427
YHR189W,1570
YHR190W,10452
YHR191C,1226
YHR192W,2083
YHR193C,7224
YHR193C-A,46
YHR194W,5005
YHR195W,4655
YHR196W,8627
YHR197W,7182
YHR198C,2558
YHR199C,6787
YHR199C-A,2176
YHR200W,5342
YHR201C,3240
YHR202W,1723
YHR203C,15144
YHR204W,13817
YHR205W,17332
YHR206W,10789
YHR207C,2768
YHR208W,16167
YHR209W,2461
YHR210C,2812
YHR211W,8820
YHR212C,133
YHR212W-A,70
YHR213W,188
YHR213W-A,31
YHR213W-B,8
YHR214W,210
YHR214W-A,221
YHR214C-B,17354
YHR214C-C,2608
YHR214C-D,1
YHR214C-E,5
YHR215W,4760
YHR216W,1396
YHR217C,120
YHR218W,159
YHR218W-A,35
YHR219W,436
YHR219C-A,1
YML071C,2293
YML004C,5552
YMR061W,6341
YMR128W,7949
YMR196W,7640
YMR259C,9533
YML133C,722
YML133W-B,1
YML133W-A,0
YML132W,243
YML131W,1743
YML130C,8766
YML129C,2307
YML128C,4328
YML127W,8888
YML126C,17791
YML125C,3979
YML124C,7067
YML123C,17227
YML122C,40
YML121W,2648
YML120C,9038
YML119W,3830
YML118W,1158
YML117W,18128
YML116W-A,1542
YML116W,7034
YML115C,6894
YML114C,6326
YML113W,6601
YML112W,3450
YML111W,10468
YML110C,4370
YML109W,5161
YML108W,1767
YML107C,2761
YML106W,8875
YML105C,2472
YML104C,6853
YML103C,20275
YML102W,4723
YML101C-A,291
YML101C,1548
YML100W-A,155
YML100W,15969
YML099W-A,3
YML099C,7111
YML098W,1590
YML097C,4646
YML096W,3475
YML095C,2025
YML094C-A,17
YML094W,2265
YML093W,6998
YML092C,6948
YML091C,13796
YML090W,13
YML089C,132
YML088W,5240
YML087C,1258
YML086C,7037
YML085C,8751
YML084W,59
YML083C,158
YML082W,7478
YML081C-A,2389
YML081W,15130
YML080W,4310
YML079W,2078
YML078W,2408
YML077W,2209
YML076C,7153
YML075C,21521
YML074C,3883
YML073C,8499
YML072C,26051
YML070W,6951
YML069W,5115
YML068W,3198
YML067C,4200
YML066C,32
YML065W,4409
YML064C,4013
YML063W,14267
YML062C,1875
YML061C,4914
YML060W,1903
YML059C,16506
YML058W-A,57
YML058W,7536
YML057C-A,59
YML057W,8175
YML056C,23111
YML055W,3139
YML054C,2085
YML054C-A,4
YML053C,2529
YML052W,16383
YML051W,5161
YML050W,1841
YML049C,13063
YML048W,10255
YML047W-A,1
YML047C,10
YML046W,4540
YML045W,1321
YML045W-A,200
YML043C,3910
YML042W,1935
YML041C,3004
YML039W,3974
YML040W,679
YML038C,9805
YML037C,2766
YML036W,1643
YML035C,8715
YML034C-A,30
YML034W,6491
YML032C,8028
YML031C-A,4
YML031W,9858
YML030W,1704
YML029W,8127
YML028W,11667
YML027W,9767
YML026C,10364
YML025C,5416
YML024W,6668
YML023C,6899
YML022W,4184
YML021C,2844
YML020W,3527
YML019W,4574
YML018C,7599
YML017W,8120
YML016C,13212
YML015C,3244
YML014W,1751
YML013W,6584
YML012C-A,33
YML012W,6272
YML011C,1337
YML010W,7018
YML009W-B,1375
YML009C-A,4
YML009C,1778
YML008C,8440
YML007C-A,52
YML007W,11596
YML006C,5932
YML005W,4002
YML003W,1744
YML002W,3649
YML001W,3210
YMR001C,11969
YMR001C-A,136
YMR002W,6201
YMR003W,1651
YMR004W,3869
YMR005W,5262
YMR006C,5551
YMR007W,96
YMR008C,8522
YMR009W,3210
YMR010W,7971
YMR011W,11151
YMR012W,26425
YMR013C,5602
YMR013C-A,828
YMR013W-A,516
YMR014W,3056
YMR015C,16144
YMR016C,9360
YMR017W,205
YMR018W,832
YMR019W,6312
YMR020W,2980
YMR021C,3739
YMR022W,4073
YMR023C,2169
YMR024W,6542
YMR025W,855
YMR026C,2447
YMR027W,3863
YMR028W,2500
YMR029C,4189
YMR030W,1715
YMR031C,4562
YMR031W-A,7
YMR032W,3918
YMR030W-A,80
YMR033W,6047
YMR034C,1329
YMR035W,1008
YMR036C,3836
YMR037C,12347
YMR038C,3101
YMR039C,2862
YMR040W,466
YMR041C,2510
YMR042W,4490
YMR043W,10285
YMR044W,2202
YMR045C,12151
YMR046C,8024
YMR046W-A,15
YMR047C,9773
YMR048W,1513
YMR049C,9350
YMR050C,5957
YMR051C,816
YMR052W,689
YMR052C-A,246
YMR053C,2910
YMR054W,11035
YMR055C,2934
YMR056C,1969
YMR057C,52
YMR058W,21731
YMR059W,1507
YMR060C,1656
YMR062C,6001
YMR063W,1671
YMR064W,6361
YMR065W,3501
YMR066W,4545
YMR067C,5030
YMR068W,1977
YMR069W,1107
YMR070W,8313
YMR071C,1917
YMR072W,4528
YMR073C,2219
YMR074C,1385
YMR075W,5346
YMR075C-A,14
YMR076C,7110
YMR077C,1573
YMR078C,3817
YMR079W,9475
YMR080C,17967
YMR081C,1340
YMR082C,9
YMR083W,10681
YMR084W,860
YMR085W,1615
YMR086W,5113
YMR086C-A,387
YMR087W,1770
YMR088C,2646
YMR089C,8452
YMR090W,1944
YMR091C,3096
YMR092C,7707
YMR093W,11983
YMR094W,2435
YMR095C,195
YMR096W,2415
YMR097C,2596
YMR098C,4590
YMR099C,3376
YMR100W,13059
YMR101C,100
YMR102C,6882
YMR103C,826
YMR104C,6609
YMR105C,6027
YMR105W-A,31
YMR106C,2300
YMR107W,141
YMR108W,26436
YMR109W,11355
YMR110C,5286
YMR111C,2606
YMR112C,1324
YMR113W,2834
YMR114C,1958
YMR115W,4246
YMR116C,19197
YMR117C,3532
YMR118C,61
YMR119W,8295
YMR119W-A,922
YMR120C,11654
YMR121C,1794
YMR122C,69
YMR122W-A,9386
YMR123W,3852
YMR124W,7908
YMR125W,11783
YMR126C,2932
YMR127C,2787
YMR129W,14729
YMR130W,2788
YMR131C,9021
YMR132C,2171
YMR133W,38
YMR134W,2494
YMR135C,2988
YMR135W-A,44
YMR136W,12181
YMR137C,1661
YMR138W,929
YMR139W,3389
YMR140W,6278
YMR141C,12
YMR142C,10051
YMR141W-A,3
YMR143W,10185
YMR144W,2867
YMR145C,21762
YMR146C,9348
YMR147W,1793
YMR148W,3018
YMR149W,6794
YMR150C,1598
YMR151W,339
YMR152W,4068
YMR153W,3363
YMR153C-A,686
YMR154C,2837
YMR155W,5023
YMR156C,1138
YMR157C,2352
YMR158W,3097
YMR158C-A,320
YMR158W-B,4
YMR159C,884
YMR160W,3979
YMR161W,4860
YMR162C,9784
YMR163C,2310
YMR164C,7779
YMR165C,5014
YMR166C,4374
YMR167W,4716
YMR168C,3997
YMR169C,2992
YMR170C,2497
YMR171C,7422
YMR172W,4366
YMR172C-A,3
YMR173W,2340
YMR173W-A,2012
YMR174C,426
YMR175W,90
YMR175W-A,51
YMR176W,7802
YMR177W,3807
YMR178W,1860
YMR179W,5407
YMR180C,3070
YMR181C,2881
YMR182C,2224
YMR182W-A,116
YMR183C,4234
YMR184W,2075
YMR185W,5061
YMR186W,31787
YMR187C,3917
YMR188C,3810
YMR189W,14695
YMR190C,6399
YMR191W,3658
YMR192W,3975
YMR193W,2376
YMR193C-A,1
YMR194W,3562
YMR194C-B,350
YMR194C-A,194
YMR195W,4389
YMR197C,3243
YMR198W,4321
YMR199W,9820
YMR200W,8201
YMR201C,1824
YMR202W,9004
YMR203W,10296
YMR204C,2588
YMR205C,38339
YMR206W,391
YMR207C,5225
YMR208W,6069
YMR209C,3303
YMR210W,2703
YMR211W,2468
YMR212C,9115
YMR213W,2171
YMR214W,3363
YMR215W,7724
YMR216C,17409
YMR217W,14377
YMR218C,7338
YMR219W,6358
YMR220W,6790
YMR221C,7530
YMR222C,3384
YMR223W,5483
YMR224C,2984
YMR225C,1553
YMR226C,5633
YMR227C,1511
YMR228W,2652
YMR229C,18116
YMR230W,5970
YMR230W-A,46
YMR231W,5792
YMR232W,692
YMR233W,1560
YMR234W,2229
YMR235C,6850
YMR236W,3858
YMR237W,6928
YMR238W,4441
YMR239C,2526
YMR240C,1487
YMR241W,6560
YMR242C,14192
YMR242W-A,21
YMR243C,12148
YMR244W,79
YMR244C-A,927
YMR245W,56
YMR246W,18860
YMR247C,10904
YMR247W-A,1
YMR250W,4306
YMR251W,644
YMR251W-A,3253
YMR252C,2192
YMR253C,3604
YMR254C,52
YMR255W,3402
YMR256C,1422
YMR257C,7523
YMR258C,6166
YMR260C,4752
YMR261C,9468
YMR262W,2537
YMR263W,1884
YMR264W,3041
YMR265C,2874
YMR266W,7074
YMR267W,2928
YMR268C,2855
YMR269W,105
YMR270C,5086
YMR271C,2136
YMR272C,8272
YMR272W-A,3
YMR272W-B,1
YMR273C,6228
YMR274C,1942
YMR275C,7352
YMR276W,8012
YMR277W,8578
YMR278W,3949
YMR279C,302
YMR280C,1584
YMR281W,2279
YMR282C,3912
YMR283C,2556
YMR284W,3155
YMR285C,3504
YMR286W,1491
YMR287C,6272
YMR288W,3711
YMR289W,3494
YMR290C,7738
YMR290W-A,830
YMR291W,11314
YMR292W,1189
YMR293C,1239
YMR294W,2096
YMR294W-A,17
YMR295C,5940
YMR296C,14379
YMR297W,14074
YMR298W,1811
YMR299C,2576
YMR300C,6086
YMR301C,5228
YMR302C,6339
YMR303C,1817
YMR304W,11056
YMR304C-A,2390
YMR305C,16525
YMR306W,2508
YMR306C-A,90
YMR307W,34426
YMR307C-A,0
YMR308C,22306
YMR309C,21130
YMR310C,8809
YMR311C,3700
YMR312W,3073
YMR313C,6038
YMR314W,6594
YMR315W,5562
YMR315W-A,71
YMR316W,2997
YMR316C-A,102
YMR316C-B,637
YMR317W,473
YMR318C,7501
YMR319C,11782
YMR320W,153
YMR321C,427
YMR322C,27
YMR323W,153
YMR324C,0
YMR325W,27
YMR326C,3
ERCC-00002,56463
ERCC-00003,19866
ERCC-00004,8376
ERCC-00009,6616
ERCC-00012,7
ERCC-00013,71
ERCC-00014,563
ERCC-00016,12
ERCC-00017,3
ERCC-00019,204
ERCC-00022,5995
ERCC-00024,5
ERCC-00025,2900
ERCC-00028,35
ERCC-00031,73
ERCC-00033,38
ERCC-00034,641
ERCC-00035,3162
ERCC-00039,141
ERCC-00040,42
ERCC-00041,23
ERCC-00042,8247
ERCC-00043,12764
ERCC-00044,4728
ERCC-00046,11170
ERCC-00048,2
ERCC-00051,193
ERCC-00053,843
ERCC-00054,192
ERCC-00057,0
ERCC-00058,175
ERCC-00059,251
ERCC-00060,4174
ERCC-00061,2
ERCC-00062,487
ERCC-00067,62
ERCC-00069,196
ERCC-00071,2007
ERCC-00073,11
ERCC-00074,27958
ERCC-00075,1
ERCC-00076,3395
ERCC-00077,62
ERCC-00078,1859
ERCC-00079,2463
ERCC-00081,16
ERCC-00083,1
ERCC-00084,1108
ERCC-00085,97
ERCC-00086,30
ERCC-00092,2158
ERCC-00095,695
ERCC-00096,53643
ERCC-00097,3
ERCC-00098,1
ERCC-00099,1061
ERCC-00104,28
ERCC-00108,2777
ERCC-00109,21
ERCC-00111,13236
ERCC-00112,5080
ERCC-00113,25695
ERCC-00116,3120
ERCC-00117,5
ERCC-00120,26
ERCC-00123,4
ERCC-00126,234
ERCC-00130,37647
ERCC-00131,934
ERCC-00134,0
ERCC-00136,6220
ERCC-00137,18
ERCC-00138,18
ERCC-00142,4
ERCC-00143,67
ERCC-00144,168
ERCC-00145,15393
ERCC-00147,16
ERCC-00148,235
ERCC-00150,128
ERCC-00154,70
ERCC-00156,0
ERCC-00157,610
ERCC-00158,55
ERCC-00160,708
ERCC-00162,1472
ERCC-00163,480
ERCC-00164,43
ERCC-00165,1455
ERCC-00168,72
ERCC-00170,158
ERCC-00171,15580