Geneid,WT_1
YAL012W,17519
YAL069W,0
YAL068W-A,0
YAL068C,80
YAL067W-A,0
YAL067C,289
YAL066W,2
YAL065C,49
YAL064W-B,120
YAL064C-A,26
YAL064W,15
YAL063C-A,49
YAL063C,374
YAL062W,205
YAL061W,299
YAL060W,2026
YAL059C-A,9
YAL059W,1478
YAL058W,1133
YAL056C-A,4
YAL056W,2161
YAL055W,221
YAL054C,499
YAL053W,7640
YAL051W,1568
YAL049C,1927
YAL048C,865
YAL047W-A,8
YAL047C,555
YAL046C,603
YAL045C,3
YAL044W-A,840
YAL044C,1987
YAL043C,2800
YAL042C-A,10
YAL042W,6664
YAL041W,2906
YAL040C,8890
YAL039C,1297
YAL038W,56360
YAL037C-B,18
YAL037C-A,0
YAL037W,132
YAL036C,2647
YAL035W,8690
YAL034C-B,4
YAL034W-A,460
YAL034C,1100
YAL033W,1079
YAL032C,613
YAL031W-A,8
YAL031C,942
YAL030W,1272
YAL029C,5290
YAL028W,306
YAL027W,342
YAL026C-A,608
YAL026C,4988
YAL025C,2330
YAL024C,2071
YAL023C,14308
YAL022C,3212
YAL021C,7935
YAL020C,1149
YAL019W-A,24
YAL019W,4280
YAL018C,11
YAL017W,3443
YAL016C-B,2
YAL016C-A,17
YAL016W,3525
YAL015C,710
YAL014C,1223
YAL013W,949
YAL011W,536
YAL010C,760
YAL009W,746
YAL008W,649
YAL007C,3311
YAL005C,13874
YAL004W,4
YAL003W,11901
YAL002W,2032
YAL001C,1585
YAR002W,2084
YAR002C-A,5236
YAR003W,989
YAR007C,2185
YAR008W,592
YAR009C,5060
YAR010C,493
YAR014C,2951
YAR015W,1254
YAR018C,811
YAR019C,1362
YAR019W-A,32
YAR020C,49
YAR023C,101
YAR027W,1192
YAR028W,864
YAR029W,121
YAR030C,53
YAR031W,498
YAR033W,455
YAR035W,306
YAR035C-A,1
YAR042W,3405
YAR047C,10
YAR050W,358
YAR053W,4
YAR060C,0
YAR064W,0
YAR066W,121
YAR068W,491
YAR069C,14
YAR070C,19
YAR071W,614
YAR073W,223
YAR075W,20
Q0010,24
Q0017,7
Q0032,0
Q0045,13225
Q0070,10792
Q0065,9176
Q0060,4353
Q0055,10214
Q0050,10990
Q0075,262
Q0080,15
Q0085,36
Q0092,0
Q0105,4925
Q0120,4826
Q0115,3242
Q0110,2727
Q0130,3365
Q0140,75
Q0142,3
Q0143,1
Q0144,2
Q0160,367
Q0182,187
Q0250,2966
Q0255,312
Q0275,5799
Q0297,1254
YER054C,142
YER114C,3980
YER169W,2077
YEL077C,923
YEL077W-A,29
YEL076C-A,16
YEL076C,74
YEL075W-A,181
YEL075C,11
YEL074W,80
YEL073C,79
YEL072W,246
YEL071W,7125
YEL070W,44
YEL069C,3
YEL068C,417
YEL067C,136
YEL066W,570
YEL065W,2475
YEL064C,862
YEL063C,4062
YEL062W,835
YEL061C,1453
YEL060C,3768
YEL059C-A,523
YEL059W,15
YEL058W,4572
YEL057C,109
YEL056W,1495
YEL055C,5794
YEL054C,8142
YEL053W-A,9
YEL053C,2166
YEL052W,1978
YEL051W,3577
YEL050W-A,0
YEL050C,2235
YEL049W,17
YEL048C,217
YEL047C,2933
YEL046C,12189
YEL045C,1140
YEL044W,855
YEL043W,3371
YEL042W,8208
YEL041W,177
YEL040W,13648
YEL039C,333
YEL038W,1425
YEL037C,3812
YEL036C,3278
YEL035C,5
YEL034C-A,19
YEL034W,23170
YEL033W,7661
YEL032W,3926
YEL032C-A,0
YEL031W,16415
YEL030C-A,3
YEL030W,525
YEL029C,1261
YEL028W,170
YEL027W,7204
YEL026W,5227
YEL025C,2079
YEL024W,3883
YEL023C,359
YEL022W,4438
YEL021W,1767
YEL020C-B,7
YEL020W-A,1913
YEL020C,762
YEL019C,288
YEL018C-A,3
YEL018W,480
YEL017C-A,2599
YEL017W,2352
YEL016C,806
YEL015W,2561
YEL014C,2
YEL013W,5116
YEL012W,411
YEL011W,614
YEL010W,2
YEL009C-A,20
YEL009C,8676
YEL008W,22
YEL008C-A,158
YEL007W,4180
YEL006W,1397
YEL005C,455
YEL004W,510
YEL003W,1024
YEL002C,5885
YEL001C,4949
YER001W,6915
YER002W,2010
YER003C,4312
YER004W,2790
YER005W,2403
YER006W,3866
YER006C-A,7
YER007W,232
YER007C-A,1742
YER008C,4366
YER009W,3922
YER010C,1419
YER011W,478
YER012W,2449
YER013W,1232
YER014W,837
YER014C-A,25
YER015W,603
YER016W,1208
YER017C,3159
YER018C,736
YER019W,2824
YER019C-A,2529
YER020W,1543
YER021W,4105
YER022W,1353
YER023W,5503
YER023C-A,2
YER024W,548
YER025W,8175
YER026C,3037
YER027C,1986
YER028C,425
YER029C,740
YER030W,1590
YER031C,1758
YER032W,2517
YER033C,1494
YER034W,431
YER035W,1243
YER036C,10929
YER037W,1950
YER038C,444
YER038W-A,91
YER039C,191
YER039C-A,71
YER040W,1505
YER041W,606
YER042W,1087
YER043C,16843
YER044C,2485
YER044C-A,164
YER045C,1397
YER046W,188
YER046W-A,6
YER047C,907
YER048C,2404
YER048W-A,1458
YER049W,5167
YER050C,1156
YER051W,608
YER052C,6311
YER053C,2093
YER053C-A,834
YER055C,5518
YER056C,12539
YER056C-A,6646
YER057C,2902
YER058W,259
YER059W,982
YER060W,2183
YER060W-A,277
YER061C,493
YER062C,1643
YER063W,1060
YER064C,2439
YER065C,271
YER066W,101
YER066C-A,8
YER067W,517
YER067C-A,6
YER068W,2264
YER068C-A,4
YER069W,2510
YER070W,10467
YER071C,370
YER072W,6353
YER073W,5507
YER074W,7612
YER074W-A,1463
YER075C,1862
YER076C,395
YER076W-A,78
YER077C,1289
YER078C,1056
YER078W-A,19
YER079W,266
YER079C-A,0
YER080W,2461
YER081W,1398
YER082C,2641
YER083C,2914
YER084W,70
YER084W-A,1
YER085C,9
YER086W,8143
YER087W,804
YER087C-A,56
YER087C-B,3313
YER088C,6004
YER088C-A,1990
YER088W-B,31
YER089C,6153
YER090W,3556
YER090C-A,0
YER091C,16890
YER091C-A,0
YER092W,646
YER093C,1761
YER093C-A,449
YER094C,3164
YER095W,2347
YER096W,233
YER097W,653
YER098W,418
YER099C,1853
YER100W,1451
YER101C,390
YER102W,5573
YER103W,617
YER104W,309
YER105C,5745
YER106W,30
YER107C,1274
YER107W-A,0
YER109C,1475
YER110C,18192
YER111C,1942
YER112W,1995
YER113C,2826
YER115C,483
YER116C,456
YER117W,7619
YER118C,2712
YER119C,1543
YER119C-A,7
YER120W,7086
YER121W,42
YER122C,4929
YER123W,2016
YER124C,4124
YER125W,9086
YER126C,2841
YER127W,2192
YER128W,364
YER129W,3375
YER130C,3035
YER131W,8357
YER132C,5583
YER133W,3722
YER133W-A,0
YER134C,1176
YER135C,5
YER136W,4278
YER137C,172
YER137W-A,7
YER138C,2134
YER137C-A,319
YER138W-A,518
YER139C,450
YER140W,1093
YER141W,5319
YER142C,240
YER143W,1060
YER144C,2515
YER145C,3985
YER145C-A,17
YER146W,1421
YER147C,861
YER147C-A,0
YER148W,2550
YER148W-A,5
YER149C,946
YER150W,809
YER151C,3514
YER152C,2888
YER152W-A,5
YER153C,500
YER154W,2253
YER155C,11219
YER156C,3574
YER157W,1726
YER158C,1634
YER158W-A,22
YER159C,1132
YER160C,3557
YER159C-A,206
YER161C,1188
YER162C,418
YER163C,890
YER164W,4250
YER165W,15460
YER165C-A,1
YER166W,7330
YER167W,3346
YER168C,1430
YER170W,466
YER171W,2114
YER172C,4494
YER172C-A,0
YER173W,632
YER174C,1374
YER175C,566
YER175W-A,30
YER176W,1701
YER177W,10622
YER178W,11491
YER179W,69
YER180C,531
YER180C-A,112
YER181C,19
YER182W,596
YER183C,864
YER184C,670
YER185W,90
YER186C,900
YER187W,48
YER188W,166
YER188C-A,78
YER189W,42
YER190W,1013
YER190C-A,0
YER190C-B,17
YJL091C,2652
YJL026W,9896
YJL026C-A,0
YJR125C,1819
YJL225C,260
YJL225W-A,0
YJL223C,211
YJL222W-B,0
YJL222W-A,0
YJL222W,3623
YJL221C,170
YJL220W,0
YJL219W,43
YJL218W,149
YJL217W,2984
YJL216C,135
YJL215C,57
YJL214W,149
YJL213W,713
YJL212C,5433
YJL211C,93
YJL210W,1296
YJL209W,1181
YJL208C,2097
YJL207C,4659
YJL206C,860
YJL205C,735
YJL204C,953
YJL203W,478
YJL202C,8
YJL201W,1640
YJL200C,5046
YJL199C,115
YJL198W,3722
YJL197W,2781
YJL197C-A,0
YJL196C,2000
YJL195C,4
YJL194W,1128
YJL193W,1359
YJL192C,3522
YJL191W,5638
YJL190C,8349
YJL189W,3980
YJL188C,12
YJL187C,1975
YJL186W,5305
YJL185C,286
YJL184W,870
YJL183W,3108
YJL182C,1
YJL181W,739
YJL180C,1033
YJL179W,1161
YJL178C,2329
YJL177W,7814
YJL176C,2462
YJL175W,3
YJL174W,4200
YJL173C,1051
YJL172W,9966
YJL171C,5243
YJL170C,152
YJL169W,13
YJL168C,1565
YJL167W,6994
YJL166W,1961
YJL165C,2612
YJL164C,1004
YJL163C,377
YJL162C,662
YJL161W,123
YJL160C,54
YJL159W,29456
YJL158C,13800
YJL157C,3728
YJL156W-A,38
YJL156C,1972
YJL155C,596
YJL154C,3201
YJL153C,203
YJL152W,11
YJL151C,2639
YJL150W,73
YJL149W,1022
YJL148W,2098
YJL147C,426
YJL146W,833
YJL145W,1672
YJL144W,110
YJL143W,3396
YJL142C,179
YJL141C,1816
YJL140W,2349
YJL139C,1690
YJL138C,10697
YJL137C,866
YJL136W-A,4
YJL136C,5449
YJL135W,166
YJL134W,1865
YJL133C-A,374
YJL133W,2658
YJL132W,612
YJL131C,404
YJL130C,30469
YJL129C,4637
YJL128C,2939
YJL127W-A,1
YJL127C-B,632
YJL127C,1098
YJL126W,370
YJL125C,1419
YJL124C,1906
YJL123C,2278
YJL122W,1855
YJL121C,4986
YJL120W,7
YJL119C,166
YJL118W,1001
YJL117W,3206
YJL116C,462
YJL115W,329
YJL114W,60
YJL113W,442
YJL112W,1233
YJL111W,4392
YJL110C,1812
YJL109C,10376
YJL108C,364
YJL107C,418
YJL106W,173
YJL105W,52
YJL104W,1927
YJL103C,630
YJL102W,809
YJL101C,4594
YJL100W,972
YJL099W,1132
YJL098W,3852
YJL097W,2125
YJL096W,1118
YJL095W,2567
YJL094C,2957
YJL093C,2144
YJL092W,2540
YJL090C,1302
YJL089W,123
YJL088W,367
YJL087C,1608
YJL086C,96
YJL085W,1023
YJL084C,2311
YJL083W,941
YJL082W,2238
YJL081C,1937
YJL080C,13407
YJL079C,3124
YJL078C,12911
YJL077W-B,53
YJL077C,16
YJL077W-A,145
YJL076W,5508
YJL075C,1
YJL074C,2039
YJL073W,1925
YJL072C,652
YJL071W,856
YJL070C,598
YJL069C,2308
YJL068C,1647
YJL067W,16
YJL066C,759
YJL065C,840
YJL064W,4
YJL063C,1370
YJL062W-A,1428
YJL062W,3386
YJL061W,2365
YJL060W,2386
YJL059W,708
YJL058C,774
YJL057C,729
YJL056C,1487
YJL055W,1819
YJL054W,2167
YJL053W,984
YJL052C-A,1
YJL052W,3395
YJL051W,2041
YJL050W,5389
YJL049W,530
YJL048C,2092
YJL047C-A,330
YJL047C,1363
YJL046W,1060
YJL045W,112
YJL044C,1321
YJL043W,34
YJL042W,5899
YJL041W,3744
YJL039C,7005
YJL038C,42
YJL037W,22
YJL036W,1090
YJL035C,520
YJL034W,17521
YJL033W,3328
YJL032W,3
YJL031C,749
YJL030W,518
YJL029C,2557
YJL028W,9
YJL027C,6
YJL025W,896
YJL024C,1078
YJL023C,278
YJL022W,8
YJL020C,7334
YJL020W-A,2
YJL019W,1562
YJL016W,2158
YJL015C,18
YJL014W,5807
YJL013C,730
YJL012C,9581
YJL011C,463
YJL010C,2955
YJL009W,9
YJL008C,4937
YJL007C,2
YJL006C,529
YJL005W,5027
YJL004C,1076
YJL003W,278
YJL002C,8526
YJL001W,3048
YJR001W,3900
YJR002W,3043
YJR003C,1639
YJR004C,1216
YJR005W,1659
YJR005C-A,2
YJR006W,1521
YJR007W,5363
YJR008W,362
YJR009C,24485
YJR010W,1836
YJR010C-A,495
YJR011C,195
YJR012C,326
YJR013W,1818
YJR014W,2102
YJR015W,7487
YJR016C,16048
YJR017C,1653
YJR018W,41
YJR019C,900
YJR020W,54
YJR021C,412
YJR022W,264
YJR023C,70
YJR024C,2511
YJR025C,2059
YJR027W,11060
YJR026W,2081
YJR029W,12266
YJR028W,5051
YJR030C,1079
YJR031C,2648
YJR032W,1498
YJR033C,1796
YJR034W,365
YJR035W,926
YJR036C,284
YJR037W,0
YJR038C,11
YJR039W,754
YJR040W,2150
YJR041C,3861
YJR042W,2809
YJR043C,1022
YJR044C,2293
YJR045C,17516
YJR046W,1972
YJR047C,110
YJR048W,2842
YJR049C,1066
YJR050W,656
YJR051W,1532
YJR052W,783
YJR053W,597
YJR054W,1393
YJR055W,219
YJR056C,786
YJR057W,918
YJR058C,699
YJR059W,2169
YJR060W,1466
YJR061W,522
YJR062C,1099
YJR063W,1813
YJR064W,5673
YJR065C,4571
YJR066W,4780
YJR067C,418
YJR068W,1717
YJR069C,1431
YJR070C,4298
YJR071W,4
YJR072C,1948
YJR073C,1520
YJR074W,955
YJR075W,3345
YJR076C,2509
YJR077C,7551
YJR078W,547
YJR079W,103
YJR080C,1338
YJR082C,850
YJR083C,473
YJR084W,737
YJR085C,2053
YJR086W,392
YJR087W,193
YJR088C,1781
YJR089W,1040
YJR090C,3046
YJR091C,5608
YJR092W,2612
YJR093C,995
YJR094C,236
YJR094W-A,4502
YJR095W,25
YJR096W,561
YJR097W,455
YJR098C,473
YJR099W,945
YJR100C,748
YJR101W,1554
YJR102C,572
YJR103W,2597
YJR104C,6269
YJR105W,10464
YJR106W,1574
YJR107W,911
YJR108W,101
YJR109C,6740
YJR110W,596
YJR111C,1005
YJR112W,369
YJR112W-A,425
YJR113C,1584
YJR114W,14
YJR115W,254
YJR116W,1528
YJR117W,6197
YJR118C,1460
YJR119C,544
YJR120W,867
YJR121W,21064
YJR122W,1084
YJR123W,17817
YJR124C,2425
YJR126C,2729
YJR127C,2915
YJR128W,20
YJR129C,640
YJR130C,878
YJR131W,1424
YJR132W,3814
YJR133W,1021
YJR134C,1450
YJR135C,268
YJR135W-A,657
YJR136C,583
YJR137C,6270
YJR138W,2100
YJR139C,7255
YJR140C,2126
YJR140W-A,4
YJR141W,344
YJR142W,1143
YJR143C,11919
YJR144W,1480
YJR145C,12880
YJR146W,273
YJR147W,3660
YJR148W,5153
YJR149W,439
YJR150C,7
YJR151C,538
YJR151W-A,0
YJR152W,381
YJR153W,82
YJR154W,191
YJR155W,308
YJR156C,66
YJR157W,1
YJR158W,1
YJR159W,250
YJR160C,46
YJR161C,1687
YJR162C,1
YBL047C,16237
YBR012W-B,10278
YBR078W,21795
YBR140C,8547
YBL113C,961
YBL113W-A,22
YBL112C,125
YBL111C,702
YBL109W,47
YBL108C-A,2
YBL108W,1
YBL107W-A,3
YBL107C,820
YBL106C,797
YBL105C,3483
YBL104C,1398
YBL103C,1109
YBL102W,2095
YBL101C,1916
YBL100W-C,4
YBL100W-B,7691
YBL100W-A,1952
YBL100C,0
YBL099W,10609
YBL098W,787
YBL097W,630
YBL096C,7
YBL095W,793
YBL094C,15
YBL093C,1444
YBL092W,9137
YBL091C-A,190
YBL091C,2885
YBL090W,815
YBL089W,1285
YBL088C,2489
YBL087C,6826
YBL086C,841
YBL085W,4037
YBL084C,1067
YBL083C,1039
YBL082C,2669
YBL081W,5519
YBL080C,495
YBL079W,7349
YBL078C,311
YBL077W,3
YBL076C,16105
YBL075C,771
YBL074C,273
YBL073W,3
YBL072C,13682
YBL071C-B,170
YBL071W-A,641
YBL071C,11
YBL070C,2
YBL069W,1578
YBL068W-A,441
YBL068W,1812
YBL067C,3355
YBL066C,2396
YBL065W,9
YBL064C,701
YBL063W,928
YBL062W,4
YBL061C,2932
YBL060W,685
YBL059C-A,890
YBL059W,500
YBL058W,2923
YBL057C,1507
YBL056W,3417
YBL055C,1467
YBL054W,3289
YBL053W,25
YBL052C,1224
YBL051C,4032
YBL050W,1675
YBL049W,85
YBL048W,28
YBL046W,763
YBL045C,5605
YBL044W,9
YBL043W,599
YBL042C,5914
YBL041W,2064
YBL040C,2199
YBL039W-B,103
YBL039C,7338
YBL039C-A,1720
YBL038W,1297
YBL037W,1991
YBL036C,1490
YBL035C,1284
YBL034C,1895
YBL033C,1328
YBL032W,3004
YBL031W,589
YBL030C,10632
YBL029C-A,739
YBL029W,407
YBL028C,1487
YBL027W,11032
YBL026W,1165
YBL025W,398
YBL024W,5404
YBL023C,2141
YBL022C,4662
YBL021C,374
YBL020W,3463
YBL019W,525
YBL018C,607
YBL017C,7846
YBL016W,2353
YBL015W,1290
YBL014C,1888
YBL013W,283
YBL012C,2
YBL011W,3603
YBL010C,465
YBL009W,1633
YBL008W-A,28
YBL008W,1558
YBL007C,9994
YBL006C,1452
YBL006W-A,17
YBL005W,1393
YBL005W-B,24768
YBL005W-A,13610
YBL004W,14064
YBL003C,3057
YBL002W,5998
YBL001C,1211
YBR001C,1260
YBR002C,1572
YBR003W,2024
YBR004C,2216
YBR005W,1023
YBR006W,599
YBR007C,1430
YBR008C,1107
YBR009C,5241
YBR010W,3344
YBR011C,12621
YBR012C,0
YBR012W-A,3057
YBR013C,1
YBR014C,1313
YBR015C,7591
YBR016W,1875
YBR017C,5391
YBR018C,18
YBR019C,70
YBR020W,120
YBR021W,1871
YBR022W,553
YBR023C,7286
YBR024W,385
YBR025C,9278
YBR026C,1718
YBR027C,115
YBR028C,2006
YBR029C,3258
YBR030W,1199
YBR031W,10324
YBR032W,4
YBR033W,146
YBR034C,4059
YBR035C,1671
YBR036C,5154
YBR037C,876
YBR038W,4064
YBR039W,3791
YBR040W,205
YBR041W,3663
YBR042C,1316
YBR043C,1362
YBR044C,1201
YBR045C,313
YBR046C,509
YBR047W,101
YBR048W,10595
YBR049C,3088
YBR050C,57
YBR051W,8
YBR052C,1489
YBR053C,1075
YBR054W,3475
YBR055C,1992
YBR056W,1358
YBR056W-A,308
YBR056C-B,23
YBR057C,967
YBR058C,2509
YBR058C-A,1053
YBR059C,3571
YBR060C,1473
YBR061C,1215
YBR062C,441
YBR063C,525
YBR064W,0
YBR065C,794
YBR066C,584
YBR067C,5421
YBR068C,13448
YBR069C,6795
YBR070C,698
YBR071W,1687
YBR072W,172
YBR072C-A,22
YBR073W,3806
YBR074W,5923
YBR076W,24
YBR076C-A,556
YBR077C,853
YBR079C,9819
YBR080C,3520
YBR081C,2494
YBR082C,7030
YBR083W,1998
YBR084W,8671
YBR084C-A,11211
YBR085W,234
YBR085C-A,1622
YBR086C,17272
YBR087W,1318
YBR088C,1878
YBR089W,7
YBR089C-A,1784
YBR090C,1523
YBR091C,380
YBR092C,5639
YBR093C,3917
YBR094W,1907
YBR095C,957
YBR096W,2421
YBR097W,1529
YBR098W,419
YBR099C,40
YBR101C,2074
YBR102C,1229
YBR103W,1017
YBR103C-A,4
YBR104W,1327
YBR105C,2390
YBR106W,4853
YBR107C,322
YBR108W,1165
YBR109C,2786
YBR109W-A,109
YBR110W,2334
YBR111C,1730
YBR111W-A,379
YBR112C,4884
YBR113W,31
YBR114W,1055
YBR115C,7461
YBR116C,60
YBR117C,173
YBR118W,41735
YBR119W,472
YBR120C,519
YBR121C,11523
YBR121C-A,866
YBR122C,1652
YBR123C,928
YBR124W,2
YBR125C,1803
YBR126C,4477
YBR126W-A,1639
YBR126W-B,1601
YBR127C,12399
YBR128C,158
YBR129C,970
YBR130C,1571
YBR131W,828
YBR131C-A,0
YBR132C,935
YBR133C,3896
YBR134W,6
YBR135W,1689
YBR136W,2744
YBR137W,995
YBR138C,552
YBR139W,3841
YBR141C,638
YBR141W-A,23
YBR142W,4000
YBR143C,7155
YBR144C,26
YBR145W,754
YBR146W,2694
YBR147W,89
YBR148W,145
YBR149W,2685
YBR150C,789
YBR151W,3666
YBR152W,356
YBR153W,704
YBR154C,2708
YBR155W,1668
YBR156C,730
YBR157C,951
YBR158W,7181
YBR159W,2699
YBR160W,1669
YBR161W,847
YBR162C,13379
YBR162W-A,1752
YBR163W,971
YBR164C,1620
YBR165W,873
YBR166C,1721
YBR167C,349
YBR168W,803
YBR169C,989
YBR170C,1374
YBR171W,2364
YBR172C,3697
YBR173C,2436
YBR174C,11
YBR175W,1218
YBR176W,559
YBR177C,2835
YBR178W,8
YBR179C,1401
YBR180W,33
YBR181C,5490
YBR182C,458
YBR182C-A,59
YBR183W,1278
YBR184W,171
YBR185C,1003
YBR186W,26
YBR187W,3785
YBR188C,391
YBR189W,11124
YBR190W,627
YBR191W,8545
YBR191W-A,419
YBR192W,1154
YBR193C,693
YBR194W,340
YBR195C,817
YBR196C,24742
YBR196C-A,65
YBR196C-B,94
YBR197C,702
YBR198C,1937
YBR199W,3397
YBR200W,1783
YBR200W-A,0
YBR201W,721
YBR201C-A,431
YBR202W,3632
YBR203W,1261
YBR204C,645
YBR205W,3432
YBR206W,1359
YBR207W,2554
YBR208C,4583
YBR209W,5
YBR210W,975
YBR211C,656
YBR212W,3773
YBR213W,426
YBR214W,2301
YBR215W,1040
YBR216C,1369
YBR217W,320
YBR218C,10155
YBR219C,613
YBR220C,2287
YBR221C,8690
YBR221W-A,2
YBR222C,3839
YBR223C,544
YBR223W-A,0
YBR224W,94
YBR225W,1591
YBR226C,18
YBR227C,869
YBR228W,432
YBR229C,4143
YBR230C,1782
YBR230W-A,295
YBR231C,255
YBR232C,4
YBR233W,989
YBR233W-A,695
YBR234C,4392
YBR235W,2033
YBR236C,1334
YBR237W,841
YBR238C,7560
YBR239C,1451
YBR240C,198
YBR241C,1126
YBR242W,1559
YBR243C,2449
YBR244W,537
YBR245C,3846
YBR246W,1925
YBR247C,2982
YBR248C,2046
YBR249C,7898
YBR250W,87
YBR251W,824
YBR252W,1541
YBR253W,551
YBR254C,843
YBR255W,649
YBR255C-A,416
YBR256C,1644
YBR257W,546
YBR258C,369
YBR259W,812
YBR260C,1595
YBR261C,1275
YBR262C,997
YBR263W,7242
YBR264C,549
YBR265W,2044
YBR267W,2594
YBR266C,2
YBR268W,1240
YBR269C,713
YBR270C,335
YBR271W,992
YBR272C,864
YBR273C,1150
YBR274W,1168
YBR275C,2478
YBR276C,2499
YBR277C,5
YBR278W,389
YBR279W,2011
YBR280C,447
YBR281C,2375
YBR282W,689
YBR283C,10371
YBR284W,164
YBR285W,27
YBR286W,14858
YBR287W,5948
YBR288C,1031
YBR289W,1526
YBR290W,1200
YBR291C,737
YBR292C,151
YBR293W,925
YBR294W,111
YBR295W,1415
YBR296C,326
YBR296C-A,5
YBR297W,609
YBR298C,345
YBR298C-A,1
YBR299W,55
YBR300C,24
YBR301W,49
YBR302C,1240
YDR293C,7121
YDL183C,207
YDL112W,5740
YDL033C,1124
YDR036C,1437
YDR100W,996
YDR166C,2155
YDR351W,2408
YDR420W,7303
YDR496C,4020
YDL248W,1043
YDL247W-A,67
YDL247W,192
YDL246C,2
YDL245C,5
YDL244W,73
YDL243C,355
YDL242W,23
YDL241W,435
YDL240C-A,0
YDL240W,1746
YDL239C,437
YDL238C,354
YDL237W,2486
YDL236W,2244
YDL235C,2072
YDL234C,1396
YDL233W,543
YDL232W,634
YDL231C,3126
YDL230W,531
YDL229W,41265
YDL228C,8
YDL227C,1734
YDL226C,2422
YDL225W,2094
YDL224C,4018
YDL223C,594
YDL222C,168
YDL221W,25
YDL220C,1124
YDL219W,1030
YDL218W,224
YDL217C,846
YDL216C,408
YDL215C,1654
YDL214C,55
YDL213C,1684
YDL212W,4199
YDL211C,621
YDL210W,176
YDL209C,453
YDL208W,2443
YDL207W,1156
YDL206W,1141
YDL205C,3389
YDL204W,724
YDL203C,1730
YDL202W,946
YDL201W,2051
YDL200C,462
YDL199C,368
YDL198C,3399
YDL197C,798
YDL196W,21
YDL195W,16161
YDL194W,545
YDL193W,1030
YDL192W,4971
YDL191W,9094
YDL190C,4057
YDL189W,1247
YDL188C,2929
YDL187C,127
YDL186W,15
YDL185C-A,1
YDL185W,22279
YDL184C,2330
YDL182W,2701
YDL181W,2066
YDL180W,1729
YDL179W,1406
YDL178W,2176
YDL177C,316
YDL176W,774
YDL175C,415
YDL174C,2642
YDL173W,1556
YDL172C,37
YDL171C,25357
YDL170W,807
YDL169C,94
YDL168W,2113
YDL167C,3732
YDL166C,746
YDL165W,761
YDL164C,1479
YDL163W,2
YDL162C,7
YDL161W,3713
YDL160C-A,296
YDL160C,4722
YDL159W-A,1
YDL159W,803
YDL159C-B,2
YDL158C,162
YDL157C,862
YDL156W,522
YDL155W,1443
YDL154W,462
YDL153C,2020
YDL152W,2
YDL151C,0
YDL150W,1958
YDL149W,575
YDL148C,3007
YDL147W,4378
YDL146W,732
YDL145C,14617
YDL144C,2550
YDL143W,4909
YDL142C,629
YDL141W,2323
YDL140C,21179
YDL139C,211
YDL138W,1846
YDL137W,3417
YDL136W,3726
YDL135C,1696
YDL134C,2674
YDL133C-A,1844
YDL133W,894
YDL132W,3063
YDL131W,3827
YDL130W-A,675
YDL130W,8365
YDL129W,851
YDL128W,6320
YDL127W,861
YDL126C,12052
YDL125C,3548
YDL124W,3946
YDL123W,1147
YDL122W,4682
YDL121C,1868
YDL120W,1289
YDL119C,495
YDL118W,2
YDL117W,2728
YDL116W,2234
YDL115C,604
YDL114W-A,11
YDL114W,15
YDL113C,726
YDL111C,2499
YDL110C,930
YDL109C,440
YDL108W,718
YDL107W,569
YDL106C,812
YDL105W,364
YDL104C,700
YDL103C,1534
YDL102W,2224
YDL101C,1187
YDL100C,4652
YDL099W,913
YDL098C,489
YDL097C,2757
YDL096C,6
YDL095W,12425
YDL094C,13
YDL093W,2081
YDL092W,1642
YDL091C,963
YDL090C,792
YDL089W,688
YDL088C,2212
YDL087C,394
YDL086W,3469
YDL086C-A,89
YDL085C-A,532
YDL085W,47
YDL084W,8829
YDL083C,8055
YDL082W,7413
YDL081C,9354
YDL080C,1167
YDL079C,200
YDL078C,2830
YDL077C,1309
YDL076C,1155
YDL075W,6365
YDL074C,2634
YDL073W,1739
YDL072C,2850
YDL071C,65
YDL070W,3805
YDL069C,250
YDL068W,24
YDL067C,2448
YDL066W,7491
YDL065C,816
YDL064W,1250
YDL063C,2775
YDL062W,5
YDL061C,3496
YDL060W,4164
YDL059C,269
YDL058W,3672
YDL057W,246
YDL056W,1829
YDL055C,14467
YDL054C,1561
YDL053C,1258
YDL052C,3345
YDL051W,3057
YDL050C,2
YDL049C,309
YDL048C,8943
YDL047W,2064
YDL046W,5459
YDL045W-A,910
YDL045C,1156
YDL044C,484
YDL043C,593
YDL042C,1738
YDL041W,13
YDL040C,5016
YDL039C,10111
YDL037C,4911
YDL036C,1153
YDL035C,2460
YDL034W,4
YDL032W,2
YDL031W,4228
YDL030W,1066
YDL029W,2811
YDL028C,1233
YDL027C,1016
YDL026W,15
YDL025C,1178
YDL025W-A,24
YDL024C,99
YDL022C-A,4
YDL023C,18
YDL022W,3516
YDL021W,79
YDL020C,2203
YDL019C,4869
YDL018C,1017
YDL017W,485
YDL016C,466
YDL015C,5287
YDL014W,9106
YDL013W,1209
YDL012C,2427
YDL011C,0
YDL010W,765
YDL009C,16
YDL008W,737
YDL007C-A,1
YDL007W,2915
YDL006W,1077
YDL005C,1008
YDL004W,2822
YDL003W,1805
YDL002C,781
YDL001W,1028
YDR001C,2337
YDR002W,3276
YDR003W,682
YDR003W-A,247
YDR004W,821
YDR005C,1246
YDR006C,4464
YDR007W,223
YDR008C,77
YDR009W,127
YDR010C,2
YDR011W,13068
YDR012W,27589
YDR013W,376
YDR014W,602
YDR014W-A,24
YDR015C,2
YDR016C,340
YDR017C,2901
YDR018C,62
YDR019C,623
YDR020C,933
YDR021W,943
YDR022C,320
YDR023W,7711
YDR024W,476
YDR025W,8458
YDR026C,1440
YDR027C,2001
YDR028C,4178
YDR029W,4
YDR030C,299
YDR031W,288
YDR032C,2718
YDR033W,16839
YDR034C,2180
YDR034C-D,6645
YDR034C-C,883
YDR034C-A,0
YDR034W-B,22
YDR035W,4037
YDR037W,11127
YDR038C,3787
YDR039C,1665
YDR040C,6460
YDR041W,1002
YDR042C,200
YDR043C,990
YDR044W,2558
YDR045C,836
YDR046C,7114
YDR047W,2223
YDR048C,5
YDR049W,1397
YDR050C,14352
YDR051C,1540
YDR052C,2294
YDR053W,5
YDR054C,2228
YDR055W,5983
YDR056C,1850
YDR057W,1257
YDR058C,184
YDR059C,668
YDR060W,7997
YDR061W,1524
YDR062W,5821
YDR063W,1008
YDR064W,9610
YDR065W,631
YDR066C,244
YDR067C,581
YDR068W,905
YDR069C,1020
YDR070C,139
YDR071C,2497
YDR072C,3563
YDR073W,747
YDR074W,3409
YDR075W,1437
YDR076W,210
YDR077W,46237
YDR078C,143
YDR079W,540
YDR079C-A,434
YDR080W,1263
YDR081C,1798
YDR082W,654
YDR083W,2351
YDR084C,1131
YDR085C,655
YDR086C,2550
YDR087C,2083
YDR088C,677
YDR089W,1553
YDR090C,1041
YDR091C,6592
YDR092W,1390
YDR093W,8163
YDR094W,1139
YDR095C,20
YDR096W,2538
YDR097C,2588
YDR098C,2618
YDR098C-B,4327
YDR098C-A,846
YDR099W,6604
YDR101C,5049
YDR102C,27
YDR103W,2789
YDR104C,780
YDR105C,2549
YDR106W,72
YDR107C,819
YDR108W,877
YDR109C,737
YDR110W,1266
YDR111C,1023
YDR112W,2
YDR113C,794
YDR114C,7
YDR115W,1028
YDR116C,1272
YDR117C,1429
YDR118W,678
YDR118W-A,61
YDR119W,6091
YDR119W-A,121
YDR120C,2934
YDR121W,1128
YDR122W,2285
YDR123C,937
YDR124W,202
YDR125C,325
YDR126W,713
YDR127W,13003
YDR128W,2221
YDR129C,6406
YDR130C,438
YDR131C,674
YDR132C,757
YDR133C,6234
YDR135C,13498
YDR136C,26
YDR137W,1455
YDR138W,1509
YDR139C,1066
YDR140W,1084
YDR141C,3847
YDR142C,1012
YDR143C,3817
YDR144C,5308
YDR145W,2795
YDR146C,1911
YDR147W,832
YDR148C,2881
YDR149C,3
YDR150W,6109
YDR151C,1245
YDR152W,1922
YDR153C,2087
YDR154C,9480
YDR155C,14741
YDR156W,3340
YDR157W,1073
YDR158W,6425
YDR159W,2430
YDR160W,1305
YDR161W,2129
YDR162C,798
YDR163W,571
YDR164C,1824
YDR165W,2483
YDR167W,775
YDR168W,3186
YDR169C,1514
YDR169C-A,16
YDR170C,11550
YDR170W-A,1349
YDR171W,862
YDR172W,6617
YDR173C,309
YDR174W,3495
YDR175C,1318
YDR176W,1358
YDR177W,1750
YDR178W,2536
YDR179C,184
YDR179W-A,755
YDR180W,1872
YDR181C,677
YDR182W,3058
YDR182W-A,95
YDR183W,425
YDR183C-A,143
YDR184C,1723
YDR185C,243
YDR186C,3763
YDR187C,3
YDR188W,4501
YDR189W,2967
YDR190C,3281
YDR191W,291
YDR192C,916
YDR193W,2
YDR194C,4461
YDR194W-A,0
YDR195W,814
YDR196C,826
YDR197W,1079
YDR198C,1130
YDR199W,2
YDR200C,921
YDR201W,407
YDR202C,666
YDR203W,4
YDR204W,1084
YDR205W,2652
YDR206W,3225
YDR207C,1454
YDR208W,3815
YDR209C,3
YDR210W,1060
YDR210W-B,10212
YDR210W-A,3110
YDR210C-D,9499
YDR210C-C,2344
YDR211W,3537
YDR212W,5774
YDR213W,1118
YDR214W,4489
YDR215C,8
YDR216W,954
YDR217C,2316
YDR218C,22
YDR219C,829
YDR220C,79
YDR221W,2239
YDR222W,1335
YDR223W,57
YDR224C,4702
YDR225W,5087
YDR226W,5004
YDR227W,1744
YDR228C,1275
YDR229W,901
YDR230W,5
YDR231C,409
YDR232W,9089
YDR233C,13365
YDR234W,5258
YDR235W,1135
YDR236C,960
YDR237W,1472
YDR238C,8931
YDR239C,1113
YDR240C,796
YDR241W,154
YDR242W,463
YDR243C,641
YDR244W,941
YDR245W,3567
YDR246W,865
YDR246W-A,45
YDR247W,1429
YDR248C,832
YDR249C,626
YDR250C,7
YDR251W,3284
YDR252W,202
YDR253C,114
YDR254W,415
YDR255C,562
YDR256C,139
YDR257C,980
YDR258C,1820
YDR259C,326
YDR260C,640
YDR261C,3166
YDR261W-B,8776
YDR261W-A,4434
YDR261C-D,5369
YDR261C-C,2240
YDR262W,1558
YDR263C,344
YDR264C,6062
YDR265W,568
YDR266C,2992
YDR267C,1210
YDR268W,743
YDR269C,1
YDR270W,1790
YDR271C,19
YDR272W,1030
YDR273W,94
YDR274C,7
YDR275W,636
YDR276C,4576
YDR277C,398
YDR278C,5
YDR279W,810
YDR280W,1669
YDR281C,775
YDR282C,508
YDR283C,2850
YDR284C,1796
YDR285W,329
YDR286C,227
YDR287W,771
YDR288W,903
YDR289C,609
YDR290W,1
YDR291W,1747
YDR292C,3189
YDR294C,3678
YDR295C,770
YDR296W,1066
YDR297W,3545
YDR298C,4088
YDR299W,1866
YDR300C,1590
YDR301W,2781
YDR302W,1238
YDR303C,2508
YDR304C,3809
YDR305C,583
YDR306C,700
YDR307W,2496
YDR308C,950
YDR309C,3072
YDR310C,3045
YDR311W,1299
YDR312W,1485
YDR313C,557
YDR314C,576
YDR315C,234
YDR316W,862
YDR316W-B,7624
YDR316W-A,2034
YDR317W,128
YDR318W,417
YDR319C,837
YDR320C,1475
YDR320C-A,986
YDR320W-B,57
YDR321W,5049
YDR322W,1217
YDR322C-A,1015
YDR323C,305
YDR324C,4246
YDR325W,1847
YDR326C,8477
YDR327W,5
YDR328C,2414
YDR329C,1100
YDR330W,1110
YDR331W,1909
YDR332W,617
YDR333C,1591
YDR334W,3295
YDR335W,3043
YDR336W,505
YDR337W,1245
YDR338C,1133
YDR339C,1349
YDR340W,4
YDR341C,7128
YDR342C,7634
YDR343C,97
YDR344C,158
YDR345C,13209
YDR346C,5763
YDR347W,2464
YDR348C,2417
YDR349C,4357
YDR350C,1246
YDR352W,2020
YDR353W,6518
YDR354W,3011
YDR354C-A,1
YDR355C,0
YDR356W,1324
YDR357C,711
YDR358W,678
YDR359C,2068
YDR360W,6
YDR361C,1725
YDR362C,856
YDR363W,653
YDR363W-A,2002
YDR364C,1086
YDR365C,4936
YDR365W-B,3227
YDR365W-A,1405
YDR366C,8
YDR367W,1416
YDR368W,2361
YDR369C,771
YDR370C,1010
YDR371W,823
YDR371C-A,1
YDR372C,3100
YDR373W,1283
YDR374C,23
YDR374W-A,260
YDR375C,1139
YDR376W,1504
YDR377W,2192
YDR378C,1237
YDR379W,1327
YDR379C-A,229
YDR380W,2898
YDR381W,4911
YDR381C-A,427
YDR382W,9002
YDR383C,243
YDR384C,1214
YDR385W,71517
YDR386W,417
YDR387C,1206
YDR388W,3535
YDR389W,3451
YDR390C,1846
YDR391C,729
YDR392W,654
YDR393W,1193
YDR394W,3672
YDR395W,7374
YDR396W,23
YDR397C,1146
YDR398W,2904
YDR399W,3365
YDR400W,2025
YDR401W,63
YDR402C,58
YDR403W,220
YDR404C,2553
YDR405W,851
YDR406W,1856
YDR406W-A,13
YDR407C,3069
YDR408C,1296
YDR409W,849
YDR410C,1326
YDR411C,2485
YDR412W,1585
YDR413C,4
YDR414C,1079
YDR415C,1322
YDR416W,1210
YDR417C,12
YDR418W,8954
YDR419W,932
YDR421W,764
YDR422C,2635
YDR423C,922
YDR424C,825
YDR425W,835
YDR426C,6
YDR427W,2600
YDR428C,816
YDR429C,3792
YDR430C,2881
YDR431W,9
YDR432W,10557
YDR433W,3853
YDR434W,2214
YDR435C,635
YDR436W,993
YDR437W,556
YDR438W,531
YDR439W,162
YDR440W,1072
YDR441C,2964
YDR442W,1
YDR443C,2166
YDR444W,1045
YDR445C,10
YDR446W,12
YDR447C,4188
YDR448W,1097
YDR449C,1422
YDR450W,8427
YDR451C,1175
YDR452W,3969
YDR453C,304
YDR454C,3430
YDR455C,0
YDR456W,3392
YDR457W,11734
YDR458C,1814
YDR459C,870
YDR460W,807
YDR461W,1134
YDR461C-A,131
YDR462W,489
YDR463W,2690
YDR464W,2401
YDR464C-A,0
YDR465C,2404
YDR466W,1859
YDR467C,24
YDR468C,1270
YDR469W,650
YDR470C,911
YDR471W,8174
YDR472W,1266
YDR473C,550
YDR475C,1308
YDR476C,1866
YDR477W,3556
YDR478W,327
YDR479C,935
YDR480W,433
YDR481C,5677
YDR482C,436
YDR483W,6615
YDR484W,773
YDR485C,1178
YDR486C,1547
YDR487C,4134
YDR488C,803
YDR489W,729
YDR490C,1066
YDR491C,6
YDR492W,4468
YDR493W,389
YDR494W,1894
YDR495C,935
YDR497C,8315
YDR498C,1023
YDR499W,763
YDR500C,4332
YDR501W,467
YDR502C,4082
YDR503C,688
YDR504C,259
YDR505C,3607
YDR506C,356
YDR507C,3841
YDR508C,7530
YDR509W,2
YDR510W,3082
YDR510C-A,27
YDR511W,676
YDR512C,959
YDR513W,1189
YDR514C,814
YDR515W,894
YDR516C,2377
YDR517W,2003
YDR518W,1993
YDR519W,1817
YDR520C,723
YDR521W,1
YDR522C,10
YDR523C,101
YDR524C,2230
YDR524W-C,2
YDR524C-B,7864
YDR524C-A,30
YDR525W,16
YDR525W-A,464
YDR526C,6
YDR527W,2441
YDR528W,1554
YDR529C,4854
YDR530C,747
YDR531W,1697
YDR532C,531
YDR533C,1455
YDR534C,322
YDR535C,44
YDR536W,14
YDR537C,13
YDR538W,1750
YDR539W,1899
YDR540C,292
YDR541C,708
YDR542W,1
YDR543C,2
YDR544C,15
YDR545W,663
YDR545C-A,0
YIL122W,756
YIL048W,4056
YIR019C,454
YIL177C,3178
YIL177W-A,7
YIL176C,1
YIL173W,174
YIL172C,3
YIL171W-A,0
YIL169C,178
YIL166C,222
YIL165C,199
YIL164C,296
YIL163C,16
YIL162W,3157
YIL161W,549
YIL160C,13
YIL159W,1216
YIL158W,1173
YIL157C,1660
YIL156W-A,92
YIL156W-B,599
YIL156W,2404
YIL155C,892
YIL154C,1068
YIL153W,1609
YIL152W,333
YIL151C,2441
YIL150C,593
YIL149C,3416
YIL148W,8595
YIL147C,4376
YIL146C,547
YIL145C,2724
YIL144W,1014
YIL143C,1985
YIL142C-A,0
YIL142W,5339
YIL141W,566
YIL140W,4269
YIL139C,360
YIL138C,2500
YIL137C,4031
YIL136W,468
YIL135C,1994
YIL134C-A,7
YIL134W,898
YIL133C,9460
YIL132C,195
YIL131C,2061
YIL130W,2721
YIL129C,5074
YIL128W,3149
YIL127C,1658
YIL126W,4835
YIL125W,7073
YIL124W,1693
YIL123W,16818
YIL121W,1523
YIL120W,501
YIL119C,1097
YIL118W,2380
YIL117C,1362
YIL116W,1620
YIL115W-A,2
YIL115C,5034
YIL114C,1253
YIL113W,188
YIL112W,1269
YIL111W,912
YIL110W,1760
YIL109C,12750
YIL108W,2433
YIL107C,802
YIL106W,1347
YIL105C,1291
YIL105W-A,0
YIL104C,999
YIL103W,1273
YIL102C-A,159
YIL102C,0
YIL101C,417
YIL100C-A,35
YIL100W,41
YIL099W,118
YIL098C,517
YIL097W,381
YIL096C,954
YIL095W,1166
YIL094C,3776
YIL093C,1331
YIL092W,598
YIL091C,3270
YIL090W,3349
YIL089W,137
YIL088C,4411
YIL087C,696
YIL086C,131
YIL085C,2460
YIL084C,556
YIL083C,1148
YIL082W-A,1020
YIL082W,47
YIL079C,1688
YIL078W,10759
YIL077C,548
YIL076W,2894
YIL075C,7806
YIL074C,2471
YIL073C,187
YIL072W,75
YIL071W-A,7
YIL071C,621
YIL070C,2004
YIL069C,7154
YIL068W-A,5
YIL068C,1465
YIL067C,1747
YIL066W-A,3
YIL066C,233
YIL065C,735
YIL064W,1452
YIL063C,1487
YIL062C,1920
YIL061C,434
YIL060W,6
YIL059C,251
YIL058W,7
YIL057C,4
YIL056W,3497
YIL055C,410
YIL054W,1
YIL053W,9934
YIL052C,6192
YIL051C,4595
YIL050W,1351
YIL049W,898
YIL047C-A,931
YIL047C,6627
YIL046W-A,16
YIL046W,1463
YIL045W,531
YIL044C,1407
YIL043C,5503
YIL042C,685
YIL041W,3310
YIL040W,1324
YIL039W,3322
YIL038C,2643
YIL037C,49
YIL036W,2287
YIL035C,1878
YIL034C,3634
YIL033C,4520
YIL032C,6
YIL031W,1831
YIL030W-A,283
YIL030C,8865
YIL029W-A,2
YIL029C,106
YIL028W,64
YIL027C,861
YIL026C,1811
YIL025C,1
YIL024C,185
YIL023C,2046
YIL022W,3261
YIL021W,1980
YIL021C-A,0
YIL020C-A,13
YIL020C,786
YIL019W,1053
YIL018W,18899
YIL017C,993
YIL016W,691
YIL015W,4962
YIL014C-A,268
YIL014W,1978
YIL013C,672
YIL012W,25
YIL011W,462
YIL010W,823
YIL009C-A,673
YIL009W,2963
YIL008W,1035
YIL007C,474
YIL006W,1191
YIL005W,2767
YIL004C,594
YIL003W,699
YIL002W-A,665
YIL002C,1727
YIL001W,922
YIR001C,1275
YIR002C,1828
YIR003W,1620
YIR004W,2094
YIR005W,226
YIR006C,10043
YIR007W,810
YIR008C,984
YIR009W,487
YIR010W,1453
YIR011C,1586
YIR012W,4235
YIR013C,19
YIR014W,87
YIR015W,300
YIR016W,451
YIR017C,200
YIR017W-A,7
YIR018W,341
YIR018C-A,40
YIR020C,87
YIR020W-A,0
YIR020C-B,3
YIR021W,818
YIR021W-A,82
YIR022W,1847
YIR023W,2383
YIR023C-A,20
YIR024C,433
YIR025W,251
YIR026C,1793
YIR027C,124
YIR028W,147
YIR029W,247
YIR030C,336
YIR030W-A,7
YIR031C,874
YIR032C,401
YIR033W,3090
YIR034C,2205
YIR035C,2771
YIR036C,1072
YIR036W-A,6
YIR037W,2291
YIR038C,1041
YIR039C,621
YIR040C,0
YIR041W,1
YIR042C,423
YFL068W,0
YFL067W,1
YFL066C,640
YFL065C,59
YFL064C,20
YFL063W,0
YFL062W,1223
YFL061W,82
YFL060C,495
YFL059W,437
YFL058W,19
YFL057C,565
YFL056C,608
YFL055W,258
YFL054C,381
YFL053W,28
YFL052W,71
YFL051C,41
YFL050C,721
YFL049W,934
YFL048C,2334
YFL047W,1909
YFL046W,664
YFL045C,8251
YFL044C,851
YFL042C,910
YFL041W-A,19
YFL041W,2774
YFL040W,12
YFL039C,24140
YFL038C,3761
YFL037W,9749
YFL036W,3545
YFL034C-B,1189
YFL034C-A,2087
YFL034W,1488
YFL033C,3142
YFL032W,1328
YFL031W,16051
YFL031C-A,0
YFL030W,459
YFL029C,603
YFL028C,1089
YFL027C,865
YFL026W,8559
YFL025C,3182
YFL024C,1521
YFL023W,1071
YFL022C,7035
YFL021C-A,54
YFL021W,6892
YFL020C,21
YFL019C,6
YFL018C,4042
YFL017W-A,436
YFL017C,825
YFL016C,2081
YFL015W-A,2
YFL015C,2
YFL014W,413
YFL013W-A,1
YFL013C,1321
YFL012W-A,1
YFL012W,14
YFL011W,32
YFL010W-A,13
YFL010C,4472
YFL009W,2555
YFL008W,2150
YFL007W,6461
YFL005W,3636
YFL004W,6458
YFL003C,117
YFL002W-A,1137
YFL002W-B,335
YFL002C,1889
YFL001W,1168
YFR001W,1662
YFR002W,3475
YFR003C,680
YFR004W,1760
YFR005C,1168
YFR006W,3136
YFR007W,668
YFR008W,216
YFR009W,4106
YFR009W-A,396
YFR010W,2778
YFR010W-A,7
YFR011C,705
YFR012W,14
YFR012W-A,13
YFR013W,2020
YFR014C,807
YFR015C,568
YFR016C,2119
YFR017C,291
YFR018C,1491
YFR019W,2807
YFR020W,758
YFR021W,1459
YFR022W,1167
YFR023W,52
YFR024C-A,2789
YFR025C,1405
YFR026C,99
YFR027W,216
YFR028C,2493
YFR029W,987
YFR030W,4690
YFR031C,1694
YFR031C-A,15395
YFR032C,42
YFR032C-A,3202
YFR032C-B,743
YFR033C,4803
YFR034C,824
YFR034W-A,209
YFR035C,22
YFR036W,413
YFR036W-A,16
YFR037C,2710
YFR038W,1623
YFR039C,1773
YFR040W,3615
YFR041C,909
YFR042W,1064
YFR043C,547
YFR044C,10059
YFR045W,519
YFR046C,516
YFR047C,2097
YFR048W,1230
YFR049W,805
YFR050C,3057
YFR051C,4817
YFR052W,1760
YFR052C-A,329
YFR053C,2616
YFR054C,28
YFR056C,2
YFR055W,5801
YFR057W,2
YKL023C-A,1310
YKR046C,5965
YKR103W,452
YKL225W,1
YKL224C,3
YKL223W,0
YKL222C,916
YKL221W,49
YKL220C,348
YKL219W,792
YKL218C,634
YKL217W,254
YKL216W,3556
YKL215C,2494
YKL214C,886
YKL213C,2751
YKL212W,5189
YKL211C,3219
YKL210W,9518
YKL209C,8043
YKL208W,331
YKL207W,3720
YKL206C,918
YKL205W,3666
YKL204W,2368
YKL203C,4225
YKL202W,62
YKL201C,457
YKL198C,1908
YKL197C,1634
YKL196C,3303
YKL195W,2488
YKL194C,940
YKL193C,683
YKL192C,4802
YKL191W,4714
YKL190W,1578
YKL189W,512
YKL188C,342
YKL187C,708
YKL186C,1358
YKL185W,4374
YKL184W,3347
YKL183C-A,3
YKL183W,840
YKL182W,47449
YKL181W,6975
YKL180W,10705
YKL179C,2089
YKL178C,104
YKL177W,6
YKL176C,4111
YKL175W,5380
YKL174C,2610
YKL173W,1959
YKL172W,4596
YKL171W,995
YKL170W,1318
YKL169C,14
YKL168C,833
YKL167C,591
YKL166C,1336
YKL165C-A,71
YKL165C,6189
YKL164C,12938
YKL163W,474
YKL162C-A,28
YKL162C,194
YKL161C,994
YKL160W,2054
YKL159C,354
YKL157W,6725
YKL156W,4670
YKL156C-A,0
YKL155C,1260
YKL154W,1223
YKL153W,5
YKL152C,21172
YKL151C,697
YKL150W,2904
YKL149C,485
YKL148C,6203
YKL147C,7
YKL146W,3464
YKL145W,4123
YKL145W-A,320
YKL144C,895
YKL143W,1765
YKL142W,1750
YKL141W,3872
YKL140W,2011
YKL139W,1036
YKL138C-A,506
YKL138C,831
YKL137W,601
YKL136W,116
YKL135C,2419
YKL134C,974
YKL133C,175
YKL132C,465
YKL131W,9
YKL130C,872
YKL129C,2219
YKL128C,1948
YKL127W,3982
YKL126W,3385
YKL125W,1688
YKL124W,658
YKL123W,246
YKL122C,1798
YKL121W,965
YKL120W,3964
YKL119C,455
YKL118W,12
YKL117W,3771
YKL116C,1653
YKL115C,210
YKL114C,1242
YKL113C,1381
YKL112W,2930
YKL111C,5
YKL110C,1498
YKL109W,4045
YKL108W,518
YKL107W,39
YKL106C-A,22
YKL106W,2967
YKL105C,1535
YKL104C,9618
YKL103C,1813
YKL102C,6
YKL101W,5209
YKL100C,3670
YKL100W-A,0
YKL099C,1623
YKL098W,715
YKL097C,5
YKL096C-B,0
YKL096W-A,12633
YKL096W,5473
YKL095W,412
YKL094W,2278
YKL093W,147
YKL092C,1511
YKL091C,623
YKL090W,330
YKL089W,585
YKL088W,727
YKL087C,1302
YKL086W,33
YKL085W,2194
YKL084W,777
YKL083W,29
YKL082C,1023
YKL081W,19722
YKL080W,5749
YKL079W,1572
YKL078W,1513
YKL077W,3239
YKL076C,270
YKL075C,697
YKL074C,1419
YKL073W,4345
YKL072W,752
YKL071W,126
YKL070W,20
YKL069W,850
YKL068W-A,976
YKL068W,5227
YKL067W,2762
YKL066W,1343
YKL065W-A,27
YKL065C,1906
YKL064W,2924
YKL063C,1058
YKL062W,2450
YKL061W,364
YKL060C,40742
YKL059C,945
YKL058W,1545
YKL057C,5213
YKL056C,13069
YKL055C,390
YKL054C,10847
YKL053C-A,451
YKL053W,30
YKL052C,705
YKL051W,2481
YKL050C,408
YKL049C,639
YKL048C,763
YKL047W,800
YKL046C,2378
YKL045W,1024
YKL044W,682
YKL043W,4417
YKL042W,725
YKL041W,157
YKL040C,1631
YKL039W,4691
YKL038W,2977
YKL037W,18
YKL036C,7
YKL035W,6454
YKL034W,2553
YKL033W-A,3343
YKL033W,1211
YKL032C,3234
YKL031W,70
YKL030W,3
YKL029C,7333
YKL028W,1508
YKL027W,1351
YKL026C,100
YKL025C,2278
YKL024C,2079
YKL023W,500
YKL022C,1323
YKL021C,1815
YKL020C,3059
YKL019W,1763
YKL018C-A,86
YKL018W,1497
YKL017C,710
YKL016C,3218
YKL015W,2271
YKL014C,6532
YKL013C,2313
YKL012W,1469
YKL011C,427
YKL010C,3889
YKL009W,3691
YKL008C,3024
YKL007W,1979
YKL006C-A,966
YKL006W,6240
YKL005C,910
YKL004W,5405
YKL003C,958
YKL002W,1045
YKL001C,1368
YKR001C,5104
YKR002W,1559
YKR003W,1704
YKR004C,375
YKR005C,196
YKR006C,2218
YKR007W,738
YKR008W,1726
YKR009C,478
YKR010C,611
YKR011C,525
YKR012C,38
YKR013W,8842
YKR014C,1863
YKR015C,42
YKR016W,1785
YKR017C,698
YKR018C,2809
YKR019C,537
YKR020W,507
YKR021W,1978
YKR022C,618
YKR023W,726
YKR024C,2254
YKR025W,819
YKR026C,2534
YKR027W,1474
YKR028W,4105
YKR029C,918
YKR030W,1115
YKR031C,3149
YKR032W,2
YKR033C,18
YKR034W,184
YKR035C,26
YKR035W-A,1300
YKR036C,1016
YKR037C,838
YKR038C,1912
YKR039W,9105
YKR040C,1633
YKR041W,70
YKR042W,13358
YKR043C,4212
YKR044W,1455
YKR045C,567
YKR047W,45
YKR048C,4139
YKR049C,607
YKR050W,1832
YKR051W,981
YKR052C,698
YKR053C,351
YKR054C,4690
YKR055W,378
YKR056W,1996
YKR057W,3384
YKR058W,264
YKR059W,18433
YKR060W,1020
YKR061W,1191
YKR062W,1090
YKR063C,1051
YKR064W,1069
YKR065C,2129
YKR066C,4159
YKR067W,1640
YKR068C,1891
YKR069W,513
YKR070W,1029
YKR071C,3894
YKR072C,2491
YKR073C,87
YKR074W,1035
YKR075C,590
YKR075W-A,9
YKR076W,388
YKR077W,752
YKR078W,745
YKR079C,2661
YKR080W,708
YKR081C,2889
YKR082W,4066
YKR083C,506
YKR084C,1973
YKR085C,1286
YKR086W,1578
YKR087C,925
YKR088C,1788
YKR089C,1664
YKR090W,2133
YKR091W,1272
YKR092C,3705
YKR093W,15999
YKR094C,6803
YKR095W,5120
YKR095W-A,543
YKR096W,2638
YKR097W,163
YKR098C,572
YKR099W,2107
YKR100C,1815
YKR101W,339
YKR102W,672
YKR104W,108
YKR105C,19
YKR106W,142
YOL100W,1187
YOL034W,918
YOR033C,1325
YOR108W,5799
YOR172W,1120
YOR239W,3690
YOR321W,2723
YOL166W-A,1
YOL166C,1
YOL165C,109
YOL164W-A,13
YOL164W,692
YOL163W,150
YOL162W,56
YOL161C,2
YOL160W,28
YOL159C-A,166
YOL159C,463
YOL158C,1919
YOL157C,199
YOL156W,108
YOL155W-A,3
YOL155C,3596
YOL154W,176
YOL152W,4742
YOL151W,2118
YOL150C,68
YOL149W,1052
YOL148C,1351
YOL147C,1549
YOL146W,644
YOL145C,3969
YOL144W,1133
YOL143C,1661
YOL142W,1663
YOL141W,971
YOL140W,1086
YOL139C,6367
YOL138C,1468
YOL137W,1268
YOL136C,6213
YOL135C,536
YOL134C,1
YOL133W,702
YOL132W,46
YOL131W,3
YOL130W,3489
YOL129W,2638
YOL128C,866
YOL127W,8753
YOL126C,957
YOL125W,1368
YOL124C,1756
YOL123W,4091
YOL122C,1778
YOL121C,6119
YOL120C,14564
YOL119C,1438
YOL118C,9
YOL117W,401
YOL116W,736
YOL115W,1365
YOL114C,112
YOL113W,1174
YOL112W,1025
YOL111C,1059
YOL110W,840
YOL109W,5289
YOL108C,434
YOL107W,753
YOL106W,37
YOL105C,2421
YOL104C,815
YOL103W-B,6097
YOL103W-A,3148
YOL103W,3373
YOL102C,649
YOL101C,818
YOL099C,11
YOL098C,5007
YOL097W-A,99
YOL097C,4006
YOL096C,564
YOL095C,530
YOL094C,882
YOL093W,1303
YOL092W,3400
YOL091W,101
YOL090W,1970
YOL089C,1259
YOL088C,1440
YOL087C,1996
YOL086W-A,565
YOL086C,35344
YOL085W-A,199
YOL085C,3
YOL084W,310
YOL083W,211
YOL083C-A,6
YOL082W,868
YOL081W,12542
YOL080C,1106
YOL079W,7
YOL078W,1112
YOL077W-A,1536
YOL077C,3576
YOL076W,2408
YOL075C,1717
YOL073C,1359
YOL072W,779
YOL071W,772
YOL070C,2137
YOL069W,781
YOL068C,2411
YOL067C,706
YOL066C,1012
YOL065C,544
YOL064C,2247
YOL063C,1563
YOL062C,1911
YOL061W,5790
YOL060C,3192
YOL059W,6059
YOL058W,1702
YOL057W,3630
YOL056W,656
YOL055C,570
YOL054W,858
YOL053W,760
YOL052C-A,153
YOL052C,3554
YOL051W,4016
YOL050C,3
YOL049W,3630
YOL048C,601
YOL047C,61
YOL046C,1
YOL045W,2260
YOL044W,405
YOL043C,317
YOL042W,1079
YOL041C,2674
YOL040C,12537
YOL039W,8949
YOL038C-A,116
YOL038W,3124
YOL037C,2
YOL036W,3081
YOL035C,6
YOL033W,864
YOL032W,405
YOL031C,1916
YOL030W,9193
YOL029C,515
YOL028C,960
YOL027C,2969
YOL026C,1056
YOL025W,1007
YOL024W,21
YOL023W,808
YOL022C,2643
YOL021C,4592
YOL020W,5809
YOL019W-A,3
YOL019W,5143
YOL018C,793
YOL017W,573
YOL016C,2406
YOL015W,213
YOL014W,546
YOL013W-B,1
YOL013W-A,165
YOL013C,1553
YOL012C,1857
YOL011W,3160
YOL010W,2075
YOL009C,543
YOL008W,509
YOL007C,2370
YOL006C,2514
YOL005C,1876
YOL004W,7785
YOL003C,1199
YOL002C,1652
YOL001W,865
YOR001W,3146
YOR002W,4092
YOR003W,390
YOR004W,1501
YOR005C,601
YOR006C,1187
YOR007C,6961
YOR008C,3859
YOR008C-A,10
YOR008W-B,67
YOR009W,386
YOR010C,149
YOR011W,1924
YOR011W-A,1
YOR012W,148
YOR013W,185
YOR014W,4896
YOR015W,458
YOR016C,1917
YOR017W,1712
YOR018W,1123
YOR019W,192
YOR020C,4036
YOR020W-A,568
YOR021C,1907
YOR022C,620
YOR023C,1629
YOR024W,18
YOR025W,1303
YOR026W,693
YOR027W,6438
YOR028C,465
YOR029W,5
YOR030W,1998
YOR031W,210
YOR032C,843
YOR032W-A,45
YOR034C,2853
YOR034C-A,86
YOR035C,1447
YOR036W,677
YOR037W,959
YOR038C,889
YOR039W,2435
YOR040W,364
YOR041C,48
YOR042W,2093
YOR043W,2640
YOR044W,803
YOR045W,1091
YOR046C,3342
YOR047C,2436
YOR048C,3851
YOR049C,204
YOR050C,6
YOR051C,3135
YOR052C,2253
YOR053W,42
YOR054C,705
YOR055W,7
YOR056C,2488
YOR057W,1132
YOR058C,1679
YOR059C,1033
YOR060C,779
YOR061W,2830
YOR062C,301
YOR063W,23787
YOR064C,516
YOR065W,3585
YOR066W,1939
YOR067C,2525
YOR069W,1600
YOR068C,4
YOR070C,1570
YOR071C,1489
YOR072W,28
YOR072W-A,33
YOR072W-B,16
YOR073W,904
YOR074C,920
YOR073W-A,0
YOR075W,833
YOR076C,1059
YOR077W,222
YOR078W,1547
YOR079C,928
YOR080W,1285
YOR081C,2975
YOR082C,175
YOR083W,191
YOR084W,602
YOR085W,5784
YOR086C,6550
YOR087W,1768
YOR089C,1844
YOR090C,1923
YOR091W,3260
YOR092W,3196
YOR093C,2069
YOR094W,484
YOR095C,1943
YOR096W,7712
YOR097C,633
YOR098C,5986
YOR099W,6265
YOR100C,52
YOR101W,2027
YOR102W,52
YOR103C,1670
YOR104W,967
YOR105W,337
YOR106W,1038
YOR107W,1480
YOR108C-A,15
YOR109W,4034
YOR110W,992
YOR111W,484
YOR112W,1713
YOR113W,1868
YOR114W,267
YOR115C,1519
YOR116C,7471
YOR117W,2764
YOR118W,1356
YOR119C,1421
YOR120W,385
YOR121C,335
YOR122C,5234
YOR123C,934
YOR124C,3489
YOR125C,909
YOR126C,429
YOR127W,2871
YOR128C,310
YOR129C,1376
YOR130C,577
YOR131C,817
YOR132W,1381
YOR133W,13636
YOR134W,153
YOR135C,0
YOR136W,6302
YOR137C,1283
YOR138C,1686
YOR139C,3
YOR140W,2714
YOR141C,1645
YOR142W,5183
YOR142W-B,5125
YOR142W-A,1623
YOR143C,856
YOR144C,1113
YOR145C,3001
YOR146W,1
YOR147W,1321
YOR148C,424
YOR149C,1929
YOR150W,911
YOR151C,8396
YOR152C,273
YOR153W,20651
YOR154W,1905
YOR155C,1324
YOR156C,1331
YOR157C,2364
YOR158W,1233
YOR159C,1009
YOR160W,2409
YOR161C,1147
YOR161W-A,33
YOR161W-B,21
YOR161C-C,24
YOR162C,784
YOR163W,1320
YOR164C,2490
YOR165W,3458
YOR166C,1260
YOR167C,4469
YOR168W,7197
YOR169C,2
YOR170W,2
YOR171C,2036
YOR173W,308
YOR174W,699
YOR175C,4472
YOR176W,2651
YOR177C,108
YOR178C,317
YOR179C,408
YOR180C,197
YOR181W,1394
YOR182C,3233
YOR183W,40
YOR184W,3106
YOR185C,410
YOR186W,17
YOR186C-A,41
YOR187W,8661
YOR188W,2688
YOR189W,667
YOR190W,38
YOR191W,3348
YOR192C,207
YOR192C-C,248
YOR192C-B,3687
YOR192C-A,2296
YOR193W,519
YOR194C,979
YOR195W,2005
YOR196C,1406
YOR197W,4757
YOR198C,7926
YOR199W,38
YOR200W,43
YOR201C,1429
YOR202W,473
YOR203W,752
YOR204W,16869
YOR205C,1266
YOR206W,5351
YOR207C,4653
YOR208W,1538
YOR209C,4400
YOR210W,887
YOR211C,1652
YOR212W,3526
YOR213C,910
YOR214C,8
YOR215C,1215
YOR216C,1883
YOR217W,2389
YOR218C,0
YOR219C,2263
YOR220W,905
YOR221C,1567
YOR222W,2098
YOR223W,274
YOR224C,3912
YOR225W,8
YOR226C,1280
YOR227W,2770
YOR228C,592
YOR229W,930
YOR230W,6475
YOR231W,1891
YOR231C-A,4
YOR232W,3851
YOR233W,2319
YOR234C,3903
YOR235W,831
YOR236W,772
YOR237W,48
YOR238W,728
YOR241W,1918
YOR242C,117
YOR243C,3867
YOR244W,1067
YOR245C,1479
YOR246C,2736
YOR247W,17163
YOR248W,7692
YOR249C,784
YOR250C,897
YOR251C,1284
YOR252W,828
YOR253W,1316
YOR254C,7206
YOR255W,5
YOR256C,2469
YOR257W,424
YOR258W,291
YOR259C,2718
YOR260W,5421
YOR261C,2452
YOR262W,974
YOR263C,3
YOR264W,1732
YOR265W,985
YOR266W,569
YOR267C,4786
YOR268C,10
YOR269W,1262
YOR270C,15015
YOR271C,3752
YOR272W,2780
YOR273C,3025
YOR274W,1363
YOR275C,1326
YOR276W,3746
YOR277C,12
YOR278W,556
YOR279C,509
YOR280C,810
YOR281C,1485
YOR282W,1
YOR283W,1547
YOR284W,324
YOR285W,1698
YOR286W,1510
YOR287C,704
YOR288C,1166
YOR289W,442
YOR290C,3157
YOR291W,3559
YOR292C,777
YOR293W,7320
YOR293C-A,5
YOR294W,2794
YOR295W,619
YOR296W,1419
YOR297C,993
YOR298W,77
YOR298C-A,4335
YOR299W,2068
YOR300W,72
YOR301W,2055
YOR302W,1406
YOR303W,4644
YOR304W,2760
YOR304C-A,241
YOR305W,900
YOR306C,3237
YOR307C,2072
YOR308C,1047
YOR309C,4524
YOR310C,9053
YOR311C,2158
YOR312C,10772
YOR313C,449
YOR314W,3
YOR314W-A,5
YOR315W,4234
YOR316C,3315
YOR316C-A,65
YOR317W,5246
YOR318C,59
YOR319W,569
YOR320C,2338
YOR322C,2648
YOR323C,3572
YOR324C,1562
YOR325W,2
YOR326W,9329
YOR327C,1388
YOR328W,1572
YOR329C,2381
YOR329W-A,6
YOR330C,2223
YOR331C,8
YOR332W,5762
YOR333C,12
YOR334W,790
YOR335C,13007
YOR335W-A,1
YOR336W,3088
YOR337W,1799
YOR338W,955
YOR339C,39
YOR340C,2461
YOR341W,18363
YOR342C,3022
YOR343C,92
YOR343W-B,4558
YOR343W-A,1003
YOR344C,3447
YOR345C,3
YOR346W,2084
YOR347C,1176
YOR348C,1344
YOR349W,849
YOR350C,848
YOR351C,5
YOR352W,518
YOR353C,1186
YOR354C,2191
YOR355W,4845
YOR356W,1743
YOR357C,635
YOR358W,271
YOR359W,3604
YOR360C,3649
YOR361C,8271
YOR362C,3469
YOR363C,1048
YOR364W,21
YOR365C,21
YOR366W,28
YOR367W,578
YOR368W,492
YOR369C,9260
YOR370C,4713
YOR371C,1658
YOR372C,3134
YOR373W,1873
YOR374W,2346
YOR375C,10002
YOR376W,3
YOR376W-A,158
YOR377W,1166
YOR378W,256
YOR379C,80
YOR380W,641
YOR381W,658
YOR381W-A,43
YOR382W,930
YOR383C,1597
YOR384W,82
YOR385W,1434
YOR386W,504
YOR387C,8
YOR388C,16
YOR389W,582
YOR390W,774
YOR391C,26
YOR392W,3
YOR393W,4
YOR394W,0
YOR394C-A,30
YOR396W,41
YOR396C-A,0
YCR009C,3083
YCR084C,12725
YCL076W,0
YCL073C,21
YCL069W,2
YCL068C,260
YCL067C,32
YCL066W,43
YCL065W,66
YCL064C,1028
YCL063W,1909
YCL061C,1818
YCL059C,2390
YCL058C,487
YCL058W-A,164
YCL057C-A,1477
YCL057W,3787
YCL056C,409
YCL055W,474
YCL054W,3988
YCL052C,1793
YCL051W,1456
YCL050C,3923
YCL049C,1333
YCL048W-A,19
YCL048W,40
YCL047C,1052
YCL045C,7271
YCL046W,6
YCL044C,3470
YCL043C,21481
YCL041C,1460
YCL042W,907
YCL040W,5910
YCL039W,1562
YCL038C,778
YCL037C,9474
YCL036W,1742
YCL035C,1787
YCL034W,1240
YCL033C,639
YCL032W,706
YCL031C,2396
YCL030C,2498
YCL029C,1007
YCL028W,3649
YCL027W,341
YCL026C-B,291
YCL026C-A,41
YCL025C,6793
YCL023C,6
YCL024W,1463
YCL022C,6
YCL021W-A,780
YCL019W,14479
YCL020W,7366
YCL018W,3832
YCL017C,3962
YCL016C,522
YCL014W,4634
YCL012C,448
YCL011C,4071
YCL010C,528
YCL009C,13477
YCL008C,2065
YCL007C,19
YCL005W-A,2248
YCL005W,1658
YCL004W,639
YCL002C,1376
YCL001W,1889
YCL001W-A,14
YCL001W-B,25
YCR001W,1
YCR002C,2067
YCR003W,1009
YCR004C,2729
YCR005C,3805
YCR006C,186
YCR007C,181
YCR008W,6210
YCR010C,29
YCR011C,4900
YCR012W,33939
YCR013C,5
YCR014C,602
YCR015C,470
YCR016W,1498
YCR017C,7615
YCR018C,1264
YCR018C-A,39
YCR019W,700
YCR020C,127
YCR020C-A,506
YCR020W-B,419
YCR021C,1438
YCR022C,43
YCR023C,1625
YCR024C,1043
YCR024C-B,5391
YCR024C-A,5105
YCR025C,72
YCR026C,2713
YCR027C,937
YCR028C,2265
YCR028C-A,2426
YCR030C,4528
YCR031C,11415
YCR032W,2480
YCR033W,3372
YCR034W,4682
YCR035C,1911
YCR036W,1635
YCR037C,2272
YCR038C,636
YCR038W-A,53
YCR039C,56
YCR040W,1
YCR041W,25
YCR042C,1650
YCR043C,2069
YCR044C,2104
YCR045C,20
YCR045W-A,308
YCR046C,1410
YCR047C,1305
YCR047W-A,9
YCR049C,2
YCR048W,2529
YCR050C,6
YCR051W,1612
YCR052W,2115
YCR053W,7455
YCR054C,1157
YCR057C,6523
YCR059C,1709
YCR060W,795
YCR061W,2658
YCR064C,48
YCR063W,602
YCR065W,3258
YCR066W,489
YCR067C,6304
YCR068W,1493
YCR069W,2907
YCR071C,903
YCR072C,1933
YCR073C,971
YCR073W-A,1185
YCR075C,643
YCR075W-A,242
YCR076C,526
YCR077C,5403
YCR079W,1496
YCR081W,1792
YCR081C-A,4
YCR082W,1626
YCR083W,536
YCR085W,11
YCR086W,387
YCR087W,54
YCR087C-A,1358
YCR088W,3316
YCR089W,1688
YCR090C,1370
YCR091W,301
YCR092C,1129
YCR093W,11333
YCR094W,1562
YCR095C,871
YCR095W-A,56
YCR096C,484
YCR097W,491
YCR097W-A,12
YCR098C,1419
YCR099C,212
YCR100C,425
YCR101C,317
YCR102C,200
YCR102W-A,27
YCR104W,4
YCR105W,141
YCR106W,1125
YCR107W,480
YCR108C,4
YGL196W,2043
YGL131C,1854
YGL059W,573
YGR017W,2505
YGR088W,367
YGR147C,1850
YGR212W,465
YGL263W,1
YGL262W,8
YGL261C,21
YGL260W,0
YGL259W,9
YGL258W-A,13
YGL258W,29
YGL257C,1495
YGL256W,1688
YGL255W,2260
YGL254W,786
YGL253W,15919
YGL252C,2022
YGL251C,853
YGL250W,201
YGL249W,58
YGL248W,1453
YGL247W,487
YGL246C,1470
YGL245W,11121
YGL244W,1482
YGL243W,672
YGL242C,1538
YGL241W,1537
YGL240W,381
YGL239C,0
YGL238W,5524
YGL237C,510
YGL236C,2065
YGL235W,27
YGL234W,8479
YGL233W,2439
YGL232W,1163
YGL231C,1600
YGL230C,32
YGL229C,632
YGL228W,3832
YGL227W,915
YGL226C-A,1475
YGL226W,417
YGL225W,5491
YGL224C,1111
YGL223C,1473
YGL222C,1067
YGL221C,2952
YGL220W,1868
YGL219C,1603
YGL218W,5
YGL217C,1
YGL216W,1981
YGL215W,7963
YGL214W,22
YGL213C,1768
YGL212W,243
YGL211W,1092
YGL210W,1067
YGL209W,2089
YGL208W,543
YGL207W,5949
YGL206C,14761
YGL205W,46
YGL204C,546
YGL203C,2834
YGL202W,11349
YGL201C,2325
YGL200C,6200
YGL199C,81
YGL198W,1793
YGL197W,4046
YGL195W,19558
YGL194C-A,400
YGL194C,810
YGL193C,689
YGL192W,13
YGL191W,2378
YGL190C,2755
YGL189C,9996
YGL188C-A,122
YGL188C,287
YGL187C,2798
YGL186C,2609
YGL185C,687
YGL184C,412
YGL183C,32
YGL182C,33
YGL181W,1349
YGL180W,792
YGL179C,1193
YGL178W,5082
YGL177W,579
YGL176C,1187
YGL175C,268
YGL174W,345
YGL173C,10487
YGL172W,1006
YGL171W,1894
YGL170C,31
YGL169W,1769
YGL168W,13
YGL167C,9485
YGL166W,646
YGL165C,35
YGL164C,508
YGL163C,972
YGL162W,998
YGL161C,2441
YGL160W,2078
YGL159W,668
YGL158W,57
YGL157W,1758
YGL156W,612
YGL155W,1674
YGL154C,412
YGL153W,575
YGL152C,22
YGL151W,2524
YGL150C,4120
YGL149W,3
YGL148W,6500
YGL147C,9041
YGL146C,85
YGL145W,1200
YGL144C,726
YGL143C,892
YGL142C,3164
YGL141W,1333
YGL140C,6670
YGL139W,3949
YGL138C,4
YGL137W,7663
YGL136C,633
YGL135W,7824
YGL134W,694
YGL133W,1551
YGL132W,11
YGL130W,1435
YGL129C,2087
YGL128C,635
YGL127C,1243
YGL126W,2027
YGL125W,3098
YGL124C,943
YGL123W,18413
YGL123C-A,42
YGL122C,3068
YGL121C,128
YGL120C,4646
YGL119W,1253
YGL118C,5
YGL117W,725
YGL116W,1029
YGL115W,1985
YGL114W,2576
YGL113W,1068
YGL112C,2233
YGL111W,2641
YGL110C,866
YGL109W,26
YGL108C,708
YGL107C,2211
YGL106W,2036
YGL105W,8540
YGL104C,752
YGL103W,10769
YGL102C,15
YGL101W,1544
YGL100W,2197
YGL099W,2679
YGL098W,637
YGL097W,2200
YGL096W,214
YGL095C,1526
YGL094C,3410
YGL093W,1318
YGL092W,6288
YGL091C,848
YGL090W,318
YGL089C,21
YGL088W,3155
YGL087C,1319
YGL086W,1094
YGL085W,505
YGL084C,3306
YGL083W,1884
YGL082W,2126
YGL081W,58
YGL080W,1231
YGL079W,616
YGL078C,4534
YGL077C,4495
YGL076C,10260
YGL075C,400
YGL074C,0
YGL073W,1844
YGL072C,243
YGL071W,2249
YGL070C,1387
YGL069C,24
YGL068W,2622
YGL067W,1942
YGL066W,963
YGL065C,1427
YGL064C,710
YGL063W,664
YGL063C-A,7
YGL062W,6584
YGL061C,570
YGL060W,1175
YGL058W,1749
YGL057C,582
YGL056C,2849
YGL055W,22073
YGL054C,2222
YGL053W,509
YGL052W,82
YGL051W,111
YGL050W,1243
YGL049C,4580
YGL048C,3005
YGL047W,596
YGL045W,616
YGL044C,1313
YGL043W,1822
YGL042C,6
YGL041C-B,12
YGL041W-A,573
YGL041C,7
YGL040C,3685
YGL039W,948
YGL038C,2082
YGL037C,3012
YGL036W,2162
YGL035C,1534
YGL034C,14
YGL033W,22
YGL032C,1400
YGL031C,9887
YGL030W,5599
YGL029W,1137
YGL028C,10369
YGL027C,4331
YGL026C,9258
YGL025C,956
YGL024W,7
YGL023C,1220
YGL022W,8765
YGL021W,3158
YGL020C,1104
YGL019W,2799
YGL018C,314
YGL017W,683
YGL016W,3696
YGL015C,14
YGL014W,6853
YGL014C-A,0
YGL013C,2551
YGL012W,7618
YGL011C,2702
YGL010W,332
YGL009C,16884
YGL008C,78253
YGL007C-A,37
YGL007W,17
YGL006W-A,35
YGL006W,2706
YGL005C,638
YGL004C,571
YGL003C,1336
YGL002W,1097
YGL001C,3169
YGR001C,1462
YGR002C,895
YGR003W,1356
YGR004W,904
YGR005C,1408
YGR006W,308
YGR007W,1686
YGR008C,788
YGR009C,1394
YGR010W,1079
YGR011W,283
YGR012W,1058
YGR013W,1142
YGR014W,16674
YGR015C,451
YGR016W,128
YGR018C,51
YGR019W,1543
YGR020C,3218
YGR021W,988
YGR022C,2
YGR023W,1895
YGR024C,1078
YGR025W,491
YGR026W,2891
YGR027C,7671
YGR027W-B,8772
YGR027W-A,1475
YGR028W,915
YGR029W,1031
YGR030C,374
YGR031W,763
YGR031C-A,5
YGR032W,4261
YGR033C,1800
YGR034W,7977
YGR035C,306
YGR035W-A,0
YGR036C,1149
YGR037C,3240
YGR038W,1637
YGR038C-B,7973
YGR038C-A,2455
YGR039W,209
YGR040W,1168
YGR041W,2188
YGR042W,772
YGR043C,93
YGR044C,2894
YGR045C,318
YGR046W,1495
YGR047C,1537
YGR048W,1013
YGR049W,1688
YGR050C,207
YGR051C,3
YGR052W,210
YGR053C,100
YGR054W,8648
YGR055W,7059
YGR056W,1805
YGR057C,488
YGR058W,774
YGR059W,34
YGR060W,11391
YGR061C,12044
YGR062C,681
YGR063C,966
YGR064W,64
YGR065C,2121
YGR066C,24
YGR067C,228
YGR068C,784
YGR068W-A,3
YGR069W,18
YGR070W,955
YGR071C,1464
YGR072W,507
YGR073C,99
YGR074W,1208
YGR075C,230
YGR076C,682
YGR077C,2334
YGR078C,1615
YGR079W,2371
YGR080W,1204
YGR081C,1382
YGR082W,3184
YGR083C,3242
YGR084C,1402
YGR085C,5864
YGR086C,7240
YGR087C,58
YGR089W,3721
YGR090W,8023
YGR091W,830
YGR092W,1301
YGR093W,1187
YGR094W,15969
YGR095C,1469
YGR096W,566
YGR097W,4365
YGR098C,3492
YGR099W,1109
YGR100W,2009
YGR101W,1900
YGR102C,487
YGR103W,7392
YGR104C,663
YGR105W,1184
YGR106C,5912
YGR107W,55
YGR108W,2379
YGR109C,264
YGR109W-B,928
YGR109W-A,58
YGR110W,329
YGR111W,1114
YGR112W,591
YGR113W,784
YGR114C,2
YGR115C,3
YGR116W,8090
YGR117C,1082
YGR118W,6539
YGR119C,2995
YGR120C,881
YGR121C,1567
YGR121W-A,93
YGR122W,591
YGR122C-A,86
YGR123C,2772
YGR124W,13060
YGR125W,3555
YGR126W,472
YGR127W,457
YGR128C,4758
YGR129W,393
YGR130C,2846
YGR131W,208
YGR132C,2517
YGR133W,541
YGR134W,1575
YGR135W,2845
YGR136W,3267
YGR137W,2244
YGR138C,4577
YGR139W,36
YGR140W,1752
YGR141W,490
YGR142W,522
YGR143W,2596
YGR144W,65
YGR145W,2889
YGR146C,2171
YGR146C-A,65
YGR148C,8249
YGR149W,1851
YGR150C,1546
YGR151C,476
YGR152C,1395
YGR153W,353
YGR154C,330
YGR155W,10918
YGR156W,749
YGR157W,9081
YGR158C,1231
YGR159C,8698
YGR160W,16
YGR161C,1131
YGR161W-C,425
YGR161W-B,11864
YGR161W-A,9258
YGR161C-D,10391
YGR161C-C,961
YGR162W,13110
YGR163W,1181
YGR164W,69
YGR165W,2069
YGR166W,1412
YGR167W,2974
YGR168C,620
YGR169C,703
YGR169C-A,448
YGR170W,2004
YGR171C,1002
YGR172C,1363
YGR173W,1395
YGR174C,448
YGR174W-A,26
YGR175C,13041
YGR176W,16
YGR177C,1620
YGR178C,5536
YGR179C,558
YGR180C,7805
YGR181W,906
YGR182C,671
YGR183C,1730
YGR184C,6252
YGR185C,5215
YGR186W,2488
YGR187C,1538
YGR188C,842
YGR189C,12600
YGR190C,3
YGR191W,6038
YGR192C,56526
YGR193C,1735
YGR194C,668
YGR195W,1062
YGR196C,1227
YGR197C,1756
YGR198W,3118
YGR199W,1572
YGR200C,4602
YGR201C,757
YGR202C,1380
YGR203W,990
YGR204W,11998
YGR204C-A,4
YGR205W,624
YGR206W,375
YGR207C,903
YGR208W,1164
YGR209C,1744
YGR210C,2765
YGR211W,5005
YGR213C,133
YGR214W,15713
YGR215W,806
YGR216C,1883
YGR217W,3467
YGR218W,6312
YGR219W,1
YGR220C,1531
YGR221C,924
YGR222W,799
YGR223C,732
YGR224W,33
YGR225W,63
YGR226C,0
YGR227W,3338
YGR228W,15
YGR229C,4125
YGR230W,383
YGR231C,2075
YGR232W,1056
YGR233C,5178
YGR234W,17306
YGR235C,1271
YGR236C,18
YGR237C,1271
YGR238C,786
YGR239C,838
YGR240C,29008
YGR240C-A,28
YGR241C,2777
YGR242W,0
YGR243W,169
YGR244C,2685
YGR245C,4514
YGR246C,987
YGR247W,703
YGR248W,126
YGR249W,1619
YGR250C,3421
YGR251W,941
YGR252W,898
YGR253C,2180
YGR254W,18109
YGR255C,2030
YGR256W,367
YGR257C,1671
YGR258C,959
YGR259C,7
YGR260W,6687
YGR261C,3557
YGR262C,1477
YGR263C,867
YGR264C,8059
YGR265W,3
YGR266W,1599
YGR267C,2732
YGR268C,1251
YGR269W,30
YGR270W,3753
YGR270C-A,2
YGR271W,2988
YGR271C-A,1042
YGR273C,4
YGR274C,1745
YGR275W,964
YGR276C,1401
YGR277C,1112
YGR278W,768
YGR279C,18137
YGR280C,288
YGR281W,5261
YGR282C,11934
YGR283C,779
YGR284C,4107
YGR285C,8383
YGR286C,1523
YGR287C,165
YGR288W,404
YGR289C,201
YGR290W,1
YGR291C,2
YGR292W,93
YGR293C,8
YGR294W,47
YGR295C,2717
YGR296W,38
YGR296C-A,0
YGR296C-B,2
YLR454W,5981
YLR060W,7838
YLR186W,2114
YLR398C,3146
YLL067C,379
YLL067W-A,0
YLL066W-B,18
YLL066C,1228
YLL066W-A,1
YLL065W,2
YLL064C,1
YLL063C,363
YLL062C,625
YLL061W,2391
YLL060C,448
YLL059C,60
YLL058W,977
YLL057C,126
YLL056C,226
YLL055W,486
YLL054C,1255
YLL053C,575
YLL052C,705
YLL051C,3918
YLL050C,2729
YLL049W,439
YLL048C,14954
YLL047W,14
YLL046C,48
YLL045C,15186
YLL044W,24
YLL043W,3108
YLL042C,119
YLL041C,2031
YLL040C,5420
YLL039C,2705
YLL038C,742
YLL037W,36
YLL036C,1687
YLL035W,2393
YLL034C,2117
YLL033W,214
YLL032C,1296
YLL031C,6741
YLL030C,0
YLL029W,2729
YLL028W,3619
YLL027W,1271
YLL026W,5280
YLL025W,72
YLL024C,36013
YLL023C,1472
YLL022C,1138
YLL021W,5296
YLL020C,240
YLL019C,2687
YLL019W-A,5
YLL018C-A,564
YLL018C,9334
YLL015W,4675
YLL014W,831
YLL013C,4060
YLL012W,1744
YLL011W,2362
YLL010C,1744
YLL009C,658
YLL008W,3804
YLL007C,845
YLL006W-A,5
YLL006W,922
YLL005C,60
YLL004W,768
YLL003W,1058
YLL002W,679
YLL001W,1835
YLR001C,1831
YLR002C,2767
YLR003C,1605
YLR004C,115
YLR005W,1026
YLR006C,1976
YLR007W,973
YLR008C,2062
YLR009W,2882
YLR010C,132
YLR011W,458
YLR012C,2
YLR013W,2
YLR014C,1030
YLR015W,888
YLR016C,718
YLR017W,3549
YLR018C,2256
YLR019W,2832
YLR020C,2028
YLR021W,625
YLR022C,1646
YLR023C,2457
YLR024C,1391
YLR025W,1035
YLR026C,1312
YLR027C,10208
YLR028C,5478
YLR029C,16377
YLR030W,54
YLR031W,39
YLR032W,1432
YLR033W,1582
YLR034C,3700
YLR035C,769
YLR035C-A,5505
YLR036C,699
YLR037C,80
YLR038C,1154
YLR039C,1408
YLR040C,1793
YLR041W,41
YLR042C,464
YLR043C,2540
YLR044C,62423
YLR045C,2162
YLR046C,872
YLR047C,1925
YLR048W,20823
YLR049C,937
YLR050C,900
YLR051C,1406
YLR052W,1808
YLR053C,11
YLR054C,125
YLR055C,1168
YLR056W,11781
YLR057W,2238
YLR058C,5701
YLR059C,1991
YLR061W,8152
YLR062C,5
YLR063W,585
YLR064W,2673
YLR065C,962
YLR066W,1275
YLR067C,1327
YLR068W,616
YLR069C,2374
YLR070C,133
YLR071C,2798
YLR072W,993
YLR073C,3893
YLR074C,1217
YLR075W,15729
YLR076C,4
YLR077W,1077
YLR078C,824
YLR079W,1508
YLR080W,176
YLR081W,19
YLR082C,272
YLR083C,8247
YLR084C,5468
YLR085C,1133
YLR086W,2020
YLR087C,5446
YLR088W,3107
YLR089C,5258
YLR090W,1281
YLR091W,482
YLR092W,667
YLR093C,934
YLR094C,1192
YLR095C,1993
YLR096W,3135
YLR097C,636
YLR098C,1105
YLR099C,1855
YLR099W-A,564
YLR100W,4465
YLR101C,88
YLR102C,264
YLR103C,1093
YLR104W,1037
YLR105C,905
YLR106C,18452
YLR107W,1019
YLR108C,742
YLR109W,8021
YLR110C,27860
YLR111W,9
YLR112W,381
YLR113W,4100
YLR114C,1204
YLR115W,1719
YLR116W,2038
YLR117C,1112
YLR118C,1298
YLR119W,366
YLR120C,7747
YLR120W-A,49
YLR121C,4731
YLR122C,96
YLR123C,91
YLR124W,52
YLR125W,159
YLR126C,523
YLR127C,846
YLR128W,379
YLR129W,5023
YLR130C,3838
YLR131C,1266
YLR132C,450
YLR133W,1183
YLR134W,797
YLR135W,617
YLR136C,343
YLR137W,620
YLR138W,4464
YLR139C,1731
YLR140W,258
YLR141W,919
YLR142W,905
YLR143W,1549
YLR144C,1605
YLR145W,349
YLR146C,975
YLR146W-A,373
YLR147C,848
YLR148W,1426
YLR149C,367
YLR149C-A,13
YLR150W,14552
YLR151C,158
YLR152C,1008
YLR153C,14047
YLR154C,601
YLR154W-A,20498
YLR154W-B,18907
YLR154W-C,27247
YLR154W-E,255
YLR154W-F,4702
YLR154C-G,7
YLR154C-H,2
YLR155C,1
YLR156W,65
YLR156C-A,38
YLR157C,365
YLR157W-D,1
YLR157C-B,11210
YLR157C-A,899
YLR157W-E,7
YLR157C-C,0
YLR158C,21
YLR159W,0
YLR159C-A,2
YLR160C,5235
YLR161W,31
YLR162W,356
YLR162W-A,889
YLR163C,2032
YLR163W-A,0
YLR164W,175
YLR165C,356
YLR166C,1905
YLR167W,14804
YLR168C,1101
YLR169W,5
YLR170C,303
YLR171W,18
YLR172C,2503
YLR173W,745
YLR174W,151
YLR175W,6843
YLR176C,952
YLR177W,968
YLR178C,524
YLR179C,5098
YLR180W,11287
YLR181C,951
YLR182W,1718
YLR183C,1626
YLR184W,9
YLR185W,5276
YLR187W,1972
YLR188W,2694
YLR189C,1505
YLR190W,2721
YLR191W,968
YLR192C,2910
YLR193C,776
YLR194C,3387
YLR195C,1930
YLR196W,4332
YLR197W,8949
YLR198C,378
YLR199C,1292
YLR200W,1517
YLR201C,1083
YLR202C,506
YLR203C,3887
YLR204W,1005
YLR205C,1072
YLR206W,5650
YLR207W,2396
YLR208W,3964
YLR209C,1352
YLR210W,720
YLR211C,257
YLR212C,1845
YLR213C,507
YLR214W,11556
YLR215C,880
YLR216C,3772
YLR217W,2
YLR218C,185
YLR219W,2381
YLR220W,1894
YLR221C,1773
YLR222C,3820
YLR222C-A,28
YLR223C,2755
YLR224W,2206
YLR225C,1082
YLR226W,856
YLR227C,358
YLR227W-B,10129
YLR227W-A,1834
YLR228C,1562
YLR229C,2974
YLR230W,2
YLR231C,1341
YLR232W,6
YLR233C,466
YLR234W,592
YLR235C,5
YLR236C,13
YLR237W,1593
YLR238W,750
YLR239C,948
YLR240W,1425
YLR241W,3654
YLR242C,493
YLR243W,1391
YLR244C,3149
YLR245C,276
YLR246W,882
YLR247C,2457
YLR248W,3234
YLR249W,72459
YLR250W,1580
YLR251W,411
YLR252W,145
YLR253W,1654
YLR254C,435
YLR255C,36
YLR256W,4322
YLR256W-A,901
YLR257W,5232
YLR258W,2324
YLR259C,12518
YLR260W,1137
YLR261C,1012
YLR262C,1249
YLR262C-A,1073
YLR263W,283
YLR264W,2286
YLR264C-A,11
YLR265C,623
YLR266C,911
YLR267W,152
YLR268W,1971
YLR269C,0
YLR270W,1077
YLR271W,270
YLR272C,2513
YLR273C,424
YLR274W,2014
YLR275W,639
YLR276C,4083
YLR277C,1416
YLR278C,3636
YLR279W,24
YLR280C,76
YLR281C,75
YLR282C,4
YLR283W,477
YLR284C,220
YLR285W,1667
YLR285C-A,150
YLR286C,23019
YLR286W-A,40
YLR287C,1591
YLR287C-A,5352
YLR288C,778
YLR289W,687
YLR290C,483
YLR291C,2891
YLR292C,2463
YLR293C,8275
YLR294C,1722
YLR295C,2628
YLR296W,158
YLR297W,1622
YLR298C,642
YLR299W,2216
YLR299C-A,13
YLR300W,16734
YLR301W,1798
YLR302C,14
YLR303W,12811
YLR304C,18112
YLR305C,7422
YLR306W,344
YLR307W,55
YLR307C-A,12
YLR308W,3
YLR309C,1526
YLR310C,5296
YLR311C,30
YLR312C,124
YLR312W-A,1529
YLR313C,401
YLR314C,2598
YLR315W,249
YLR316C,538
YLR317W,310
YLR318W,483
YLR319C,1338
YLR320W,1244
YLR321C,1366
YLR322W,5
YLR323C,527
YLR324W,999
YLR325C,7146
YLR326W,627
YLR327C,256
YLR328W,1669
YLR329W,48
YLR330W,4014
YLR331C,0
YLR332W,5363
YLR333C,4352
YLR334C,2
YLR335W,2889
YLR336C,2535
YLR337C,2758
YLR338W,15
YLR339C,3
YLR340W,24898
YLR341W,34
YLR342W,48341
YLR342W-A,280
YLR343W,320
YLR344W,6639
YLR345W,883
YLR346C,58
YLR347C,8859
YLR347W-A,1
YLR348C,2258
YLR349W,58
YLR350W,3226
YLR351C,1753
YLR352W,832
YLR353W,1873
YLR354C,8266
YLR355C,18650
YLR356W,1253
YLR357W,2434
YLR358C,1
YLR359W,2887
YLR360W,813
YLR361C,1350
YLR361C-A,278
YLR362W,928
YLR363C,486
YLR363W-A,508
YLR364W,397
YLR365W,14
YLR364C-A,0
YLR366W,81
YLR367W,4523
YLR368W,1356
YLR369W,1196
YLR370C,2536
YLR371W,3858
YLR372W,7461
YLR373C,2293
YLR374C,43
YLR375W,3329
YLR376C,289
YLR377C,47
YLR378C,13457
YLR379W,1
YLR380W,3405
YLR381W,1086
YLR382C,1250
YLR383W,1177
YLR384C,7971
YLR385C,220
YLR386W,1939
YLR387C,2102
YLR388W,3258
YLR389C,4387
YLR390W,1295
YLR390W-A,15184
YLR392C,615
YLR393W,492
YLR394W,509
YLR395C,1517
YLR396C,1083
YLR397C,2665
YLR399C,4282
YLR399W-A,1
YLR400W,20
YLR401C,2201
YLR402W,318
YLR403W,3597
YLR404W,731
YLR405W,1058
YLR406C,5281
YLR406C-A,3
YLR407W,1419
YLR408C,110
YLR409C,5215
YLR410W,4688
YLR410W-B,5200
YLR410W-A,1362
YLR411W,212
YLR412W,1167
YLR412C-A,135
YLR413W,19327
YLR414C,2395
YLR415C,119
YLR416C,31
YLR417W,672
YLR418C,935
YLR419W,2732
YLR420W,2026
YLR421C,1647
YLR422W,3021
YLR423C,305
YLR424W,605
YLR425W,1352
YLR426W,752
YLR427W,1423
YLR428C,6
YLR429W,4661
YLR430W,5480
YLR431C,482
YLR432W,9570
YLR433C,1665
YLR434C,107
YLR435W,1972
YLR436C,3947
YLR437C,1987
YLR437C-A,5
YLR438W,1948
YLR438C-A,895
YLR439W,1798
YLR440C,1175
YLR441C,12593
YLR442C,1022
YLR443W,1781
YLR444C,5
YLR445W,5
YLR446W,334
YLR447C,5213
YLR448W,8840
YLR449W,4614
YLR450W,6030
YLR451W,1364
YLR452C,3524
YLR453C,296
YLR455W,939
YLR456W,177
YLR457C,290
YLR458W,0
YLR459W,2481
YLR460C,188
YLR461W,37
YLR462W,182
YLR463C,39
YLR464W,503
YLR465C,61
YLR466W,1096
YLR466C-A,8
YLR466C-B,7
YLR467W,91
YLR467C-A,0
YNL271C,5974
YNL201C,2674
YNL124W,2595
YNR016C,33718
YNL339C,1224
YNL339W-B,2
YNL339W-A,0
YNL338W,21
YNL337W,1
YNL336W,992
YNL335W,8
YNL334C,121
YNL333W,136
YNL332W,84
YNL331C,442
YNL330C,1795
YNL329C,2114
YNL328C,256
YNL327W,22745
YNL326C,699
YNL325C,663
YNL324W,13
YNL323W,1769
YNL322C,6200
YNL321W,5724
YNL320W,952
YNL319W,71
YNL318C,6
YNL317W,982
YNL316C,975
YNL315C,1566
YNL314W,423
YNL313C,4551
YNL312W,1292
YNL311C,1315
YNL310C,855
YNL309W,1009
YNL308C,2422
YNL307C,6765
YNL306W,1895
YNL305C,1425
YNL304W,536
YNL303W,116
YNL302C,7360
YNL301C,3551
YNL300W,4441
YNL299W,1209
YNL298W,2491
YNL297C,3916
YNL296W,2
YNL295W,1022
YNL294C,1918
YNL293W,696
YNL292W,1435
YNL291C,2134
YNL290W,1738
YNL289W,1541
YNL288W,4387
YNL287W,8026
YNL286W,876
YNL285W,9
YNL284C-B,16353
YNL284C-A,3083
YNL284C,1650
YNL283C,6534
YNL282W,347
YNL281W,3292
YNL280C,3731
YNL279W,124
YNL278W,2054
YNL277W-A,73
YNL277W,1041
YNL276C,71
YNL275W,1313
YNL274C,660
YNL273W,1457
YNL272C,1604
YNL270C,152
YNL269W,14
YNL268W,4983
YNL267W,3387
YNL266W,6
YNL265C,592
YNL264C,968
YNL263C,3823
YNL262W,3098
YNL261W,1239
YNL260C,626
YNL259C,277
YNL258C,1596
YNL257C,1876
YNL256W,3392
YNL255C,5130
YNL254C,594
YNL253W,560
YNL252C,1054
YNL251C,3928
YNL250W,999
YNL249C,588
YNL248C,4149
YNL247W,5131
YNL246W,1116
YNL245C,488
YNL244C,4194
YNL243W,5068
YNL242W,1344
YNL241C,8307
YNL240C,1835
YNL239W,2583
YNL238W,4650
YNL237W,315
YNL236W,2608
YNL235C,6
YNL234W,792
YNL233W,2161
YNL232W,2197
YNL231C,2197
YNL230C,633
YNL229C,1879
YNL228W,24
YNL227C,1238
YNL226W,3
YNL225C,741
YNL224C,1173
YNL223W,332
YNL222W,576
YNL221C,2638
YNL220W,1876
YNL219C,5216
YNL218W,728
YNL217W,3345
YNL216W,2899
YNL215W,222
YNL214W,406
YNL213C,892
YNL212W,2249
YNL211C,231
YNL210W,8
YNL209W,26591
YNL208W,2797
YNL207W,2302
YNL206C,1171
YNL205C,72
YNL204C,172
YNL203C,115
YNL202W,61
YNL200C,984
YNL199C,1846
YNL198C,191
YNL197C,7147
YNL196C,49
YNL195C,148
YNL194C,30
YNL193W,808
YNL192W,6341
YNL191W,1228
YNL190W,16323
YNL189W,5811
YNL188W,988
YNL187W,565
YNL186W,3623
YNL185C,1710
YNL184C,479
YNL183C,2758
YNL182C,3089
YNL181W,1409
YNL180C,2109
YNL179C,417
YNL178W,14330
YNL177C,1918
YNL176C,3604
YNL175C,2593
YNL174W,2
YNL173C,1330
YNL172W,2659
YNL171C,10
YNL170W,147
YNL169C,2607
YNL168C,1971
YNL167C,2520
YNL166C,1509
YNL165W,736
YNL164C,704
YNL163C,2708
YNL162W-A,201
YNL162W,4062
YNL161W,2614
YNL160W,5214
YNL159C,947
YNL158W,647
YNL157W,1373
YNL156C,1794
YNL155W,1601
YNL154C,4654
YNL153C,1541
YNL152W,1156
YNL151C,1011
YNL150W,12
YNL149C,1936
YNL148C,418
YNL147W,708
YNL146C-A,87
YNL146W,103
YNL145W,4821
YNL144C,470
YNL144W-A,2
YNL143C,1989
YNL142W,3668
YNL141W,3087
YNL140C,791
YNL139C,3622
YNL138W-A,269
YNL138W,3303
YNL137C,3664
YNL136W,246
YNL135C,5009
YNL134C,3726
YNL133C,272
YNL132W,5045
YNL131W,3077
YNL130C,3880
YNL130C-A,5
YNL129W,556
YNL128W,117
YNL127W,1411
YNL126W,1499
YNL125C,2080
YNL123W,4405
YNL122C,668
YNL121C,5348
YNL120C,5
YNL119W,1464
YNL118C,3026
YNL117W,34
YNL116W,1085
YNL115C,1297
YNL114C,40
YNL113W,1696
YNL112W,6396
YNL111C,2212
YNL110C,2319
YNL109W,31
YNL108C,1377
YNL107W,531
YNL106C,1544
YNL105W,2
YNL104C,15951
YNL103W-A,2
YNL103W,2362
YNL102W,2491
YNL101W,3824
YNL100W,1198
YNL099C,1163
YNL098C,2950
YNL097C-B,109
YNL097C,651
YNL097W-A,163
YNL096C,5276
YNL095C,1314
YNL094W,2185
YNL093W,32
YNL092W,126
YNL091W,3786
YNL090W,1057
YNL089C,5
YNL088W,3865
YNL087W,8655
YNL086W,320
YNL085W,7443
YNL084C,1978
YNL083W,752
YNL082W,843
YNL081C,1251
YNL080C,2529
YNL079C,5312
YNL078W,1958
YNL077W,441
YNL076W,1523
YNL075W,1670
YNL074C,3589
YNL073W,1506
YNL072W,927
YNL071W,5744
YNL070W,1968
YNL069C,14921
YNL068C,2401
YNL067W-A,1
YNL067W-B,17
YNL067W,4178
YNL066W,14346
YNL065W,4261
YNL064C,6574
YNL063W,508
YNL062C,2039
YNL061W,4961
YNL059C,2236
YNL058C,1860
YNL057W,46
YNL056W,968
YNL055C,13918
YNL054W-A,3692
YNL054W,2181
YNL053W,1536
YNL052W,5401
YNL051W,834
YNL050C,915
YNL049C,3264
YNL048W,1641
YNL047C,1425
YNL046W,1196
YNL045W,4291
YNL044W,3277
YNL043C,41
YNL042W-B,91
YNL042W,843
YNL041C,1848
YNL040W,1994
YNL039W,1295
YNL038W,989
YNL037C,4561
YNL036W,1055
YNL035C,1273
YNL034W,84
YNL033W,90
YNL032W,1182
YNL031C,6406
YNL030W,5103
YNL029C,871
YNL028W,8
YNL027W,1618
YNL026W,1800
YNL025C,637
YNL024C-A,810
YNL024C,399
YNL023C,1783
YNL022C,1685
YNL021W,1808
YNL020C,956
YNL019C,58
YNL018C,118
YNL017C,0
YNL016W,8997
YNL015W,1414
YNL014W,358
YNL013C,6
YNL012W,207
YNL011C,470
YNL010W,2245
YNL009W,156
YNL008C,1278
YNL007C,4869
YNL006W,1463
YNL005C,1914
YNL004W,2875
YNL003C,1251
YNL002C,3520
YNL001W,1111
YNR001C,4047
YNR001W-A,1
YNR002C,107
YNR003C,1303
YNR003W-A,1
YNR004W,177
YNR005C,1
YNR006W,1252
YNR007C,508
YNR008W,1907
YNR009W,1345
YNR010W,266
YNR011C,1316
YNR012W,2062
YNR013C,6593
YNR014W,628
YNR015W,1514
YNR017W,3621
YNR018W,1977
YNR019W,4741
YNR020C,441
YNR021W,3955
YNR022C,1204
YNR023W,990
YNR024W,558
YNR025C,47
YNR026C,1427
YNR027W,987
YNR028W,2066
YNR029C,1058
YNR030W,4882
YNR031C,2700
YNR032W,1280
YNR032C-A,554
YNR033W,2738
YNR034W,401
YNR034W-A,229
YNR035C,2233
YNR036C,2243
YNR037C,646
YNR038W,2783
YNR039C,2142
YNR040W,670
YNR041C,1759
YNR042W,10
YNR043W,6200
YNR044W,2294
YNR045W,877
YNR046W,2802
YNR047W,3004
YNR048W,974
YNR049C,591
YNR050C,3179
YNR051C,3409
YNR052C,3252
YNR053C,5980
YNR054C,1301
YNR055C,3817
YNR056C,70
YNR057C,195
YNR058W,264
YNR059W,639
YNR060W,1082
YNR061C,1049
YNR062C,98
YNR063W,438
YNR064C,27
YNR065C,2105
YNR066C,914
YNR067C,13799
YNR068C,94
YNR069C,192
YNR070W,0
YNR071C,3
YNR072W,0
YNR073C,44
YNR074C,1
YNR075W,1187
YNR075C-A,0
YNR076W,0
YNR077C,0
YPL222W,554
YPL153C,1367
YPL085W,6503
YPL016W,2315
YPR045C,1369
YPR123C,16
YPR124W,8000
YPR190C,2503
YPL283C,25
YPL283W-B,2
YPL283W-A,0
YPL282C,4
YPL281C,101
YPL280W,11
YPL279C,1921
YPL278C,56
YPL277C,279
YPL274W,2169
YPL273W,3626
YPL272C,251
YPL271W,2835
YPL270W,1842
YPL269W,553
YPL268W,1955
YPL267W,375
YPL266W,2003
YPL265W,5232
YPL264C,298
YPL263C,2758
YPL262W,5519
YPL261C,5
YPL260W,2646
YPL259C,1406
YPL258C,326
YPL257W-B,3472
YPL257W-A,1177
YPL257W,281
YPL256C,5702
YPL255W,708
YPL254W,1480
YPL253C,564
YPL252C,1908
YPL251W,4
YPL250C,892
YPL249C-A,7260
YPL250W-A,14
YPL249C,1202
YPL248C,388
YPL247C,1410
YPL246C,3234
YPL245W,941
YPL244C,2529
YPL243W,3084
YPL242C,3217
YPL241C,503
YPL240C,5672
YPL239W,2161
YPL238C,9
YPL237W,4393
YPL236C,627
YPL235W,2881
YPL234C,2664
YPL233W,494
YPL232W,2875
YPL231W,29668
YPL230W,372
YPL229W,1085
YPL228W,1123
YPL227C,1596
YPL226W,11128
YPL225W,3023
YPL224C,1172
YPL223C,90
YPL222C-A,135
YPL221W,5075
YPL220W,12102
YPL219W,574
YPL218W,4364
YPL217C,4734
YPL216W,595
YPL215W,1370
YPL214C,689
YPL213W,686
YPL212C,2479
YPL211W,1563
YPL210C,3612
YPL209C,223
YPL208W,1170
YPL207W,5105
YPL206C,1191
YPL205C,25
YPL204W,3346
YPL203W,1230
YPL202C,1186
YPL201C,56
YPL200W,0
YPL199C,1195
YPL198W,5556
YPL197C,0
YPL196W,591
YPL195W,2467
YPL194W,631
YPL193W,1067
YPL192C,20
YPL191C,309
YPL190C,4901
YPL189C-A,692
YPL189W,277
YPL188W,1679
YPL187W,155
YPL186C,114
YPL185W,21
YPL184C,3126
YPL183W-A,1353
YPL183C,4324
YPL182C,0
YPL181W,1591
YPL180W,1216
YPL179W,7572
YPL178W,1380
YPL177C,2281
YPL176C,2514
YPL175W,956
YPL174C,839
YPL173W,961
YPL172C,1578
YPL171C,194
YPL170W,1176
YPL169C,2942
YPL168W,452
YPL167C,819
YPL166W,200
YPL165C,194
YPL164C,458
YPL163C,5091
YPL162C,865
YPL161C,942
YPL160W,13546
YPL159C,1247
YPL158C,1960
YPL157W,860
YPL156C,385
YPL155C,914
YPL154C,8963
YPL152W-A,10
YPL152W,690
YPL151C,748
YPL150W,1619
YPL149W,692
YPL148C,276
YPL147W,509
YPL146C,2229
YPL145C,9769
YPL144W,445
YPL143W,7542
YPL142C,7
YPL141C,2711
YPL140C,1008
YPL139C,922
YPL138C,690
YPL137C,4594
YPL136W,6
YPL135W,3533
YPL135C-A,1
YPL134C,450
YPL133C,630
YPL132W,811
YPL131W,25107
YPL130W,15
YPL129W,2573
YPL128C,4123
YPL127C,1658
YPL126W,7005
YPL125W,2856
YPL124W,302
YPL123C,431
YPL122C,1050
YPL121C,4
YPL120W,593
YPL119C-A,56
YPL119C,237
YPL118W,2460
YPL117C,4780
YPL116W,1723
YPL115C,2999
YPL114W,254
YPL113C,99
YPL112C,1495
YPL111W,1935
YPL110C,1900
YPL109C,461
YPL108W,350
YPL107W,635
YPL106C,20683
YPL105C,3182
YPL104W,976
YPL103C,898
YPL102C,3
YPL101W,1750
YPL100W,680
YPL099C,549
YPL098C,1765
YPL097W,1030
YPL096C-A,494
YPL096W,581
YPL095C,586
YPL094C,3871
YPL093W,8386
YPL092W,941
YPL091W,2820
YPL090C,13795
YPL089C,2785
YPL088W,760
YPL087W,1929
YPL086C,2013
YPL084W,2615
YPL083C,1032
YPL082C,6123
YPL081W,4804
YPL080C,5
YPL079W,6070
YPL078C,2708
YPL077C,300
YPL076W,882
YPL075W,2861
YPL074W,1687
YPL073C,1
YPL072W,528
YPL071C,478
YPL070W,1130
YPL069C,881
YPL068C,736
YPL067C,1044
YPL066W,1775
YPL065W,537
YPL064C,809
YPL063W,3650
YPL062W,12
YPL061W,15917
YPL060W,360
YPL059W,1489
YPL058C,7972
YPL057C,3770
YPL056C,273
YPL055C,738
YPL054W,163
YPL053C,2374
YPL052W,569
YPL051W,555
YPL050C,4772
YPL049C,2614
YPL048W,7160
YPL047W,748
YPL046C,487
YPL045W,1334
YPL044C,12
YPL043W,3684
YPL042C,987
YPL041C,542
YPL040C,1129
YPL039W,504
YPL038W-A,81
YPL038W,616
YPL037C,6263
YPL036W,558
YPL035C,1
YPL034W,279
YPL033C,12
YPL032C,7445
YPL031C,1673
YPL030W,1430
YPL029W,1140
YPL028W,9971
YPL027W,15
YPL026C,2386
YPL025C,116
YPL024W,643
YPL023C,2298
YPL022W,2189
YPL021W,2
YPL020C,1061
YPL019C,8679
YPL018W,790
YPL017C,170
YPL015C,3133
YPL014W,5734
YPL013C,1179
YPL012W,7594
YPL011C,1442
YPL010W,2955
YPL009C,1525
YPL008W,951
YPL007C,799
YPL006W,4016
YPL005W,508
YPL004C,4287
YPL003W,491
YPL002C,571
YPL001W,856
YPR001W,139
YPR002W,260
YPR002C-A,6
YPR003C,1517
YPR004C,2811
YPR005C,369
YPR006C,610
YPR007C,57
YPR008W,2454
YPR009W,763
YPR010C,15529
YPR010C-A,1268
YPR011C,652
YPR012W,6
YPR013C,974
YPR014C,0
YPR015C,171
YPR016C,5381
YPR016W-A,1
YPR017C,446
YPR018W,1033
YPR019W,3007
YPR020W,1353
YPR021C,1457
YPR022C,3512
YPR023C,1759
YPR024W,4573
YPR025C,1057
YPR026W,837
YPR027C,32
YPR028W,4246
YPR029C,3175
YPR030W,351
YPR031W,913
YPR032W,2019
YPR033C,5862
YPR034W,1697
YPR035W,10881
YPR036W,5044
YPR036W-A,3280
YPR037C,603
YPR038W,7
YPR039W,195
YPR040W,1008
YPR041W,4872
YPR042C,2219
YPR043W,6314
YPR044C,3
YPR046W,346
YPR047W,778
YPR048W,1781
YPR049C,1175
YPR050C,14
YPR051W,636
YPR052C,3563
YPR053C,2550
YPR054W,44
YPR055W,1542
YPR056W,1075
YPR057W,703
YPR058W,1544
YPR059C,44
YPR060C,1738
YPR061C,181
YPR062W,1756
YPR063C,2802
YPR064W,14
YPR065W,4579
YPR066W,288
YPR067W,942
YPR068C,358
YPR069C,4255
YPR070W,1168
YPR071W,573
YPR072W,2998
YPR073C,1490
YPR074C,28321
YPR074W-A,4
YPR075C,1767
YPR076W,37
YPR077C,32
YPR078C,39
YPR079W,838
YPR080W,30626
YPR081C,873
YPR082C,600
YPR083W,685
YPR084W,1093
YPR085C,570
YPR086W,2391
YPR087W,10
YPR088C,2760
YPR089W,2732
YPR091C,2599
YPR092W,3
YPR093C,408
YPR094W,329
YPR095C,1645
YPR096C,148
YPR097W,3267
YPR098C,1147
YPR099C,72
YPR100W,1121
YPR101W,588
YPR102C,9278
YPR103W,2875
YPR104C,2034
YPR105C,2105
YPR106W,1210
YPR107C,638
YPR108W,3505
YPR108W-A,10
YPR109W,794
YPR110C,4270
YPR111W,915
YPR112C,3764
YPR113W,4025
YPR114W,4468
YPR115W,2453
YPR116W,362
YPR117W,3782
YPR118W,2963
YPR119W,2646
YPR120C,639
YPR121W,631
YPR122W,3456
YPR125W,2193
YPR126C,2
YPR127W,776
YPR128C,1376
YPR129W,2231
YPR130C,40
YPR131C,983
YPR132W,7541
YPR133C,2118
YPR133W-A,1704
YPR134W,419
YPR135W,1489
YPR136C,1
YPR137W,3904
YPR137C-B,7208
YPR137C-A,4492
YPR138C,4101
YPR139C,1752
YPR140W,1171
YPR141C,921
YPR142C,3
YPR143W,1482
YPR144C,2612
YPR145W,15226
YPR145C-A,59
YPR146C,207
YPR147C,1706
YPR148C,2493
YPR149W,6391
YPR150W,97
YPR151C,120
YPR152C,401
YPR153W,230
YPR154W,2571
YPR155C,816
YPR156C,4202
YPR157W,1581
YPR158W,735
YPR158W-B,7021
YPR158W-A,2578
YPR158C-D,19291
YPR158C-C,2770
YPR159W,10123
YPR159C-A,1
YPR160W,1963
YPR160W-A,77
YPR160C-A,43
YPR161C,1856
YPR162C,976
YPR163C,7232
YPR164W,2867
YPR165W,4886
YPR166C,741
YPR167C,834
YPR168W,192
YPR169W,2396
YPR170C,13
YPR170W-B,2156
YPR169W-A,1598
YPR170W-A,1693
YPR171W,1052
YPR172W,1224
YPR173C,1725
YPR174C,384
YPR175W,1227
YPR176C,1854
YPR177C,4
YPR178W,775
YPR179C,853
YPR180W,685
YPR181C,16126
YPR182W,1043
YPR183W,6836
YPR184W,1955
YPR185W,881
YPR186C,841
YPR187W,3432
YPR188C,993
YPR189W,2655
YPR191W,4751
YPR192W,90
YPR193C,61
YPR194C,1862
YPR195C,235
YPR196W,412
YPR197C,28
YPR198W,1900
YPR199C,893
YPR200C,195
YPR201W,173
YPR202W,144
YPR203W,117
YPR204W,454
YPR204C-A,0
YHR013C,1910
YHR147C,1448
YHL050C,549
YHL050W-A,4
YHL049C,33
YHL048C-A,3
YHL048W,1938
YHL047C,908
YHL046W-A,1
YHL046C,32
YHL045W,4
YHL044W,243
YHL043W,17
YHL042W,84
YHL041W,6
YHL040C,1589
YHL039W,2328
YHL038C,974
YHL037C,16
YHL036W,492
YHL035C,2202
YHL034W-A,0
YHL034C,4486
YHL033C,5439
YHL032C,1111
YHL031C,1113
YHL030W-A,2
YHL030W,4452
YHL029C,4102
YHL028W,2250
YHL027W,3071
YHL026C,596
YHL025W,969
YHL024W,349
YHL023C,1553
YHL022C,95
YHL021C,1885
YHL020C,1240
YHL019W-A,15
YHL019C,815
YHL018W,207
YHL017W,2408
YHL016C,291
YHL015W-A,0
YHL015W,9284
YHL014C,439
YHL013C,909
YHL012W,23
YHL011C,4352
YHL010C,653
YHL009C,598
YHL009W-B,559
YHL009W-A,12
YHL008C,522
YHL007C,4497
YHL006W-A,3
YHL006C,125
YHL005C,16
YHL004W,2955
YHL003C,3262
YHL002C-A,14
YHL002W,1655
YHL001W,6030
YHR001W,1520
YHR001W-A,1208
YHR002W,396
YHR003C,1446
YHR004C,805
YHR005C,2360
YHR005C-A,2465
YHR006W,1708
YHR007C,16502
YHR007C-A,144
YHR008C,3141
YHR009C,4089
YHR010W,8154
YHR011W,638
YHR012W,1601
YHR014W,33
YHR015W,231
YHR016C,992
YHR017W,1044
YHR018C,2929
YHR019C,13148
YHR020W,10404
YHR021C,6132
YHR021W-A,6
YHR022C,127
YHR022C-A,14
YHR023W,4869
YHR024C,2131
YHR025W,12399
YHR026W,5055
YHR027C,9242
YHR028C,4427
YHR028W-A,5
YHR029C,1123
YHR030C,3878
YHR031C,988
YHR032W,3022
YHR032W-A,397
YHR032C-A,1
YHR033W,896
YHR034C,441
YHR035W,386
YHR036W,867
YHR037W,2941
YHR038W,305
YHR039C,8101
YHR039C-A,2692
YHR040W,470
YHR041C,1495
YHR042W,11848
YHR043C,1087
YHR044C,282
YHR045W,2070
YHR046C,935
YHR047C,6572
YHR048W,827
YHR049W,3619
YHR049C-A,4
YHR050W,4191
YHR050W-A,848
YHR051W,2116
YHR052W,3502
YHR052W-A,7
YHR053C,5441
YHR054C,1365
YHR054W-A,93
YHR055C,779
YHR056C,1858
YHR056W-A,38
YHR057C,882
YHR058C,784
YHR059W,642
YHR060W,660
YHR061C,1125
YHR062C,1127
YHR063C,2204
YHR063W-A,1
YHR064C,9496
YHR065C,2168
YHR066W,2315
YHR067W,557
YHR068W,4519
YHR069C,1703
YHR069C-A,27
YHR070W,2414
YHR070C-A,7
YHR071W,1731
YHR071C-A,94
YHR072W,5027
YHR072W-A,2286
YHR073W,5021
YHR073W-A,612
YHR073C-B,1
YHR074W,4784
YHR075C,435
YHR076W,1345
YHR077C,2733
YHR078W,2411
YHR079C,2248
YHR079C-A,0
YHR080C,2932
YHR081W,715
YHR082C,4232
YHR083W,1718
YHR084W,2581
YHR085W,972
YHR086W,2425
YHR086W-A,10
YHR087W,302
YHR088W,1784
YHR089C,4052
YHR090C,413
YHR091C,1657
YHR092C,4795
YHR093W,319
YHR094C,6028
YHR095W,663
YHR096C,63
YHR097C,776
YHR098C,7433
YHR099W,13573
YHR100C,826
YHR101C,630
YHR102W,2591
YHR103W,3793
YHR104W,1737
YHR105W,238
YHR106W,884
YHR107C,2264
YHR108W,5671
YHR109W,624
YHR110W,1157
YHR111W,1010
YHR112C,1164
YHR113W,2193
YHR114W,1585
YHR115C,3222
YHR116W,459
YHR117W,2811
YHR118C,549
YHR119W,2791
YHR120W,1334
YHR121W,1466
YHR122W,690
YHR123W,2630
YHR124W,116
YHR125W,1
YHR126C,1
YHR127W,811
YHR128W,6453
YHR129C,452
YHR130C,44
YHR131C,1697
YHR131W-A,6
YHR132C,3265
YHR132W-A,725
YHR133C,2521
YHR134W,575
YHR135C,3754
YHR136C,682
YHR137W,3077
YHR137C-A,1
YHR138C,708
YHR139C,47
YHR139C-A,1
YHR140W,82
YHR141C,5853
YHR142W,2207
YHR143W,11294
YHR143W-A,1271
YHR144C,1144
YHR145C,48
YHR146W,1970
YHR148W,1271
YHR149C,2769
YHR150W,592
YHR151C,2541
YHR152W,1153
YHR153C,105
YHR154W,2147
YHR155W,2267
YHR156C,321
YHR157W,88
YHR158C,4293
YHR159W,465
YHR160C,15
YHR161C,1736
YHR162W,3520
YHR163W,3458
YHR164C,1108
YHR165C,7137
YHR165W-A,6
YHR166C,500
YHR167W,463
YHR168W,590
YHR169W,2171
YHR170W,5870
YHR171W,468
YHR172W,1370
YHR173C,26
YHR174W,57498
YHR175W,1904
YHR175W-A,420
YHR176W,209
YHR177W,714
YHR178W,788
YHR179W,6744
YHR180W,147
YHR180W-A,0
YHR180C-B,2
YHR181W,1356
YHR182W,1148
YHR182C-A,3
YHR183W,13651
YHR184W,127
YHR185C,10
YHR186C,3399
YHR187W,1129
YHR188C,5940
YHR189W,253
YHR190W,5398
YHR191C,577
YHR192W,714
YHR193C,6965
YHR193C-A,22
YHR194W,991
YHR195W,1104
YHR196W,3191
YHR197W,2901
YHR198C,636
YHR199C,1735
YHR199C-A,246
YHR200W,2256
YHR201C,1934
YHR202W,645
YHR203C,12463
YHR204W,3298
YHR205W,6207
YHR206W,3791
YHR207C,815
YHR208W,11270
YHR209W,541
YHR210C,176
YHR211W,1368
YHR212C,19
YHR212W-A,15
YHR213W,70
YHR213W-A,8
YHR213W-B,10
YHR214W,133
YHR214W-A,179
YHR214C-B,26315
YHR214C-C,6383
YHR214C-D,3
YHR214C-E,11
YHR215W,6348
YHR216W,4266
YHR217C,46
YHR218W,27
YHR218W-A,4
YHR219W,78
YHR219C-A,0
YML071C,895
YML004C,2734
YMR061W,2396
YMR128W,3412
YMR196W,1264
YMR259C,3476
YML133C,128
YML133W-B,3
YML133W-A,0
YML132W,153
YML131W,1341
YML130C,4706
YML129C,644
YML128C,668
YML127W,2555
YML126C,10649
YML125C,2634
YML124C,3867
YML123C,21403
YML122C,30
YML121W,967
YML120C,2523
YML119W,835
YML118W,264
YML117W,4749
YML116W-A,471
YML116W,2135
YML115C,3470
YML114C,1468
YML113W,1740
YML112W,1001
YML111W,2085
YML110C,2634
YML109W,1112
YML108W,927
YML107C,401
YML106W,6440
YML105C,1307
YML104C,2003
YML103C,6526
YML102W,1180
YML101C-A,204
YML101C,1159
YML100W-A,95
YML100W,4161
YML099W-A,2
YML099C,1593
YML098W,503
YML097C,1398
YML096W,1123
YML095C,329
YML094C-A,4
YML094W,1197
YML093W,4022
YML092C,2613
YML091C,2562
YML090W,2
YML089C,19
YML088W,1767
YML087C,320
YML086C,4067
YML085C,6321
YML084W,15
YML083C,41
YML082W,1992
YML081C-A,1674
YML081W,4527
YML080W,1672
YML079W,1362
YML078W,2188
YML077W,963
YML076C,1584
YML075C,12587
YML074C,3603
YML073C,8644
YML072C,17920
YML070W,3231
YML069W,2294
YML068W,594
YML067C,1988
YML066C,13
YML065W,1455
YML064C,804
YML063W,14310
YML062C,605
YML061C,1343
YML060W,701
YML059C,7332
YML058W-A,117
YML058W,5020
YML057C-A,11
YML057W,2400
YML056C,11238
YML055W,1255
YML054C,231
YML054C-A,2
YML053C,509
YML052W,8076
YML051W,3925
YML050W,279
YML049C,3283
YML048W,7096
YML047W-A,1
YML047C,4
YML046W,1339
YML045W,2179
YML045W-A,563
YML043C,1211
YML042W,236
YML041C,455
YML039W,5325
YML040W,1212
YML038C,2558
YML037C,355
YML036W,737
YML035C,3930
YML034C-A,12
YML034W,1981
YML032C,2212
YML031C-A,0
YML031W,3818
YML030W,978
YML029W,2206
YML028W,11002
YML027W,1773
YML026C,7989
YML025C,1498
YML024W,6631
YML023C,1367
YML022W,3866
YML021C,1005
YML020W,992
YML019W,2128
YML018C,3177
YML017W,2524
YML016C,4069
YML015C,1055
YML014W,705
YML013W,1701
YML012C-A,19
YML012W,4127
YML011C,388
YML010W,4166
YML009W-B,1162
YML009C-A,2
YML009C,872
YML008C,6346
YML007C-A,11
YML007W,3076
YML006C,2058
YML005W,666
YML003W,310
YML002W,592
YML001W,1738
YMR001C,2716
YMR001C-A,23
YMR002W,3350
YMR003W,531
YMR004W,1334
YMR005W,2152
YMR006C,3946
YMR007W,18
YMR008C,5874
YMR009W,1570
YMR010W,2487
YMR011W,7331
YMR012W,15154
YMR013C,1471
YMR013C-A,289
YMR013W-A,522
YMR014W,1725
YMR015C,7322
YMR016C,3250
YMR017W,26
YMR018W,48
YMR019W,1245
YMR020W,826
YMR021C,855
YMR022W,1551
YMR023C,429
YMR024W,2566
YMR025W,170
YMR026C,889
YMR027W,2375
YMR028W,608
YMR029C,1292
YMR030W,207
YMR031C,2509
YMR031W-A,1
YMR032W,1032
YMR030W-A,14
YMR033W,2194
YMR034C,354
YMR035W,336
YMR036C,867
YMR037C,3129
YMR038C,2822
YMR039C,1518
YMR040W,125
YMR041C,631
YMR042W,1209
YMR043W,3758
YMR044W,988
YMR045C,21730
YMR046C,15535
YMR046W-A,6
YMR047C,4419
YMR048W,521
YMR049C,5690
YMR050C,7630
YMR051C,1611
YMR052W,134
YMR052C-A,58
YMR053C,357
YMR054W,5316
YMR055C,834
YMR056C,362
YMR057C,7
YMR058W,15777
YMR059W,366
YMR060C,492
YMR062C,1786
YMR063W,265
YMR064W,1420
YMR065W,312
YMR066W,820
YMR067C,1458
YMR068W,254
YMR069W,291
YMR070W,1774
YMR071C,989
YMR072W,2436
YMR073C,647
YMR074C,1246
YMR075W,1098
YMR075C-A,10
YMR076C,1961
YMR077C,481
YMR078C,1123
YMR079W,5095
YMR080C,6316
YMR081C,581
YMR082C,3
YMR083W,7448
YMR084W,69
YMR085W,116
YMR086W,2563
YMR086C-A,68
YMR087W,477
YMR088C,1624
YMR089C,3547
YMR090W,376
YMR091C,1639
YMR092C,3241
YMR093W,3329
YMR094W,448
YMR095C,39
YMR096W,453
YMR097C,707
YMR098C,1602
YMR099C,2719
YMR100W,1945
YMR101C,44
YMR102C,2553
YMR103C,190
YMR104C,1144
YMR105C,909
YMR105W-A,15
YMR106C,568
YMR107W,28
YMR108W,13219
YMR109W,5249
YMR110C,1666
YMR111C,511
YMR112C,630
YMR113W,815
YMR114C,430
YMR115W,1107
YMR116C,22338
YMR117C,431
YMR118C,39
YMR119W,2457
YMR119W-A,265
YMR120C,665
YMR121C,770
YMR122C,18
YMR122W-A,5490
YMR123W,1970
YMR124W,2359
YMR125W,4863
YMR126C,550
YMR127C,538
YMR129W,6616
YMR130W,1403
YMR131C,5523
YMR132C,643
YMR133W,6
YMR134W,989
YMR135C,513
YMR135W-A,22
YMR136W,2323
YMR137C,379
YMR138W,433
YMR139W,956
YMR140W,941
YMR141C,8
YMR142C,10386
YMR141W-A,0
YMR143W,9012
YMR144W,640
YMR145C,11426
YMR146C,5678
YMR147W,469
YMR148W,1201
YMR149W,3905
YMR150C,704
YMR151W,51
YMR152W,1249
YMR153W,1176
YMR153C-A,118
YMR154C,547
YMR155W,1472
YMR156C,235
YMR157C,690
YMR158W,1134
YMR158C-A,37
YMR158W-B,2
YMR159C,125
YMR160W,884
YMR161W,1253
YMR162C,3191
YMR163C,407
YMR164C,1088
YMR165C,1539
YMR166C,1145
YMR167W,807
YMR168C,833
YMR169C,421
YMR170C,657
YMR171C,2372
YMR172W,966
YMR172C-A,1
YMR173W,3106
YMR173W-A,2764
YMR174C,158
YMR175W,27
YMR175W-A,11
YMR176W,1943
YMR177W,1257
YMR178W,958
YMR179W,1193
YMR180C,482
YMR181C,1772
YMR182C,1469
YMR182W-A,21
YMR183C,2840
YMR184W,735
YMR185W,1156
YMR186W,26183
YMR187C,601
YMR188C,1486
YMR189W,2458
YMR190C,1920
YMR191W,2121
YMR192W,1065
YMR193W,982
YMR193C-A,0
YMR194W,3035
YMR194C-B,88
YMR194C-A,137
YMR195W,1605
YMR197C,969
YMR198W,572
YMR199W,2865
YMR200W,3089
YMR201C,472
YMR202W,8385
YMR203W,8289
YMR204C,312
YMR205C,33122
YMR206W,22
YMR207C,1978
YMR208W,2990
YMR209C,1389
YMR210W,908
YMR211W,771
YMR212C,3860
YMR213W,657
YMR214W,1471
YMR215W,7354
YMR216C,3839
YMR217W,11492
YMR218C,1984
YMR219W,1949
YMR220W,2818
YMR221C,4124
YMR222C,1171
YMR223W,1266
YMR224C,562
YMR225C,756
YMR226C,4814
YMR227C,380
YMR228W,699
YMR229C,13917
YMR230W,5371
YMR230W-A,15
YMR231W,1469
YMR232W,156
YMR233W,460
YMR234W,797
YMR235C,3856
YMR236W,1320
YMR237W,2991
YMR238W,2711
YMR239C,1125
YMR240C,450
YMR241W,4953
YMR242C,11334
YMR242W-A,3
YMR243C,8389
YMR244W,62
YMR244C-A,536
YMR245W,39
YMR246W,11077
YMR247C,3312
YMR247W-A,0
YMR250W,867
YMR251W,43
YMR251W-A,2639
YMR252C,511
YMR253C,604
YMR254C,9
YMR255W,985
YMR256C,909
YMR257C,1292
YMR258C,1210
YMR260C,3988
YMR261C,4076
YMR262W,490
YMR263W,713
YMR264W,1733
YMR265C,1072
YMR266W,9052
YMR267W,1205
YMR268C,703
YMR269W,52
YMR270C,1100
YMR271C,190
YMR272C,5164
YMR272W-A,0
YMR272W-B,0
YMR273C,2006
YMR274C,906
YMR275C,2352
YMR276W,5128
YMR277W,2964
YMR278W,1165
YMR279C,64
YMR280C,278
YMR281W,896
YMR282C,1019
YMR283C,565
YMR284W,1043
YMR285C,1012
YMR286W,759
YMR287C,1407
YMR288W,1323
YMR289W,1386
YMR290C,4968
YMR290W-A,348
YMR291W,1510
YMR292W,949
YMR293C,210
YMR294W,517
YMR294W-A,18
YMR295C,3435
YMR296C,8447
YMR297W,14705
YMR298W,1106
YMR299C,686
YMR300C,2012
YMR301C,2102
YMR302C,1766
YMR303C,2428
YMR304W,3149
YMR304C-A,1712
YMR305C,14126
YMR306W,561
YMR306C-A,61
YMR307W,28211
YMR307C-A,0
YMR308C,9513
YMR309C,10163
YMR310C,3174
YMR311C,1665
YMR312W,1569
YMR313C,1954
YMR314W,2852
YMR315W,2473
YMR315W-A,11
YMR316W,1414
YMR316C-A,18
YMR316C-B,100
YMR317W,114
YMR318C,5853
YMR319C,5149
YMR320W,48
YMR321C,293
YMR322C,4
YMR323W,16
YMR324C,0
YMR325W,2
YMR326C,4
ERCC-00002,56167
ERCC-00003,17455
ERCC-00004,18307
ERCC-00009,9720
ERCC-00012,13
ERCC-00013,40
ERCC-00014,417
ERCC-00016,12
ERCC-00017,12
ERCC-00019,1142
ERCC-00022,5292
ERCC-00024,9
ERCC-00025,4497
ERCC-00028,234
ERCC-00031,150
ERCC-00033,245
ERCC-00034,987
ERCC-00035,4701
ERCC-00039,199
ERCC-00040,41
ERCC-00041,17
ERCC-00042,11960
ERCC-00043,11376
ERCC-00044,5353
ERCC-00046,10438
ERCC-00048,6
ERCC-00051,289
ERCC-00053,951
ERCC-00054,212
ERCC-00057,2
ERCC-00058,156
ERCC-00059,222
ERCC-00060,5282
ERCC-00061,5
ERCC-00062,2225
ERCC-00067,85
ERCC-00069,167
ERCC-00071,2160
ERCC-00073,15
ERCC-00074,27362
ERCC-00075,2
ERCC-00076,3760
ERCC-00077,42
ERCC-00078,1715
ERCC-00079,2102
ERCC-00081,13
ERCC-00083,9
ERCC-00084,1334
ERCC-00085,291
ERCC-00086,24
ERCC-00092,8821
ERCC-00095,2795
ERCC-00096,65962
ERCC-00097,17
ERCC-00098,2
ERCC-00099,1130
ERCC-00104,39
ERCC-00108,10218
ERCC-00109,20
ERCC-00111,14369
ERCC-00112,4420
ERCC-00113,27608
ERCC-00116,13455
ERCC-00117,9
ERCC-00120,29
ERCC-00123,25
ERCC-00126,373
ERCC-00130,73968
ERCC-00131,3996
ERCC-00134,10
ERCC-00136,17992
ERCC-00137,15
ERCC-00138,28
ERCC-00142,1
ERCC-00143,98
ERCC-00144,802
ERCC-00145,15630
ERCC-00147,76
ERCC-00148,334
ERCC-00150,196
ERCC-00154,292
ERCC-00156,3
ERCC-00157,682
ERCC-00158,69
ERCC-00160,634
ERCC-00162,1600
ERCC-00163,347
ERCC-00164,63
ERCC-00165,1308
ERCC-00168,49
ERCC-00170,877
ERCC-00171,18969