GeneID,xrn1.1
YAL001C,325
YAL002W,334
YAL003W,29807
YAL005C,10144
YAL007C,4155
YAL008W,762
YAL009W,353
YAL010C,262
YAL011W,140
YAL012W,15694
YAL013W,224
YAL014C,1534
YAL015C,189
YAL016C-A,0
YAL016W,3704
YAL017W,424
YAL018C,37
YAL019W,1154
YAL020C,881
YAL021C,574
YAL022C,649
YAL023C,464
YAL024C,299
YAL025C,1636
YAL026C,807
YAL027W,403
YAL028W,139
YAL029C,816
YAL030W,650
YAL031C,602
YAL032C,170
YAL033W,1850
YAL034C,358
YAL034W-A,259
YAL035W,3043
YAL036C,2792
YAL037W,108
YAL038W,80866
YAL039C,731
YAL040C,4644
YAL041W,469
YAL042W,4044
YAL043C,278
YAL044C,3059
YAL044W-A,3881
YAL045C,0
YAL046C,457
YAL047C,201
YAL048C,382
YAL049C,1234
YAL051W,188
YAL053W,1950
YAL054C,0
YAL055W,103
YAL056W,455
YAL058W,185
YAL059C-A,0
YAL059W,1550
YAL060W,1231
YAL061W,45
YAL062W,143
YAL063C,0
YAL063C-A,245
YAL064W-B,65
YAL066W,0
YAL067C,90
YAR002C-A,4318
YAR002W,403
YAR003W,651
YAR007C,403
YAR008W,474
YAR014C,1310
YAR015W,3268
YAR018C,284
YAR019C,59
YAR019W-A,0
YAR020C,0
YAR023C,225
YAR027W,355
YAR028W,538
YAR029W,0
YAR030C,0
YAR033W,441
YAR035W,0
YAR042W,297
YAR075W,0
YBL001C,1626
YBL002W,10213
YBL003C,7843
YBL004W,1169
YBL005W,172
YBL005W-A,153
YBL006C,2614
YBL006W-A,0
YBL007C,2146
YBL008W,429
YBL009W,125
YBL010C,291
YBL011W,633
YBL013W,56
YBL014C,330
YBL015W,434
YBL016W,551
YBL017C,705
YBL018C,1460
YBL019W,98
YBL020W,1516
YBL021C,461
YBL022C,937
YBL023C,307
YBL024W,2160
YBL025W,682
YBL026W,981
YBL027W,48773
YBL028C,3183
YBL029C-A,1551
YBL029W,202
YBL030C,24125
YBL031W,69
YBL032W,734
YBL033C,347
YBL034C,420
YBL035C,250
YBL036C,588
YBL037W,424
YBL038W,569
YBL039C,3452
YBL039W-B,578
YBL040C,5022
YBL041W,3363
YBL042C,3215
YBL043W,134
YBL045C,4248
YBL046W,227
YBL047C,1585
YBL049W,62
YBL050W,2191
YBL051C,1858
YBL052C,290
YBL054W,335
YBL055C,301
YBL056W,1382
YBL057C,1158
YBL058W,1440
YBL059C-A,2440
YBL060W,232
YBL061C,541
YBL063W,239
YBL064C,2812
YBL066C,502
YBL067C,1153
YBL068W,2366
YBL069W,661
YBL071W-A,2240
YBL072C,31006
YBL074C,184
YBL075C,35
YBL076C,3764
YBL078C,540
YBL079W,1653
YBL080C,161
YBL081W,1589
YBL082C,1673
YBL084C,270
YBL085W,713
YBL086C,56
YBL087C,8897
YBL088C,300
YBL089W,704
YBL090W,2223
YBL091C,922
YBL091C-A,745
YBL092W,57256
YBL093C,847
YBL094C,0
YBL095W,291
YBL097W,86
YBL098W,256
YBL099W,5311
YBL100W-A,33
YBL101C,514
YBL102W,346
YBL103C,398
YBL104C,151
YBL105C,1103
YBL106C,0
YBL107C,1367
YBR001C,275
YBR002C,825
YBR003W,2123
YBR004C,1103
YBR005W,1032
YBR006W,214
YBR007C,210
YBR008C,731
YBR009C,8904
YBR010W,3797
YBR011C,12566
YBR014C,1056
YBR015C,4266
YBR016W,1675
YBR017C,1120
YBR018C,0
YBR021W,278
YBR022W,978
YBR023C,2893
YBR024W,197
YBR025C,6399
YBR026C,983
YBR028C,858
YBR029C,651
YBR030W,743
YBR031W,18032
YBR033W,0
YBR034C,2381
YBR035C,1957
YBR036C,1950
YBR037C,716
YBR038W,1161
YBR039W,3833
YBR041W,846
YBR042C,765
YBR043C,1220
YBR044C,209
YBR046C,320
YBR047W,126
YBR048W,56300
YBR049C,539
YBR050C,0
YBR051W,26
YBR052C,1260
YBR053C,1089
YBR054W,2870
YBR055C,513
YBR056C-B,27
YBR056W,531
YBR056W-A,860
YBR057C,622
YBR058C,724
YBR058C-A,5075
YBR059C,906
YBR060C,213
YBR061C,519
YBR062C,258
YBR065C,1052
YBR066C,186
YBR067C,6833
YBR068C,2945
YBR069C,2864
YBR070C,1205
YBR071W,1412
YBR072W,374
YBR073W,929
YBR074W,1404
YBR076C-A,28
YBR077C,1781
YBR078W,15307
YBR079C,747
YBR080C,1362
YBR081C,406
YBR082C,6982
YBR083W,447
YBR084C-A,41538
YBR084W,2516
YBR085C-A,6820
YBR085W,203
YBR086C,1983
YBR087W,769
YBR088C,2180
YBR089C-A,2117
YBR091C,1224
YBR092C,1701
YBR093C,364
YBR094W,263
YBR095C,340
YBR096W,1303
YBR097W,348
YBR098W,197
YBR101C,301
YBR102C,335
YBR103C-A,0
YBR103W,134
YBR104W,997
YBR105C,839
YBR106W,5863
YBR107C,412
YBR108W,128
YBR109C,14340
YBR110W,1767
YBR111C,2827
YBR111W-A,1098
YBR112C,334
YBR114W,186
YBR115C,1151
YBR116C,0
YBR117C,77
YBR118W,145689
YBR119W,161
YBR120C,790
YBR121C,6476
YBR122C,1859
YBR123C,133
YBR124W,0
YBR125C,858
YBR126C,1392
YBR126W-A,2124
YBR127C,8262
YBR128C,53
YBR129C,302
YBR130C,689
YBR131W,91
YBR132C,218
YBR133C,805
YBR135W,1289
YBR136W,245
YBR137W,1329
YBR138C,231
YBR139W,2662
YBR140C,812
YBR141C,185
YBR141W-A,299
YBR142W,497
YBR143C,2852
YBR145W,468
YBR146W,1939
YBR147W,59
YBR149W,2294
YBR150C,92
YBR151W,933
YBR152W,36
YBR153W,476
YBR154C,2356
YBR155W,473
YBR156C,86
YBR157C,474
YBR158W,1484
YBR159W,3170
YBR160W,713
YBR161W,323
YBR162C,4744
YBR162W-A,4959
YBR163W,641
YBR164C,2909
YBR165W,519
YBR166C,1107
YBR167C,1065
YBR168W,397
YBR169C,47
YBR170C,873
YBR171W,969
YBR172C,386
YBR173C,2656
YBR175W,730
YBR176W,169
YBR177C,1208
YBR178W,0
YBR179C,311
YBR181C,78876
YBR182C,130
YBR182C-A,20
YBR183W,910
YBR184W,30
YBR185C,710
YBR187W,3517
YBR188C,579
YBR189W,34055
YBR191W,47879
YBR191W-A,110
YBR192W,362
YBR193C,1101
YBR194W,386
YBR195C,257
YBR196C,20379
YBR196C-A,0
YBR196C-B,0
YBR197C,1256
YBR198C,583
YBR199W,1421
YBR200W,380
YBR201C-A,33
YBR201W,297
YBR202W,512
YBR203W,195
YBR204C,166
YBR205W,1634
YBR207W,785
YBR208C,1091
YBR210W,1410
YBR211C,382
YBR212W,237
YBR213W,115
YBR214W,679
YBR215W,255
YBR216C,192
YBR217W,642
YBR218C,711
YBR220C,213
YBR221C,11792
YBR222C,938
YBR223C,158
YBR225W,134
YBR227C,202
YBR228W,241
YBR229C,1453
YBR230C,2910
YBR230W-A,247
YBR231C,208
YBR233W,58
YBR233W-A,760
YBR234C,1948
YBR235W,1202
YBR236C,288
YBR237W,309
YBR238C,1822
YBR239C,180
YBR240C,52
YBR241C,343
YBR242W,761
YBR243C,199
YBR244W,565
YBR246W,983
YBR247C,550
YBR248C,1014
YBR249C,6914
YBR250W,0
YBR251W,612
YBR252W,5122
YBR253W,1178
YBR254C,825
YBR255C-A,1505
YBR255W,235
YBR256C,2244
YBR257W,372
YBR258C,408
YBR259W,174
YBR260C,518
YBR261C,790
YBR262C,1556
YBR263W,1599
YBR264C,762
YBR265W,675
YBR267W,412
YBR268W,1422
YBR269C,1350
YBR270C,99
YBR271W,390
YBR272C,944
YBR273C,657
YBR274W,328
YBR275C,269
YBR276C,492
YBR277C,0
YBR278W,370
YBR279W,509
YBR280C,48
YBR281C,747
YBR282W,627
YBR283C,1363
YBR284W,124
YBR285W,0
YBR286W,803
YBR287W,5337
YBR288C,668
YBR289W,87
YBR290W,927
YBR291C,849
YBR292C,641
YBR293W,228
YBR295W,316
YBR296C,29
YBR296C-A,0
YBR297W,471
YBR298C,420
YBR299W,0
YBR300C,0
YCL001W,3795
YCL002C,1347
YCL004W,229
YCL005W,1009
YCL005W-A,5835
YCL007C,47
YCL008C,1488
YCL009C,13711
YCL010C,646
YCL011C,931
YCL012C,1193
YCL014W,293
YCL016C,239
YCL017C,2588
YCL018W,623
YCL019W,240
YCL020W,0
YCL021W-A,0
YCL024W,253
YCL025C,1073
YCL026C-A,16
YCL026C-B,108
YCL027W,0
YCL028W,1308
YCL029C,411
YCL030C,1032
YCL031C,2828
YCL032W,472
YCL033C,1298
YCL034W,598
YCL035C,5913
YCL036W,314
YCL037C,4006
YCL038C,332
YCL039W,324
YCL040W,1778
YCL042W,147
YCL043C,14859
YCL044C,877
YCL045C,832
YCL047C,489
YCL048W-A,96
YCL049C,943
YCL050C,3872
YCL051W,574
YCL052C,642
YCL054W,773
YCL054W-A,2172
YCL055W,210
YCL056C,882
YCL057C-A,2676
YCL057W,1820
YCL058W-A,1006
YCL059C,675
YCL061C,141
YCL063W,451
YCL064C,2221
YCR002C,995
YCR003W,1572
YCR004C,1771
YCR005C,343
YCR006C,177
YCR007C,133
YCR008W,1759
YCR009C,2413
YCR011C,359
YCR012W,234962
YCR014C,0
YCR015C,966
YCR016W,598
YCR017C,2196
YCR018C-A,86
YCR019W,356
YCR020C,0
YCR020C-A,1529
YCR020W-B,3676
YCR021C,49
YCR022C,0
YCR023C,1462
YCR024C,263
YCR024C-A,4495
YCR024C-B,64
YCR025C,0
YCR026C,258
YCR027C,810
YCR028C,1753
YCR028C-A,7782
YCR030C,1271
YCR031C,42943
YCR032W,275
YCR033W,400
YCR034W,2628
YCR035C,1073
YCR036W,1075
YCR037C,846
YCR042C,586
YCR043C,9029
YCR044C,4873
YCR045W-A,281
YCR046C,3773
YCR047C,649
YCR047W-A,0
YCR048W,872
YCR050C,0
YCR051W,2375
YCR052W,429
YCR053W,4662
YCR054C,519
YCR057C,1521
YCR059C,1822
YCR060W,1161
YCR061W,450
YCR063W,389
YCR064C,0
YCR065W,245
YCR066W,133
YCR067C,1093
YCR068W,1314
YCR069W,1437
YCR071C,506
YCR072C,311
YCR073C,243
YCR073W-A,1590
YCR075C,1522
YCR075W-A,664
YCR076C,561
YCR077C,1361
YCR079W,389
YCR081C-A,0
YCR081W,472
YCR082W,3482
YCR083W,754
YCR084C,1431
YCR085W,0
YCR086W,166
YCR087C-A,1957
YCR087W,0
YCR088W,586
YCR089W,247
YCR090C,2058
YCR091W,85
YCR092C,242
YCR093W,1970
YCR094W,1090
YCR095C,580
YCR095W-A,130
YCR096C,32
YCR097W,758
YCR097W-A,0
YCR098C,570
YCR101C,570
YCR102C,0
YCR102W-A,0
YCR106W,419
YCR107W,0
YDL001W,116
YDL002C,854
YDL003W,445
YDL004W,11969
YDL005C,554
YDL006W,596
YDL007W,1766
YDL008W,1721
YDL009C,197
YDL010W,721
YDL012C,1182
YDL013W,415
YDL014W,2746
YDL015C,4870
YDL017W,218
YDL018C,1121
YDL019C,489
YDL020C,1546
YDL021W,0
YDL022W,1208
YDL024C,0
YDL025C,351
YDL025W-A,0
YDL026W,24
YDL027C,382
YDL028C,115
YDL029W,1144
YDL030W,169
YDL031W,139
YDL033C,377
YDL035C,68
YDL036C,348
YDL037C,80
YDL040C,2103
YDL042C,253
YDL043C,723
YDL044C,161
YDL045C,494
YDL045W-A,2696
YDL046W,9057
YDL047W,1115
YDL048C,1399
YDL049C,35
YDL051W,3114
YDL052C,4279
YDL053C,945
YDL054C,361
YDL055C,19664
YDL056W,164
YDL057W,60
YDL058W,529
YDL059C,108
YDL060W,529
YDL061C,36334
YDL063C,810
YDL064W,1341
YDL065C,348
YDL066W,7732
YDL067C,3621
YDL069C,715
YDL070W,1089
YDL072C,4513
YDL073W,614
YDL074C,1583
YDL075W,35626
YDL076C,616
YDL077C,309
YDL078C,1890
YDL079C,91
YDL080C,313
YDL081C,58826
YDL082W,27814
YDL083C,98061
YDL084W,4000
YDL085C-A,622
YDL085W,0
YDL086C-A,43
YDL086W,2520
YDL087C,402
YDL088C,310
YDL089W,294
YDL090C,354
YDL091C,395
YDL092W,1834
YDL093W,103
YDL094C,0
YDL095W,622
YDL097C,1482
YDL098C,504
YDL099W,775
YDL100C,6528
YDL101C,351
YDL102W,340
YDL103C,983
YDL104C,77
YDL105W,51
YDL106C,287
YDL107W,119
YDL108W,785
YDL109C,65
YDL110C,496
YDL111C,3654
YDL112W,320
YDL113C,582
YDL114W-A,26
YDL115C,699
YDL116W,659
YDL117W,655
YDL119C,219
YDL120W,807
YDL121C,4721
YDL122W,956
YDL123W,2292
YDL124W,4603
YDL125C,15252
YDL126C,1892
YDL127W,207
YDL128W,2148
YDL129W,207
YDL130W,33961
YDL130W-A,1450
YDL131W,1109
YDL132W,417
YDL133C-A,12181
YDL133W,465
YDL134C,3143
YDL135C,2191
YDL136W,43840
YDL137W,8670
YDL138W,232
YDL139C,97
YDL140C,2561
YDL141W,822
YDL142C,514
YDL143W,3005
YDL144C,924
YDL145C,2075
YDL146W,92
YDL147W,4319
YDL148C,665
YDL149W,89
YDL150W,477
YDL153C,1039
YDL155W,513
YDL156W,34
YDL157C,2817
YDL159W,238
YDL159W-A,0
YDL160C,1628
YDL160C-A,505
YDL161W,1545
YDL164C,379
YDL165W,587
YDL166C,362
YDL167C,1151
YDL168W,901
YDL169C,79
YDL170W,425
YDL171C,1232
YDL173W,319
YDL174C,1421
YDL175C,248
YDL176W,298
YDL177C,294
YDL178W,798
YDL179W,392
YDL180W,162
YDL181W,5846
YDL182W,779
YDL183C,89
YDL184C,11326
YDL185W,1599
YDL187C,166
YDL188C,1918
YDL189W,153
YDL190C,671
YDL191W,91658
YDL192W,20535
YDL193W,874
YDL194W,134
YDL195W,2166
YDL196W,35
YDL197C,305
YDL198C,3630
YDL199C,58
YDL200C,332
YDL201W,876
YDL202W,678
YDL203C,224
YDL204W,804
YDL205C,1782
YDL206W,163
YDL207W,650
YDL208W,8423
YDL209C,208
YDL210W,0
YDL211C,156
YDL212W,12035
YDL213C,1605
YDL215C,160
YDL216C,129
YDL217C,340
YDL218W,0
YDL219W,2063
YDL220C,365
YDL221W,0
YDL222C,114
YDL223C,0
YDL224C,1680
YDL225W,436
YDL226C,825
YDL227C,253
YDL229W,32078
YDL230W,362
YDL231C,2150
YDL232W,2034
YDL233W,140
YDL234C,196
YDL235C,5260
YDL236W,1093
YDL237W,1052
YDL238C,195
YDL240W,164
YDL241W,186
YDL243C,197
YDR001C,1053
YDR002W,7389
YDR003W,1208
YDR003W-A,55
YDR004W,464
YDR005C,564
YDR006C,797
YDR007W,601
YDR008C,0
YDR009W,37
YDR011W,930
YDR012W,22424
YDR013W,562
YDR014W,300
YDR014W-A,0
YDR016C,667
YDR017C,252
YDR018C,72
YDR019C,1511
YDR020C,649
YDR021W,150
YDR022C,574
YDR023W,5165
YDR025W,33843
YDR026C,432
YDR027C,207
YDR028C,1390
YDR030C,146
YDR031W,1050
YDR032C,2931
YDR033W,24155
YDR034C,585
YDR034C-D,72
YDR034W-B,249
YDR035W,838
YDR036C,410
YDR037W,8455
YDR039C,105
YDR040C,47
YDR041W,1083
YDR042C,113
YDR043C,307
YDR044W,894
YDR045C,2126
YDR046C,2653
YDR047W,2494
YDR048C,0
YDR049W,210
YDR050C,74162
YDR051C,710
YDR052C,267
YDR054C,820
YDR055W,1762
YDR056C,2969
YDR057W,242
YDR058C,68
YDR059C,967
YDR060W,1893
YDR061W,606
YDR062W,2887
YDR063W,2017
YDR064W,104752
YDR065W,280
YDR066C,190
YDR067C,492
YDR068W,359
YDR069C,320
YDR070C,107
YDR071C,3299
YDR072C,727
YDR073W,1443
YDR074W,1462
YDR075W,250
YDR076W,179
YDR077W,46664
YDR078C,441
YDR079C-A,910
YDR079W,312
YDR080W,175
YDR081C,230
YDR082W,352
YDR083W,646
YDR084C,1481
YDR085C,606
YDR086C,11826
YDR087C,1039
YDR088C,109
YDR089W,408
YDR090C,724
YDR091C,2279
YDR092W,1212
YDR093W,1251
YDR096W,420
YDR097C,243
YDR098C,2304
YDR099W,2961
YDR100W,2162
YDR101C,3858
YDR103W,777
YDR104C,109
YDR105C,268
YDR106W,34
YDR107C,572
YDR108W,232
YDR109C,154
YDR110W,568
YDR111C,21
YDR113C,190
YDR114C,0
YDR115W,3847
YDR116C,1017
YDR117C,493
YDR118W,57
YDR119W,2556
YDR119W-A,611
YDR120C,570
YDR121W,126
YDR122W,933
YDR123C,495
YDR124W,326
YDR125C,128
YDR126W,183
YDR127W,1802
YDR128W,284
YDR129C,2715
YDR130C,447
YDR131C,412
YDR132C,377
YDR133C,43467
YDR135C,2480
YDR137W,430
YDR138W,441
YDR139C,1073
YDR140W,2888
YDR141C,856
YDR142C,596
YDR143C,540
YDR144C,1245
YDR145W,845
YDR146C,290
YDR147W,530
YDR148C,1076
YDR150W,676
YDR151C,783
YDR152W,1328
YDR153C,403
YDR154C,262
YDR155C,29373
YDR156W,10131
YDR158W,13094
YDR159W,402
YDR160W,299
YDR161W,707
YDR162C,272
YDR163W,267
YDR164C,381
YDR165W,1361
YDR166C,669
YDR167W,1582
YDR168W,1013
YDR169C,300
YDR170C,989
YDR171W,349
YDR172W,3867
YDR173C,54
YDR174W,7445
YDR175C,826
YDR176W,306
YDR177W,1610
YDR178W,2835
YDR179C,443
YDR179W-A,172
YDR180W,255
YDR181C,187
YDR182W,764
YDR183W,581
YDR184C,1996
YDR185C,320
YDR186C,441
YDR188W,3502
YDR189W,576
YDR190C,3243
YDR191W,76
YDR192C,115
YDR194C,1340
YDR195W,96
YDR196C,1671
YDR197W,301
YDR198C,262
YDR200C,300
YDR201W,634
YDR202C,306
YDR204W,581
YDR205W,816
YDR206W,906
YDR207C,176
YDR208W,1041
YDR210W,5511
YDR211W,1273
YDR212W,4150
YDR213W,59
YDR214W,4666
YDR216W,535
YDR217C,198
YDR219C,338
YDR221W,700
YDR222W,382
YDR223W,60
YDR224C,6601
YDR225W,32050
YDR226W,9532
YDR227W,117
YDR228C,897
YDR229W,137
YDR231C,688
YDR232W,3600
YDR233C,9532
YDR234W,1378
YDR235W,531
YDR236C,1547
YDR237W,716
YDR238C,1545
YDR239C,138
YDR240C,113
YDR242W,79
YDR243C,329
YDR244W,130
YDR245W,1895
YDR246W,642
YDR246W-A,21
YDR247W,422
YDR248C,378
YDR249C,1096
YDR250C,0
YDR251W,919
YDR252W,339
YDR253C,47
YDR254W,447
YDR255C,669
YDR257C,1297
YDR258C,402
YDR259C,252
YDR260C,1347
YDR261C,372
YDR262W,634
YDR263C,46
YDR264C,1566
YDR265W,245
YDR266C,528
YDR267C,699
YDR268W,489
YDR270W,327
YDR272W,1099
YDR275W,762
YDR276C,18215
YDR277C,223
YDR279W,339
YDR280W,862
YDR281C,220
YDR282C,348
YDR283C,254
YDR284C,1010
YDR285W,0
YDR286C,409
YDR287W,344
YDR288W,512
YDR289C,361
YDR291W,535
YDR292C,535
YDR293C,951
YDR294C,1876
YDR295C,102
YDR296W,1476
YDR297W,2721
YDR298C,5605
YDR299W,668
YDR300C,636
YDR301W,299
YDR302W,1654
YDR303C,522
YDR304C,3567
YDR305C,148
YDR306C,421
YDR307W,360
YDR308C,459
YDR309C,730
YDR310C,208
YDR311W,378
YDR312W,442
YDR313C,53
YDR314C,271
YDR315C,606
YDR316W,595
YDR316W-A,128
YDR317W,50
YDR318W,275
YDR319C,1211
YDR320C,400
YDR320C-A,750
YDR320W-B,223
YDR321W,1995
YDR322C-A,4229
YDR322W,755
YDR323C,138
YDR324C,670
YDR325W,433
YDR326C,568
YDR328C,2527
YDR329C,310
YDR330W,220
YDR331W,623
YDR332W,97
YDR333C,829
YDR334W,389
YDR335W,1191
YDR336W,225
YDR337W,1393
YDR338C,336
YDR339C,2911
YDR341C,3589
YDR342C,307
YDR344C,173
YDR345C,534
YDR346C,1560
YDR347W,1516
YDR348C,533
YDR349C,1883
YDR350C,961
YDR351W,613
YDR352W,1068
YDR353W,4201
YDR354W,2348
YDR356W,309
YDR357C,565
YDR358W,169
YDR359C,336
YDR361C,1039
YDR362C,222
YDR363W,309
YDR363W-A,3613
YDR364C,751
YDR365C,891
YDR367W,2243
YDR368W,1466
YDR369C,193
YDR370C,548
YDR371W,374
YDR372C,2180
YDR373W,2778
YDR374W-A,419
YDR375C,823
YDR376W,271
YDR377W,12462
YDR378C,2163
YDR379C-A,769
YDR379W,120
YDR380W,486
YDR381C-A,875
YDR381W,5644
YDR382W,36765
YDR383C,256
YDR384C,726
YDR385W,17189
YDR386W,45
YDR387C,252
YDR388W,1589
YDR389W,864
YDR390C,432
YDR391C,1724
YDR392W,246
YDR393W,473
YDR394W,1147
YDR395W,1210
YDR397C,2623
YDR398W,937
YDR399W,12499
YDR400W,1075
YDR404C,5243
YDR405W,300
YDR406W,0
YDR407C,880
YDR408C,3232
YDR409W,98
YDR410C,1285
YDR411C,632
YDR412W,1195
YDR414C,757
YDR415C,41
YDR416W,283
YDR418W,63784
YDR419W,175
YDR420W,476
YDR421W,159
YDR422C,978
YDR423C,341
YDR424C,654
YDR425W,183
YDR427W,1627
YDR428C,518
YDR429C,2453
YDR430C,677
YDR432W,1177
YDR434W,799
YDR435C,1038
YDR436W,212
YDR437W,540
YDR438W,99
YDR439W,321
YDR440W,330
YDR441C,2873
YDR443C,280
YDR444W,476
YDR445C,106
YDR446W,0
YDR447C,33235
YDR448W,272
YDR449C,1414
YDR450W,19409
YDR451C,609
YDR452W,1581
YDR453C,87
YDR454C,7398
YDR456W,2324
YDR457W,667
YDR458C,664
YDR459C,485
YDR460W,202
YDR461C-A,98
YDR461W,1523
YDR462W,1126
YDR463W,766
YDR464W,0
YDR465C,787
YDR466W,159
YDR468C,920
YDR469W,1184
YDR470C,573
YDR471W,42869
YDR472W,1594
YDR473C,181
YDR475C,164
YDR476C,1232
YDR477W,575
YDR478W,386
YDR479C,335
YDR480W,266
YDR481C,948
YDR482C,303
YDR483W,4221
YDR484W,304
YDR485C,275
YDR486C,880
YDR487C,6358
YDR488C,162
YDR489W,858
YDR490C,462
YDR492W,1754
YDR493W,1001
YDR494W,1114
YDR495C,65
YDR496C,579
YDR497C,15951
YDR498C,253
YDR499W,324
YDR500C,6783
YDR501W,21
YDR502C,1141
YDR503C,523
YDR505C,793
YDR506C,87
YDR507C,694
YDR508C,1650
YDR510C-A,0
YDR510W,4711
YDR511W,1159
YDR513W,2513
YDR514C,241
YDR515W,173
YDR516C,1493
YDR517W,2028
YDR518W,793
YDR519W,3377
YDR520C,67
YDR524C,1908
YDR524C-A,0
YDR524C-B,96825
YDR525W-A,6904
YDR527W,311
YDR528W,901
YDR529C,8486
YDR530C,427
YDR531W,875
YDR532C,581
YDR533C,294
YDR534C,0
YDR536W,48
YDR538W,1956
YDR539W,246
YDR540C,166
YDR541C,681
YEL001C,4287
YEL002C,3496
YEL003W,2456
YEL004W,723
YEL005C,400
YEL006W,637
YEL007W,1709
YEL008C-A,190
YEL009C,31106
YEL009C-A,26
YEL011W,602
YEL012W,323
YEL013W,1957
YEL015W,674
YEL016C,453
YEL017C-A,12750
YEL017W,771
YEL018W,351
YEL019C,50
YEL020C,73
YEL020C-B,473
YEL020W-A,3019
YEL021W,1658
YEL022W,509
YEL023C,115
YEL024W,7078
YEL025C,828
YEL026W,15840
YEL027W,59200
YEL028W,291
YEL029C,1883
YEL030W,30
YEL031W,3543
YEL032W,458
YEL033W,292
YEL034W,93519
YEL036C,650
YEL037C,1014
YEL038W,3845
YEL039C,701
YEL040W,4909
YEL041W,115
YEL042W,2755
YEL043W,319
YEL044W,781
YEL045C,33
YEL046C,3425
YEL047C,1452
YEL048C,1992
YEL049W,28
YEL050C,1537
YEL051W,3608
YEL052W,1192
YEL053C,1165
YEL054C,52767
YEL055C,1798
YEL056W,788
YEL057C,31
YEL058W,2388
YEL059C-A,1199
YEL059W,27
YEL060C,631
YEL061C,218
YEL062W,718
YEL063C,1834
YEL064C,213
YEL065W,728
YEL066W,1667
YEL068C,924
YEL070W,0
YEL071W,4327
YEL072W,481
YEL073C,501
YEL075C,263
YER001W,2792
YER002W,2097
YER003C,5960
YER004W,2420
YER005W,221
YER006C-A,0
YER006W,1061
YER007C-A,1875
YER007W,33
YER008C,819
YER009W,26345
YER010C,704
YER011W,0
YER012W,2005
YER013W,121
YER014W,156
YER015W,89
YER016W,728
YER017C,607
YER018C,378
YER019C-A,7006
YER019W,1226
YER020W,517
YER021W,646
YER022W,400
YER023C-A,14
YER023W,748
YER024W,0
YER025W,5616
YER026C,1795
YER027C,1183
YER028C,51
YER029C,485
YER030W,2198
YER031C,2095
YER032W,170
YER033C,157
YER034W,90
YER035W,1015
YER036C,5090
YER037W,600
YER038C,577
YER038W-A,38
YER039C-A,220
YER040W,658
YER041W,353
YER042W,1035
YER043C,17135
YER044C,4434
YER045C,358
YER046W,435
YER047C,128
YER048C,948
YER048W-A,4195
YER049W,968
YER050C,1479
YER051W,99
YER052C,3236
YER053C,1351
YER053C-A,9379
YER054C,32
YER055C,19742
YER056C,9850
YER056C-A,32985
YER057C,8498
YER058W,494
YER059W,375
YER060W,264
YER061C,403
YER062C,847
YER063W,823
YER064C,288
YER065C,105
YER066W,451
YER067W,1000
YER068W,823
YER069W,726
YER070W,2075
YER071C,958
YER072W,7252
YER073W,2627
YER074W,30956
YER074W-A,1968
YER075C,151
YER076C,316
YER078C,357
YER079W,138
YER080W,541
YER081W,2077
YER082C,395
YER083C,2254
YER084W-A,34
YER086W,2223
YER087C-A,0
YER087C-B,3113
YER087W,144
YER088C,981
YER089C,1778
YER090W,1683
YER091C,14145
YER092W,1706
YER093C,215
YER093C-A,588
YER094C,4419
YER095W,2002
YER096W,103
YER098W,30
YER099C,954
YER100W,272
YER101C,143
YER102W,120798
YER103W,155
YER104W,295
YER105C,590
YER107C,1056
YER110C,2889
YER111C,68
YER112W,1089
YER113C,714
YER114C,904
YER115C,633
YER116C,541
YER117W,56608
YER118C,495
YER119C,252
YER120W,11076
YER121W,67
YER122C,2553
YER123W,1018
YER124C,5021
YER125W,2405
YER126C,1213
YER127W,553
YER128W,364
YER129W,384
YER130C,1300
YER131W,38808
YER132C,440
YER133W,2421
YER134C,934
YER136W,1178
YER137C,444
YER138W-A,0
YER139C,569
YER140W,400
YER141W,2206
YER142C,321
YER143W,301
YER144C,705
YER145C,1294
YER146W,2022
YER147C,207
YER148W,2754
YER149C,282
YER150W,799
YER151C,388
YER152C,672
YER153C,136
YER154W,631
YER155C,1021
YER156C,3450
YER157W,189
YER158C,207
YER159C,1071
YER160C,181
YER161C,487
YER162C,57
YER163C,1037
YER164W,529
YER165W,10330
YER166W,1029
YER167W,470
YER168C,456
YER169W,178
YER170W,311
YER171W,322
YER172C,454
YER173W,292
YER174C,978
YER175C,280
YER175W-A,36
YER176W,336
YER177W,10066
YER178W,2394
YER179W,0
YER180C-A,829
YER181C,169
YER182W,724
YER183C,534
YER184C,278
YER185W,0
YER186C,522
YER187W,20
YER188C-A,0
YER188W,61
YFL001W,582
YFL002C,391
YFL002W-A,322
YFL004W,670
YFL005W,3865
YFL007W,867
YFL008W,219
YFL009W,529
YFL010C,4351
YFL011W,135
YFL012W,56
YFL013C,168
YFL014W,3975
YFL016C,518
YFL017C,1143
YFL017W-A,508
YFL018C,619
YFL020C,0
YFL021W,2024
YFL022C,300
YFL023W,229
YFL024C,32
YFL025C,551
YFL026W,6505
YFL027C,191
YFL028C,1608
YFL029C,214
YFL030W,54
YFL031C-A,0
YFL031W,42622
YFL032W,0
YFL033C,259
YFL034C-A,13164
YFL034C-B,173
YFL034W,235
YFL036W,924
YFL037W,3763
YFL038C,2795
YFL039C,15441
YFL041W,891
YFL041W-A,208
YFL042C,156
YFL044C,1667
YFL045C,16803
YFL046W,709
YFL047W,908
YFL048C,348
YFL049W,295
YFL050C,351
YFL052W,91
YFL053W,0
YFL054C,100
YFL055W,17
YFL059W,0
YFL060C,0
YFL061W,0
YFL062W,0
YFL064C,186
YFR001W,2727
YFR002W,1062
YFR003C,743
YFR004W,2285
YFR005C,675
YFR006W,139
YFR007W,473
YFR008W,324
YFR009W,1134
YFR010W,917
YFR011C,1684
YFR013W,254
YFR014C,216
YFR015C,308
YFR016C,212
YFR017C,425
YFR018C,975
YFR019W,186
YFR020W,665
YFR021W,773
YFR022W,642
YFR024C-A,277
YFR025C,152
YFR026C,20
YFR027W,104
YFR028C,291
YFR029W,174
YFR030W,706
YFR031C,197
YFR031C-A,23437
YFR032C-A,11251
YFR033C,2883
YFR034C,999
YFR034W-A,48
YFR035C,0
YFR036W,434
YFR036W-A,0
YFR037C,1014
YFR038W,486
YFR039C,361
YFR040W,239
YFR041C,441
YFR042W,1830
YFR043C,90
YFR044C,3513
YFR045W,662
YFR046C,181
YFR047C,629
YFR048W,427
YFR049W,1014
YFR050C,2792
YFR051C,1732
YFR052W,4015
YFR053C,5493
YFR055W,2705
YGL001C,1636
YGL002W,2596
YGL003C,416
YGL004C,351
YGL005C,442
YGL006W,312
YGL007C-A,264
YGL008C,28568
YGL009C,4202
YGL010W,700
YGL011C,3417
YGL012W,3821
YGL013C,304
YGL014W,1173
YGL016W,816
YGL017W,334
YGL018C,319
YGL019W,3175
YGL020C,1705
YGL021W,339
YGL022W,314
YGL023C,672
YGL025C,247
YGL026C,2334
YGL027C,1374
YGL028C,3295
YGL029W,945
YGL030W,6502
YGL031C,21080
YGL032C,2031
YGL035C,350
YGL036W,155
YGL037C,3217
YGL038C,537
YGL039W,413
YGL040C,1271
YGL041C,0
YGL041C-B,0
YGL041W-A,475
YGL043W,1956
YGL044C,348
YGL045W,25
YGL047W,501
YGL048C,2931
YGL049C,310
YGL050W,1275
YGL051W,22
YGL053W,257
YGL054C,7817
YGL055W,8812
YGL056C,591
YGL057C,489
YGL058W,2166
YGL059W,423
YGL060W,295
YGL061C,333
YGL062W,579
YGL063C-A,0
YGL063W,387
YGL064C,42
YGL065C,617
YGL066W,252
YGL067W,1330
YGL068W,3181
YGL069C,0
YGL070C,1972
YGL071W,588
YGL073W,249
YGL075C,143
YGL076C,24276
YGL077C,2639
YGL078C,864
YGL079W,1201
YGL080W,1436
YGL081W,0
YGL082W,335
YGL083W,230
YGL084C,479
YGL085W,267
YGL087C,2855
YGL088W,0
YGL089C,32
YGL090W,481
YGL091C,645
YGL092W,711
YGL093W,270
YGL094C,369
YGL095C,952
YGL097W,457
YGL098W,2533
YGL099W,401
YGL100W,1397
YGL101W,1307
YGL103W,61133
YGL104C,251
YGL105W,7430
YGL106W,2268
YGL107C,932
YGL108C,204
YGL110C,137
YGL111W,887
YGL112C,711
YGL113W,164
YGL114W,585
YGL115W,1429
YGL116W,137
YGL117W,1067
YGL118C,19
YGL119W,408
YGL120C,2126
YGL121C,528
YGL122C,1586
YGL123W,100993
YGL124C,110
YGL125W,2337
YGL126W,1653
YGL127C,1315
YGL128C,210
YGL129C,569
YGL130W,684
YGL131C,167
YGL133W,152
YGL134W,266
YGL135W,61062
YGL136C,692
YGL137W,1851
YGL139W,398
YGL140C,1169
YGL141W,289
YGL142C,829
YGL143C,277
YGL144C,221
YGL145W,517
YGL146C,113
YGL147C,78845
YGL148W,4118
YGL150C,787
YGL151W,235
YGL153W,410
YGL154C,790
YGL155W,686
YGL156W,197
YGL157W,2432
YGL159W,386
YGL160W,490
YGL161C,2652
YGL162W,371
YGL163C,39
YGL164C,291
YGL165C,0
YGL166W,657
YGL167C,2144
YGL169W,292
YGL170C,0
YGL171W,296
YGL172W,927
YGL173C,40
YGL174W,150
YGL175C,325
YGL176C,157
YGL178W,223
YGL179C,544
YGL180W,178
YGL181W,984
YGL183C,0
YGL184C,155
YGL185C,265
YGL186C,858
YGL187C,5507
YGL189C,100663
YGL190C,1275
YGL191W,4396
YGL194C,755
YGL194C-A,1235
YGL195W,3542
YGL196W,429
YGL197W,407
YGL198W,984
YGL199C,0
YGL200C,9469
YGL201C,513
YGL202W,3567
YGL203C,357
YGL204C,219
YGL205W,0
YGL206C,2232
YGL207W,1846
YGL208W,135
YGL209W,682
YGL210W,842
YGL211W,434
YGL212W,248
YGL213C,1517
YGL215W,1384
YGL216W,358
YGL219C,464
YGL220W,0
YGL221C,3379
YGL222C,768
YGL223C,299
YGL224C,756
YGL225W,7415
YGL226C-A,1296
YGL226W,805
YGL227W,188
YGL228W,1101
YGL229C,91
YGL231C,2384
YGL232W,1017
YGL233W,667
YGL234W,3978
YGL236C,245
YGL237C,42
YGL238W,1637
YGL240W,392
YGL241W,190
YGL242C,1074
YGL243W,378
YGL244W,928
YGL245W,3238
YGL246C,740
YGL247W,620
YGL248W,568
YGL250W,223
YGL252C,852
YGL253W,41819
YGL254W,349
YGL255W,953
YGL256W,3535
YGL257C,556
YGL258W,75
YGR001C,2138
YGR002C,354
YGR003W,409
YGR004W,158
YGR005C,685
YGR006W,277
YGR007W,1480
YGR008C,2453
YGR009C,309
YGR010W,375
YGR012W,367
YGR013W,160
YGR014W,548
YGR015C,314
YGR016W,104
YGR017W,1326
YGR018C,25
YGR019W,208
YGR020C,4243
YGR021W,289
YGR023W,803
YGR024C,4086
YGR026W,2441
YGR027C,69354
YGR027W-A,320
YGR028W,372
YGR029W,966
YGR030C,535
YGR031W,476
YGR032W,646
YGR033C,2274
YGR034W,20512
YGR035C,19
YGR035W-A,21
YGR036C,625
YGR037C,3459
YGR038W,3067
YGR039W,100
YGR040W,325
YGR041W,826
YGR042W,832
YGR043C,104
YGR044C,2437
YGR045C,0
YGR046W,342
YGR047C,472
YGR048W,367
YGR049W,991
YGR050C,205
YGR052W,24
YGR053C,39
YGR054W,4718
YGR055W,1063
YGR056W,420
YGR057C,318
YGR058W,178
YGR060W,12767
YGR061C,3964
YGR062C,690
YGR063C,4493
YGR065C,1031
YGR066C,0
YGR068C,353
YGR070W,289
YGR071C,384
YGR072W,421
YGR074W,3245
YGR075C,204
YGR076C,919
YGR077C,1012
YGR078C,1375
YGR080W,792
YGR081C,2090
YGR082W,3118
YGR083C,508
YGR085C,22436
YGR086C,3111
YGR087C,0
YGR088W,223
YGR089W,209
YGR090W,851
YGR091W,165
YGR092W,475
YGR093W,265
YGR095C,942
YGR096W,461
YGR097W,1152
YGR098C,270
YGR099W,322
YGR100W,363
YGR101W,1037
YGR102C,305
YGR103W,935
YGR104C,342
YGR105W,3211
YGR106C,7762
YGR107W,185
YGR108W,2204
YGR109C,63
YGR110W,340
YGR111W,776
YGR112W,347
YGR113W,555
YGR116W,117
YGR117C,1412
YGR118W,21390
YGR119C,1096
YGR120C,556
YGR121C,195
YGR122W,37
YGR123C,1624
YGR124W,2452
YGR125W,540
YGR126W,343
YGR127W,21
YGR128C,1390
YGR129W,234
YGR130C,609
YGR131W,569
YGR132C,3111
YGR133W,644
YGR134W,173
YGR135W,1967
YGR136W,1248
YGR137W,67
YGR138C,184
YGR140W,261
YGR141W,411
YGR142W,370
YGR143W,500
YGR144W,21
YGR145W,388
YGR146C,1890
YGR146C-A,0
YGR147C,922
YGR148C,24725
YGR149W,305
YGR150C,244
YGR152C,547
YGR153W,90
YGR154C,250
YGR155W,6239
YGR156W,89
YGR157W,3798
YGR158C,596
YGR159C,6085
YGR161C,638
YGR161W-A,0
YGR161W-C,1338
YGR162W,3868
YGR163W,633
YGR164W,0
YGR165W,1107
YGR166W,322
YGR167W,1707
YGR168C,361
YGR169C,240
YGR169C-A,1504
YGR170W,248
YGR171C,272
YGR172C,2312
YGR173W,1813
YGR174C,435
YGR174W-A,0
YGR175C,2936
YGR176W,0
YGR177C,372
YGR178C,625
YGR179C,201
YGR180C,5674
YGR181W,2770
YGR183C,8770
YGR184C,800
YGR185C,3106
YGR186W,541
YGR187C,146
YGR188C,159
YGR189C,5881
YGR191W,5520
YGR192C,208407
YGR193C,830
YGR194C,390
YGR195W,1198
YGR196C,144
YGR197C,332
YGR198W,1008
YGR199W,303
YGR200C,393
YGR201C,856
YGR202C,504
YGR203W,931
YGR204W,3387
YGR205W,494
YGR206W,860
YGR207C,1671
YGR208W,787
YGR209C,2220
YGR210C,2267
YGR211W,1498
YGR212W,0
YGR213C,65
YGR214W,38303
YGR215W,2474
YGR216C,1738
YGR217W,108
YGR218W,865
YGR220C,713
YGR221C,107
YGR222W,936
YGR223C,385
YGR224W,0
YGR227W,1831
YGR229C,1510
YGR230W,514
YGR231C,1138
YGR232W,1710
YGR233C,503
YGR234W,14618
YGR235C,731
YGR237C,211
YGR238C,65
YGR239C,171
YGR240C,7267
YGR241C,616
YGR243W,291
YGR244C,654
YGR245C,332
YGR246C,197
YGR247W,457
YGR248W,89
YGR249W,21
YGR250C,479
YGR251W,1158
YGR252W,336
YGR253C,1347
YGR254W,5133
YGR255C,528
YGR256W,16
YGR257C,622
YGR258C,160
YGR259C,67
YGR260W,806
YGR261C,693
YGR262C,878
YGR263C,425
YGR264C,3893
YGR266W,374
YGR267C,2106
YGR268C,940
YGR269W,21
YGR270W,1199
YGR271C-A,814
YGR271W,503
YGR274C,252
YGR275W,1602
YGR276C,398
YGR277C,1304
YGR278W,82
YGR279C,8846
YGR280C,382
YGR281W,358
YGR282C,23380
YGR283C,918
YGR284C,2701
YGR285C,3368
YGR286C,599
YGR287C,100
YGR288W,134
YGR289C,440
YGR292W,0
YGR295C,2431
YHL001W,14441
YHL002C-A,50
YHL002W,1175
YHL003C,1210
YHL004W,1319
YHL006C,139
YHL006W-A,0
YHL007C,666
YHL009C,88
YHL010C,165
YHL011C,1929
YHL013C,356
YHL014C,269
YHL015W,48533
YHL016C,103
YHL017W,652
YHL018W,250
YHL019C,115
YHL020C,208
YHL021C,1269
YHL023C,226
YHL024W,30
YHL025W,534
YHL026C,272
YHL027W,544
YHL028W,87
YHL029C,1053
YHL030W,437
YHL031C,657
YHL032C,652
YHL033C,1886
YHL034C,4133
YHL035C,449
YHL036W,266
YHL037C,27
YHL038C,386
YHL039W,1663
YHL040C,1039
YHL044W,210
YHL047C,439
YHL048W,619
YHL049C,0
YHR001W,329
YHR001W-A,3683
YHR002W,162
YHR003C,623
YHR004C,405
YHR005C,906
YHR005C-A,6617
YHR006W,370
YHR007C,5411
YHR008C,1629
YHR009C,405
YHR010W,67786
YHR011W,133
YHR012W,1591
YHR013C,1392
YHR015W,0
YHR016C,112
YHR017W,799
YHR018C,3076
YHR019C,6114
YHR020W,3792
YHR021C,12622
YHR022C,111
YHR023W,422
YHR024C,2043
YHR025W,4772
YHR026W,1091
YHR027C,1560
YHR028C,929
YHR029C,503
YHR030C,1398
YHR031C,262
YHR032W,1609
YHR033W,420
YHR034C,160
YHR035W,115
YHR036W,237
YHR037W,849
YHR038W,547
YHR039C,2083
YHR039C-A,13700
YHR040W,545
YHR041C,1587
YHR042W,1724
YHR043C,548
YHR044C,322
YHR045W,771
YHR046C,468
YHR047C,2886
YHR048W,291
YHR049W,11342
YHR050W,508
YHR051W,8081
YHR052W,1606
YHR052W-A,0
YHR053C,0
YHR055C,91
YHR056C,708
YHR056W-A,0
YHR057C,848
YHR058C,416
YHR059W,937
YHR060W,1285
YHR061C,516
YHR062C,535
YHR063C,912
YHR064C,7322
YHR065C,509
YHR066W,513
YHR067W,580
YHR068W,376
YHR069C,1895
YHR069C-A,25
YHR070W,846
YHR071C-A,64
YHR071W,905
YHR072W,1124
YHR072W-A,2445
YHR073W,1252
YHR074W,1287
YHR075C,286
YHR076W,292
YHR077C,302
YHR078W,1216
YHR079C,252
YHR080C,361
YHR081W,971
YHR082C,867
YHR083W,1329
YHR084W,393
YHR085W,898
YHR086W,2038
YHR087W,1258
YHR088W,816
YHR089C,6499
YHR090C,351
YHR091C,197
YHR092C,297
YHR094C,1560
YHR096C,0
YHR097C,79
YHR098C,2390
YHR099W,691
YHR100C,732
YHR101C,516
YHR102W,191
YHR103W,1027
YHR104W,4164
YHR105W,161
YHR106W,129
YHR107C,573
YHR108W,947
YHR109W,201
YHR110W,653
YHR111W,298
YHR112C,349
YHR113W,1392
YHR114W,516
YHR115C,1050
YHR117W,567
YHR118C,264
YHR119W,745
YHR120W,154
YHR121W,2605
YHR122W,1110
YHR123W,1778
YHR127W,617
YHR128W,12659
YHR129C,232
YHR131C,348
YHR132C,954
YHR132W-A,964
YHR133C,4002
YHR134W,694
YHR135C,641
YHR136C,0
YHR137W,1487
YHR138C,648
YHR139C,0
YHR140W,0
YHR141C,41132
YHR142W,884
YHR143W,5575
YHR143W-A,7254
YHR144C,976
YHR145C,24
YHR146W,218
YHR147C,1106
YHR148W,733
YHR149C,344
YHR150W,162
YHR151C,1007
YHR152W,757
YHR153C,270
YHR154W,353
YHR155W,667
YHR156C,113
YHR157W,107
YHR158C,458
YHR159W,183
YHR161C,542
YHR162W,8815
YHR163W,7065
YHR164C,81
YHR165C,590
YHR166C,204
YHR167W,309
YHR168W,154
YHR169W,574
YHR170W,2738
YHR171W,80
YHR172W,379
YHR174W,75398
YHR175W,19
YHR177W,110
YHR178W,95
YHR179W,2790
YHR180W,31
YHR180W-A,0
YHR181W,2797
YHR182W,127
YHR183W,2090
YHR186C,382
YHR187W,541
YHR188C,2200
YHR189W,599
YHR190W,6713
YHR191C,505
YHR192W,711
YHR193C,14576
YHR193C-A,0
YHR194W,276
YHR195W,637
YHR196W,1908
YHR197W,583
YHR198C,1062
YHR199C,1507
YHR199C-A,658
YHR200W,1692
YHR201C,509
YHR202W,165
YHR203C,47992
YHR204W,1233
YHR205W,1714
YHR206W,1038
YHR207C,211
YHR208W,5949
YHR209W,291
YHR210C,306
YHR211W,0
YHR214C-C,1519
YHR216W,387
YIL001W,104
YIL002C,194
YIL002W-A,2045
YIL003W,359
YIL004C,1271
YIL005W,712
YIL006W,332
YIL007C,685
YIL008W,1258
YIL009C-A,1170
YIL009W,834
YIL010W,737
YIL011W,122
YIL013C,0
YIL014C-A,98
YIL014W,707
YIL015W,1068
YIL016W,1218
YIL017C,274
YIL018W,38609
YIL019W,257
YIL020C,564
YIL021W,1089
YIL022W,1249
YIL023C,1455
YIL024C,29
YIL026C,262
YIL027C,2329
YIL028W,181
YIL029C,229
YIL030C,810
YIL031W,416
YIL033C,1554
YIL034C,1521
YIL035C,1347
YIL036W,337
YIL038C,858
YIL039W,1694
YIL040W,7281
YIL041W,2025
YIL042C,296
YIL043C,3920
YIL044C,963
YIL045W,27
YIL046W,392
YIL046W-A,101
YIL047C,2849
YIL048W,623
YIL049W,493
YIL050W,668
YIL051C,18685
YIL052C,53627
YIL053W,13776
YIL055C,107
YIL056W,640
YIL057C,0
YIL059C,841
YIL060W,0
YIL061C,344
YIL062C,5009
YIL063C,272
YIL065C,594
YIL066C,0
YIL067C,124
YIL068C,376
YIL069C,63952
YIL070C,895
YIL071C,144
YIL074C,545
YIL075C,2062
YIL076W,4026
YIL077C,707
YIL078W,3325
YIL079C,1046
YIL082W,177
YIL083C,429
YIL084C,687
YIL085C,561
YIL087C,985
YIL088C,912
YIL089W,70
YIL090W,5176
YIL091C,1410
YIL092W,77
YIL093C,447
YIL094C,2922
YIL095W,151
YIL096C,200
YIL097W,387
YIL098C,1820
YIL099W,23
YIL100W,0
YIL101C,48
YIL102C-A,1795
YIL103W,531
YIL104C,276
YIL105C,347
YIL106W,512
YIL107C,84
YIL108W,1187
YIL109C,2523
YIL110W,705
YIL111W,140
YIL112W,240
YIL113W,61
YIL114C,1354
YIL115C,538
YIL116W,1606
YIL117C,1353
YIL118W,1009
YIL119C,120
YIL121W,177
YIL122W,186
YIL123W,2185
YIL124W,1300
YIL125W,2439
YIL126W,522
YIL127C,1503
YIL128W,909
YIL129C,973
YIL130W,363
YIL131C,672
YIL132C,135
YIL133C,108661
YIL134C-A,38
YIL134W,1082
YIL135C,690
YIL136W,352
YIL137C,1344
YIL138C,1495
YIL139C,433
YIL140W,577
YIL142W,2621
YIL143C,274
YIL144W,91
YIL145C,4268
YIL146C,104
YIL147C,235
YIL148W,121326
YIL149C,267
YIL150C,93
YIL151C,212
YIL152W,371
YIL153W,316
YIL154C,370
YIL155C,166
YIL156W,361
YIL156W-B,305
YIL157C,2008
YIL158W,1285
YIL159W,65
YIL160C,0
YIL161W,572
YIL163C,0
YIL164C,886
YIL166C,79
YIR001C,939
YIR002C,333
YIR003W,258
YIR004W,911
YIR005W,243
YIR006C,2532
YIR007W,133
YIR008C,345
YIR009W,609
YIR010W,204
YIR011C,467
YIR012W,1197
YIR014W,98
YIR015W,243
YIR016W,80
YIR017C,333
YIR018C-A,1365
YIR018W,186
YIR020C-B,0
YIR021W,1346
YIR022W,2749
YIR023W,292
YIR024C,462
YIR025W,156
YIR026C,830
YIR027C,0
YIR028W,0
YIR029W,140
YIR030C,53
YIR030W-A,119
YIR031C,436
YIR032C,396
YIR033W,567
YIR034C,658
YIR035C,1444
YIR036C,1034
YIR037W,2125
YIR038C,2719
YIR039C,292
YIR042C,547
YJL001W,5828
YJL002C,5700
YJL003W,344
YJL004C,1881
YJL005W,816
YJL006C,182
YJL008C,2079
YJL010C,644
YJL011C,720
YJL012C,1817
YJL013C,399
YJL014W,1565
YJL016W,484
YJL019W,371
YJL020C,810
YJL023C,243
YJL024C,623
YJL025W,510
YJL026W,6783
YJL027C,0
YJL029C,192
YJL030W,699
YJL031C,433
YJL033W,960
YJL034W,18807
YJL035C,323
YJL036W,467
YJL038C,0
YJL039C,743
YJL041W,820
YJL042W,565
YJL044C,427
YJL046W,748
YJL047C,101
YJL047C-A,321
YJL048C,805
YJL049W,261
YJL050W,579
YJL051W,140
YJL052W,497
YJL053W,410
YJL054W,1118
YJL055W,1662
YJL056C,422
YJL057C,194
YJL058C,203
YJL059W,274
YJL060W,1718
YJL061W,948
YJL062W,254
YJL062W-A,2573
YJL063C,1581
YJL065C,1914
YJL066C,739
YJL068C,1031
YJL069C,1062
YJL070C,203
YJL071W,509
YJL072C,992
YJL073W,498
YJL074C,433
YJL076W,740
YJL077W-A,0
YJL077W-B,86
YJL078C,2150
YJL079C,754
YJL080C,2768
YJL081C,997
YJL082W,571
YJL083W,272
YJL084C,223
YJL085W,422
YJL087C,368
YJL088W,180
YJL089W,0
YJL090C,290
YJL091C,867
YJL092W,700
YJL093C,1266
YJL094C,668
YJL095W,55
YJL096W,2200
YJL097W,1366
YJL098W,478
YJL099W,159
YJL100W,372
YJL101C,886
YJL102W,399
YJL103C,284
YJL104W,3197
YJL106W,124
YJL107C,420
YJL109C,1455
YJL110C,918
YJL111W,2659
YJL112W,249
YJL113W,0
YJL115W,239
YJL116C,107
YJL117W,998
YJL118W,819
YJL119C,157
YJL121C,3827
YJL122W,953
YJL123C,816
YJL124C,2401
YJL125C,878
YJL126W,198
YJL127C,386
YJL127C-B,2256
YJL128C,594
YJL129C,1003
YJL130C,2254
YJL131C,118
YJL132W,124
YJL133C-A,490
YJL133W,799
YJL134W,700
YJL135W,0
YJL136C,40689
YJL137C,333
YJL138C,21414
YJL139C,382
YJL140W,2575
YJL141C,555
YJL143W,9480
YJL144W,107
YJL145W,491
YJL146W,295
YJL147C,171
YJL148W,4419
YJL149W,213
YJL150W,37
YJL151C,2671
YJL152W,0
YJL153C,84
YJL154C,1930
YJL155C,158
YJL156C,195
YJL157C,681
YJL158C,23186
YJL159W,45222
YJL160C,137
YJL161W,80
YJL162C,328
YJL163C,142
YJL164C,875
YJL165C,426
YJL166W,15825
YJL167W,3036
YJL168C,560
YJL169W,92
YJL170C,84
YJL171C,3777
YJL172W,3623
YJL173C,2197
YJL174W,3364
YJL176C,436
YJL177W,27836
YJL178C,3351
YJL179W,2606
YJL180C,581
YJL181W,85
YJL183W,1500
YJL184W,778
YJL185C,251
YJL186W,1544
YJL187C,327
YJL189W,15245
YJL190C,50079
YJL191W,44352
YJL192C,4142
YJL193W,1076
YJL194W,845
YJL195C,0
YJL196C,4470
YJL197W,535
YJL198W,1427
YJL199C,686
YJL200C,421
YJL201W,398
YJL203W,323
YJL204C,363
YJL205C,188
YJL206C,186
YJL207C,861
YJL208C,351
YJL209W,602
YJL210W,1271
YJL211C,0
YJL212C,1460
YJL213W,186
YJL217W,1913
YJL218W,59
YJR001W,2939
YJR002W,2061
YJR003C,592
YJR004C,622
YJR005C-A,0
YJR005W,482
YJR006W,1357
YJR007W,4170
YJR008W,227
YJR009C,18468
YJR010C-A,1597
YJR010W,543
YJR011C,180
YJR013W,651
YJR014W,2757
YJR015W,3413
YJR016C,28637
YJR017C,396
YJR018W,30
YJR019C,381
YJR020W,31
YJR021C,505
YJR022W,467
YJR023C,0
YJR024C,3927
YJR025C,1464
YJR026W,48
YJR030C,47
YJR031C,301
YJR032W,399
YJR033C,346
YJR034W,1251
YJR035W,187
YJR036C,23
YJR039W,241
YJR040W,495
YJR041C,906
YJR042W,1028
YJR043C,456
YJR044C,1938
YJR045C,15396
YJR046W,213
YJR047C,25
YJR048W,3026
YJR049C,300
YJR050W,410
YJR051W,777
YJR052W,90
YJR053W,254
YJR054W,479
YJR055W,204
YJR056C,671
YJR057W,819
YJR058C,3613
YJR059W,441
YJR060W,355
YJR061W,19
YJR062C,620
YJR063W,2930
YJR064W,1801
YJR065C,2202
YJR066W,348
YJR067C,538
YJR068W,648
YJR069C,2404
YJR070C,2542
YJR072C,528
YJR073C,10033
YJR074W,0
YJR075W,2098
YJR076C,1093
YJR077C,14477
YJR078W,0
YJR079W,22
YJR080C,266
YJR082C,1936
YJR083C,184
YJR084W,300
YJR085C,7019
YJR086W,713
YJR088C,1667
YJR089W,198
YJR090C,390
YJR091C,1496
YJR092W,161
YJR093C,330
YJR094C,36
YJR094W-A,30907
YJR096W,558
YJR097W,467
YJR098C,151
YJR099W,511
YJR100C,487
YJR101W,1468
YJR102C,279
YJR103W,291
YJR104C,13066
YJR105W,6620
YJR106W,258
YJR109C,1906
YJR110W,49
YJR111C,381
YJR112W,311
YJR112W-A,1848
YJR113C,1194
YJR115W,68
YJR116W,204
YJR117W,4009
YJR118C,1826
YJR119C,54
YJR121W,9665
YJR122W,550
YJR123W,144536
YJR124C,529
YJR125C,1228
YJR126C,990
YJR127C,36
YJR128W,0
YJR129C,202
YJR130C,681
YJR131W,497
YJR132W,363
YJR133W,901
YJR134C,221
YJR135C,364
YJR135W-A,452
YJR136C,267
YJR137C,1143
YJR138W,84
YJR139C,9387
YJR140C,152
YJR141W,479
YJR142W,621
YJR143C,1289
YJR144W,2402
YJR145C,18674
YJR146W,0
YJR147W,756
YJR148W,2519
YJR149W,74
YJR150C,0
YJR152W,190
YJR153W,0
YJR154W,255
YJR155W,31
YKL001C,849
YKL002W,1092
YKL003C,1947
YKL004W,1900
YKL005C,523
YKL006C-A,605
YKL006W,58411
YKL007W,2695
YKL008C,1669
YKL009W,6640
YKL010C,938
YKL011C,260
YKL012W,337
YKL013C,10718
YKL014C,837
YKL015W,710
YKL016C,5443
YKL017C,325
YKL018C-A,555
YKL018W,754
YKL019W,928
YKL020C,511
YKL023W,349
YKL024C,2879
YKL025C,409
YKL026C,378
YKL027W,417
YKL028W,437
YKL029C,5328
YKL031W,63
YKL032C,265
YKL033W,289
YKL033W-A,1561
YKL034W,331
YKL035W,5413
YKL038W,337
YKL039W,3229
YKL040C,1566
YKL041W,148
YKL042W,239
YKL043W,574
YKL044W,36
YKL045W,277
YKL046C,639
YKL047W,146
YKL048C,199
YKL049C,458
YKL051W,1156
YKL052C,315
YKL053C-A,1058
YKL053W,24
YKL054C,1000
YKL055C,339
YKL056C,59861
YKL057C,2113
YKL058W,3201
YKL059C,199
YKL060C,56113
YKL061W,943
YKL062W,846
YKL063C,1125
YKL064W,999
YKL065C,4243
YKL065W-A,57
YKL066W,0
YKL067W,3197
YKL068W,543
YKL068W-A,1941
YKL069W,904
YKL071W,25
YKL072W,285
YKL073W,987
YKL074C,461
YKL075C,106
YKL076C,20
YKL077W,1460
YKL078W,334
YKL079W,285
YKL080W,4599
YKL081W,31880
YKL082C,541
YKL084W,736
YKL085W,2259
YKL086W,0
YKL087C,1124
YKL088W,119
YKL089W,69
YKL090W,214
YKL091C,504
YKL092C,182
YKL093W,33
YKL094W,708
YKL095W,199
YKL096C-B,48
YKL096W,10652
YKL096W-A,38310
YKL098W,953
YKL099C,809
YKL100C,2007
YKL101W,616
YKL103C,642
YKL104C,2417
YKL105C,111
YKL106C-A,23
YKL106W,1486
YKL107W,0
YKL108W,207
YKL109W,1711
YKL110C,999
YKL111C,0
YKL112W,319
YKL113C,1180
YKL114C,305
YKL115C,0
YKL116C,910
YKL117W,2775
YKL119C,1230
YKL120W,3341
YKL121W,346
YKL122C,1964
YKL124W,120
YKL125W,404
YKL126W,1537
YKL127W,1287
YKL128C,2279
YKL129C,202
YKL130C,812
YKL131W,0
YKL132C,126
YKL133C,73
YKL134C,421
YKL135C,304
YKL136W,27
YKL137W,1539
YKL138C,1787
YKL138C-A,1073
YKL139W,154
YKL140W,228
YKL141W,1337
YKL142W,1635
YKL143W,1304
YKL144C,528
YKL145W,2031
YKL146W,1075
YKL148C,990
YKL149C,518
YKL150W,31
YKL151C,299
YKL152C,21428
YKL153W,19
YKL154W,1665
YKL155C,302
YKL156W,34795
YKL157W,566
YKL159C,249
YKL160W,4517
YKL161C,719
YKL162C,0
YKL162C-A,74
YKL163W,2267
YKL164C,10542
YKL165C,805
YKL165C-A,0
YKL166C,451
YKL167C,2184
YKL168C,265
YKL170W,1804
YKL171W,166
YKL172W,1326
YKL173W,303
YKL174C,598
YKL175W,1922
YKL176C,4510
YKL178C,0
YKL179C,360
YKL180W,71707
YKL181W,3473
YKL182W,16553
YKL183C-A,0
YKL183W,290
YKL184W,2967
YKL185W,694
YKL186C,459
YKL187C,0
YKL189W,237
YKL190W,1212
YKL191W,1574
YKL192C,5872
YKL193C,495
YKL194C,380
YKL195W,1070
YKL196C,3926
YKL197C,253
YKL198C,211
YKL201C,0
YKL203C,279
YKL204W,235
YKL205W,880
YKL206C,507
YKL207W,1061
YKL208W,276
YKL209C,1361
YKL210W,1325
YKL211C,1473
YKL212W,2072
YKL213C,820
YKL214C,1076
YKL215C,744
YKL216W,2351
YKL217W,0
YKL218C,337
YKL219W,472
YKL220C,115
YKL221W,251
YKL222C,394
YKR001C,2380
YKR002W,390
YKR003W,1119
YKR004C,228
YKR006C,2242
YKR007W,885
YKR008W,462
YKR010C,84
YKR011C,387
YKR012C,0
YKR013W,6180
YKR014C,2372
YKR015C,0
YKR016W,587
YKR017C,45
YKR018C,1347
YKR019C,58
YKR020W,499
YKR021W,338
YKR022C,723
YKR023W,286
YKR024C,259
YKR025W,754
YKR026C,857
YKR027W,279
YKR028W,1182
YKR029C,144
YKR030W,1560
YKR031C,194
YKR033C,0
YKR034W,29
YKR035W-A,1720
YKR036C,340
YKR037C,75
YKR038C,2047
YKR039W,2340
YKR041W,77
YKR042W,4197
YKR043C,7079
YKR044W,599
YKR045C,596
YKR046C,6236
YKR048C,2222
YKR049C,1005
YKR050W,435
YKR051W,452
YKR052C,993
YKR054C,315
YKR055W,336
YKR057W,9938
YKR058W,288
YKR059W,14951
YKR060W,425
YKR061W,632
YKR062W,880
YKR063C,296
YKR064W,153
YKR065C,3070
YKR066C,764
YKR067W,650
YKR068C,83
YKR069W,296
YKR070W,833
YKR071C,2412
YKR072C,386
YKR073C,0
YKR074W,1299
YKR075C,346
YKR076W,188
YKR077W,440
YKR078W,248
YKR079C,345
YKR080W,711
YKR081C,1135
YKR082W,497
YKR083C,366
YKR084C,533
YKR085C,1624
YKR086W,145
YKR087C,1081
YKR088C,528
YKR089C,278
YKR090W,163
YKR091W,1319
YKR092C,251
YKR093W,3423
YKR094C,10833
YKR095W,904
YKR095W-A,696
YKR096W,349
YKR097W,0
YKR098C,386
YKR099W,231
YKR100C,1340
YKR101W,95
YKR106W,15
YLL001W,395
YLL002W,372
YLL003W,595
YLL004W,250
YLL006W,1223
YLL007C,317
YLL008W,2461
YLL009C,1063
YLL010C,827
YLL011W,757
YLL012W,299
YLL013C,655
YLL014W,3948
YLL015W,689
YLL018C,5603
YLL018C-A,1048
YLL019C,555
YLL021W,412
YLL022C,379
YLL023C,405
YLL024C,22290
YLL025W,157
YLL026W,4370
YLL027W,957
YLL028W,472
YLL029W,536
YLL031C,2089
YLL032C,242
YLL033W,561
YLL034C,735
YLL035W,390
YLL036C,376
YLL038C,335
YLL039C,3917
YLL040C,239
YLL041C,3549
YLL042C,150
YLL043W,419
YLL045C,68305
YLL046C,0
YLL047W,0
YLL048C,2652
YLL049W,428
YLL050C,5564
YLL051C,464
YLL052C,0
YLL054C,430
YLL055W,312
YLL056C,56
YLL057C,0
YLL058W,166
YLL059C,23
YLL060C,113
YLL061W,718
YLL062C,256
YLL063C,158
YLL066C,0
YLR001C,365
YLR002C,640
YLR003C,1402
YLR004C,34
YLR005W,422
YLR006C,709
YLR007W,1143
YLR008C,3189
YLR009W,2475
YLR010C,588
YLR011W,203
YLR014C,504
YLR015W,506
YLR016C,805
YLR017W,1987
YLR018C,767
YLR019W,2216
YLR020C,586
YLR021W,1170
YLR022C,1902
YLR023C,1390
YLR024C,84
YLR025W,1061
YLR026C,370
YLR027C,7880
YLR028C,761
YLR029C,43064
YLR031W,22
YLR032W,110
YLR033W,540
YLR034C,416
YLR035C,187
YLR036C,783
YLR037C,0
YLR038C,2878
YLR040C,529
YLR041W,42
YLR042C,395
YLR043C,4380
YLR044C,35650
YLR045C,307
YLR046C,58
YLR047C,429
YLR048W,132760
YLR049C,337
YLR050C,1905
YLR051C,2436
YLR052W,771
YLR053C,0
YLR055C,148
YLR056W,7599
YLR057W,513
YLR058C,9155
YLR059C,1617
YLR060W,3016
YLR061W,30194
YLR062C,0
YLR063W,133
YLR064W,1109
YLR065C,1331
YLR066W,2711
YLR067C,337
YLR068W,1123
YLR069C,685
YLR071C,683
YLR072W,301
YLR073C,4072
YLR074C,1656
YLR075W,77148
YLR076C,0
YLR077W,371
YLR078C,510
YLR079W,701
YLR080W,0
YLR082C,103
YLR083C,2018
YLR084C,749
YLR085C,603
YLR086W,99
YLR087C,391
YLR088W,1478
YLR089C,1814
YLR090W,628
YLR091W,297
YLR092W,29
YLR093C,750
YLR094C,350
YLR095C,386
YLR096W,227
YLR097C,436
YLR098C,237
YLR099C,804
YLR099W-A,338
YLR100W,5967
YLR101C,0
YLR102C,268
YLR103C,194
YLR104W,1560
YLR105C,737
YLR106C,1237
YLR107W,452
YLR108C,198
YLR109W,22198
YLR110C,264199
YLR112W,145
YLR113W,2336
YLR114C,382
YLR115W,277
YLR116W,408
YLR117C,233
YLR118C,1939
YLR119W,527
YLR120C,3095
YLR120W-A,285
YLR121C,712
YLR123C,192
YLR126C,289
YLR127C,220
YLR128W,387
YLR129W,1502
YLR130C,2195
YLR131C,83
YLR132C,238
YLR133W,343
YLR134W,679
YLR135W,92
YLR136C,187
YLR137W,321
YLR138W,505
YLR139C,800
YLR140W,60
YLR141W,477
YLR142W,659
YLR143W,88
YLR144C,1179
YLR145W,612
YLR146C,1331
YLR146W-A,1069
YLR147C,1979
YLR148W,321
YLR149C,133
YLR150W,15575
YLR151C,124
YLR152C,395
YLR153C,6621
YLR154C,573
YLR154C-G,0
YLR163C,1072
YLR164W,662
YLR165C,244
YLR166C,893
YLR167W,43915
YLR168C,1472
YLR170C,1159
YLR171W,0
YLR172C,5186
YLR173W,203
YLR174W,61
YLR175W,1777
YLR176C,15
YLR177W,471
YLR178C,809
YLR179C,4313
YLR180W,23898
YLR181C,406
YLR182W,247
YLR183C,238
YLR185W,42281
YLR186W,3072
YLR187W,236
YLR188W,1064
YLR189C,359
YLR190W,1856
YLR191W,199
YLR192C,1660
YLR193C,630
YLR194C,3101
YLR195C,1073
YLR196W,1303
YLR197W,5500
YLR199C,910
YLR200W,1247
YLR201C,496
YLR203C,3201
YLR204W,1762
YLR205C,317
YLR206W,1218
YLR207W,365
YLR208W,1334
YLR209C,1143
YLR210W,334
YLR211C,162
YLR212C,421
YLR213C,0
YLR214W,1963
YLR215C,280
YLR216C,3667
YLR219W,273
YLR220W,787
YLR221C,991
YLR222C,714
YLR223C,363
YLR224W,1566
YLR225C,611
YLR226W,498
YLR227C,192
YLR228C,301
YLR229C,8819
YLR230W,73
YLR231C,54
YLR233C,173
YLR234W,104
YLR236C,33
YLR237W,118
YLR238W,101
YLR239C,786
YLR240W,470
YLR241W,383
YLR242C,874
YLR243W,651
YLR244C,1880
YLR245C,1365
YLR246W,836
YLR247C,322
YLR248W,1305
YLR249W,95319
YLR250W,879
YLR251W,468
YLR253W,628
YLR254C,197
YLR255C,0
YLR256W,274
YLR257W,3019
YLR258W,668
YLR259C,3597
YLR260W,211
YLR261C,47
YLR262C,1789
YLR262C-A,2977
YLR263W,36
YLR264W,59149
YLR265C,430
YLR266C,0
YLR267W,38
YLR268W,1648
YLR270W,1150
YLR271W,107
YLR272C,319
YLR273C,238
YLR274W,622
YLR275W,1444
YLR276C,628
YLR277C,358
YLR278C,168
YLR281C,386
YLR283W,569
YLR284C,20
YLR285W,2057
YLR286C,6332
YLR286W-A,0
YLR287C,1151
YLR287C-A,6578
YLR288C,381
YLR289W,221
YLR290C,635
YLR291C,1341
YLR292C,1192
YLR293C,17282
YLR295C,5564
YLR297W,921
YLR298C,427
YLR299C-A,0
YLR299W,295
YLR300W,8196
YLR301W,821
YLR303W,13237
YLR304C,9456
YLR305C,403
YLR306W,413
YLR307C-A,0
YLR307W,0
YLR309C,506
YLR310C,552
YLR312C,25
YLR312W-A,1317
YLR313C,142
YLR314C,697
YLR315W,467
YLR316C,285
YLR317W,0
YLR318W,144
YLR319C,248
YLR320W,554
YLR321C,339
YLR322W,0
YLR323C,222
YLR324W,419
YLR325C,17659
YLR326W,250
YLR327C,893
YLR328W,1008
YLR330W,1158
YLR332W,1051
YLR333C,16937
YLR335W,549
YLR336C,179
YLR337C,554
YLR340W,81159
YLR342W,7228
YLR344W,27987
YLR345W,279
YLR346C,32
YLR347C,2139
YLR348C,1769
YLR349W,0
YLR350W,2168
YLR351C,2668
YLR352W,229
YLR353W,371
YLR354C,8645
YLR355C,24482
YLR356W,1217
YLR357W,500
YLR359W,1181
YLR360W,929
YLR361C,371
YLR361C-A,496
YLR362W,117
YLR363C,1240
YLR363W-A,1983
YLR364W,119
YLR365W,0
YLR367W,21583
YLR368W,167
YLR369W,358
YLR370C,3561
YLR371W,804
YLR372W,4512
YLR373C,422
YLR374C,0
YLR375W,4233
YLR376C,362
YLR378C,1777
YLR380W,447
YLR381W,118
YLR382C,527
YLR383W,209
YLR384C,1122
YLR385C,361
YLR386W,584
YLR387C,1080
YLR388W,4802
YLR389C,973
YLR390W,155
YLR390W-A,19640
YLR392C,144
YLR393W,266
YLR395C,12262
YLR396C,716
YLR397C,640
YLR398C,499
YLR399C,710
YLR401C,271
YLR403W,29
YLR404W,636
YLR405W,504
YLR406C,34191
YLR407W,606
YLR408C,461
YLR409C,1215
YLR410W,349
YLR411W,37
YLR412W,1788
YLR413W,10778
YLR414C,2187
YLR417W,122
YLR418C,581
YLR419W,82
YLR420W,711
YLR421C,7582
YLR422W,318
YLR423C,104
YLR424W,258
YLR425W,126
YLR426W,1723
YLR427W,328
YLR428C,0
YLR429W,2170
YLR430W,700
YLR431C,205
YLR432W,3044
YLR433C,93
YLR435W,996
YLR436C,956
YLR437C,2603
YLR438C-A,1352
YLR438W,761
YLR439W,581
YLR440C,308
YLR441C,15634
YLR442C,280
YLR443W,675
YLR444C,0
YLR446W,68
YLR447C,6181
YLR448W,37347
YLR449W,1369
YLR450W,1124
YLR451W,341
YLR452C,1644
YLR453C,207
YLR454W,1243
YLR455W,863
YLR456W,343
YLR457C,230
YLR459W,616
YLR460C,0
YML001W,3711
YML003W,483
YML004C,2116
YML005W,731
YML006C,466
YML007W,1539
YML008C,1710
YML009C,1597
YML010W,1191
YML011C,544
YML012W,6794
YML013W,569
YML014W,279
YML015C,325
YML016C,1273
YML017W,412
YML018C,1517
YML019W,2787
YML020W,208
YML021C,446
YML022W,7235
YML023C,2498
YML024W,92592
YML025C,688
YML026C,46813
YML027W,867
YML028W,25788
YML029W,512
YML030W,1532
YML031W,2589
YML032C,826
YML034W,475
YML035C,430
YML036W,934
YML037C,67
YML038C,1137
YML041C,478
YML043C,195
YML046W,413
YML048W,8173
YML050W,423
YML051W,323
YML052W,2449
YML053C,269
YML054C,108
YML055W,3626
YML056C,8734
YML057C-A,0
YML057W,731
YML058W,35096
YML058W-A,40
YML059C,620
YML060W,83
YML061C,320
YML062C,124
YML063W,30586
YML064C,459
YML065W,273
YML066C,25
YML067C,2898
YML068W,292
YML069W,967
YML070W,1437
YML071C,321
YML072C,2068
YML073C,35793
YML074C,1806
YML075C,2899
YML076C,398
YML077W,2120
YML078W,1796
YML079W,1928
YML080W,351
YML081C-A,5525
YML081W,1486
YML082W,904
YML085C,2008
YML086C,1012
YML087C,58
YML088W,490
YML089C,0
YML091C,742
YML092C,1838
YML093W,561
YML094W,1843
YML095C,195
YML096W,776
YML097C,400
YML098W,2092
YML099C,642
YML100W,1470
YML100W-A,0
YML101C,1457
YML101C-A,0
YML102W,683
YML103C,1024
YML104C,130
YML105C,557
YML106W,2952
YML107C,513
YML108W,1871
YML109W,253
YML110C,2293
YML111W,547
YML112W,492
YML113W,974
YML114C,1247
YML115C,1152
YML116W,904
YML117W,863
YML118W,0
YML119W,410
YML120C,1446
YML121W,547
YML123C,3020
YML124C,1614
YML125C,1845
YML127W,1137
YML128C,748
YML129C,1507
YML130C,1261
YML131W,386
YMR001C,895
YMR001C-A,73
YMR002W,11107
YMR003W,885
YMR004W,364
YMR005W,427
YMR006C,299
YMR007W,0
YMR008C,857
YMR009W,1153
YMR010W,2029
YMR011W,1254
YMR012W,5743
YMR013C,195
YMR013C-A,0
YMR014W,367
YMR015C,500
YMR016C,1018
YMR020W,416
YMR021C,285
YMR022W,4583
YMR023C,44
YMR024W,693
YMR025W,162
YMR026C,707
YMR027W,599
YMR028W,514
YMR029C,288
YMR030W,111
YMR031C,328
YMR032W,128
YMR033W,525
YMR034C,24
YMR035W,1256
YMR036C,369
YMR037C,461
YMR038C,1141
YMR039C,569
YMR040W,219
YMR041C,452
YMR042W,750
YMR043W,796
YMR044W,597
YMR046C,29
YMR047C,408
YMR048W,388
YMR049C,1182
YMR051C,172
YMR052W,225
YMR053C,77
YMR054W,1813
YMR055C,369
YMR056C,80
YMR057C,0
YMR058W,8919
YMR059W,785
YMR060C,739
YMR061W,889
YMR062C,780
YMR063W,392
YMR064W,538
YMR066W,158
YMR067C,678
YMR068W,119
YMR070W,313
YMR071C,3436
YMR072W,3908
YMR073C,340
YMR074C,7729
YMR075W,525
YMR076C,168
YMR077C,481
YMR078C,303
YMR079W,8219
YMR080C,3102
YMR081C,42
YMR083W,2249
YMR084W,0
YMR086C-A,89
YMR086W,289
YMR087W,166
YMR088C,1280
YMR089C,1555
YMR090W,479
YMR091C,276
YMR092C,828
YMR093W,1618
YMR094W,401
YMR095C,34
YMR096W,387
YMR097C,422
YMR098C,346
YMR099C,970
YMR100W,1163
YMR102C,187
YMR103C,0
YMR104C,351
YMR105C,828
YMR106C,146
YMR107W,24
YMR108W,3856
YMR109W,527
YMR110C,707
YMR111C,67
YMR112C,1397
YMR113W,455
YMR114C,151
YMR115W,287
YMR116C,14122
YMR117C,950
YMR118C,0
YMR119W,451
YMR120C,2403
YMR121C,549
YMR122W-A,22178
YMR123W,6663
YMR124W,288
YMR125W,2179
YMR126C,616
YMR127C,580
YMR128W,352
YMR129W,443
YMR130W,1536
YMR131C,1346
YMR132C,601
YMR134W,523
YMR135C,420
YMR136W,382
YMR137C,92
YMR138W,147
YMR139W,184
YMR140W,138
YMR141C,0
YMR142C,50326
YMR143W,68960
YMR144W,238
YMR145C,3762
YMR146C,7259
YMR147W,294
YMR148W,587
YMR149W,2782
YMR150C,892
YMR152W,321
YMR153W,251
YMR154C,181
YMR155W,144
YMR156C,145
YMR157C,1706
YMR158W,1290
YMR159C,245
YMR160W,30
YMR161W,614
YMR162C,232
YMR163C,362
YMR164C,92
YMR165C,177
YMR166C,258
YMR167W,242
YMR168C,371
YMR169C,643
YMR170C,284
YMR171C,849
YMR173W,997
YMR173W-A,0
YMR174C,99
YMR175W,114
YMR176W,529
YMR177W,241
YMR178W,623
YMR179W,177
YMR180C,940
YMR181C,592
YMR182C,362
YMR183C,3541
YMR184W,1315
YMR185W,261
YMR186W,15663
YMR187C,88
YMR188C,598
YMR189W,2393
YMR190C,98
YMR191W,1045
YMR192W,196
YMR193W,825
YMR194C-A,30
YMR194C-B,145
YMR194W,18629
YMR195W,1641
YMR196W,163
YMR197C,981
YMR198W,183
YMR199W,589
YMR200W,2341
YMR201C,154
YMR202W,14800
YMR203W,9799
YMR204C,28
YMR205C,10640
YMR206W,22
YMR207C,45
YMR208W,1327
YMR209C,702
YMR210W,184
YMR211W,245
YMR212C,1635
YMR213W,50
YMR214W,1031
YMR215W,1708
YMR216C,1336
YMR217W,10922
YMR218C,573
YMR219W,286
YMR220W,3203
YMR221C,1271
YMR222C,1598
YMR223W,864
YMR224C,157
YMR225C,1761
YMR226C,7231
YMR227C,158
YMR228W,370
YMR229C,1256
YMR230W,49398
YMR231W,313
YMR233W,841
YMR234W,116
YMR235C,2170
YMR236W,4046
YMR237W,1170
YMR238W,1213
YMR239C,830
YMR240C,132
YMR241W,2615
YMR242C,114301
YMR243C,5451
YMR244C-A,358
YMR245W,13
YMR246W,3090
YMR247C,423
YMR250W,463
YMR251W-A,15673
YMR252C,282
YMR253C,155
YMR255W,653
YMR256C,2716
YMR257C,679
YMR258C,1163
YMR259C,495
YMR260C,10835
YMR261C,899
YMR262W,760
YMR263W,427
YMR264W,737
YMR265C,291
YMR266W,985
YMR267W,709
YMR268C,263
YMR269W,741
YMR270C,345
YMR271C,371
YMR272C,6225
YMR273C,360
YMR274C,386
YMR275C,634
YMR276W,1009
YMR277W,920
YMR278W,323
YMR280C,0
YMR281W,436
YMR282C,193
YMR283C,300
YMR284W,453
YMR285C,259
YMR286W,2467
YMR287C,205
YMR288W,264
YMR289W,1115
YMR290C,2786
YMR291W,608
YMR292W,2121
YMR293C,382
YMR294W,313
YMR295C,4602
YMR296C,2058
YMR297W,8493
YMR298W,1850
YMR299C,355
YMR300C,855
YMR301C,269
YMR302C,1152
YMR303C,66
YMR304W,1010
YMR305C,4844
YMR306W,52
YMR307W,15189
YMR308C,1915
YMR309C,2939
YMR310C,1563
YMR311C,508
YMR312W,252
YMR313C,843
YMR314W,4927
YMR315W,1824
YMR315W-A,76
YMR316W,792
YMR318C,3102
YMR319C,1863
YMR320W,49
YNL001W,608
YNL002C,2545
YNL003C,1109
YNL004W,1104
YNL005C,1571
YNL006W,1830
YNL007C,1054
YNL008C,440
YNL009W,0
YNL010W,3738
YNL011C,597
YNL013C,0
YNL015W,8020
YNL016W,3063
YNL020C,232
YNL021W,224
YNL022C,490
YNL023C,332
YNL024C,324
YNL024C-A,4218
YNL025C,649
YNL026W,501
YNL027W,284
YNL029C,152
YNL030W,17757
YNL031C,21719
YNL032W,654
YNL035C,651
YNL036W,1172
YNL037C,4408
YNL038W,1288
YNL039W,215
YNL040W,682
YNL041C,386
YNL042W,210
YNL042W-B,625
YNL043C,65
YNL044W,6938
YNL045W,1532
YNL046W,1494
YNL047C,317
YNL048W,1278
YNL049C,954
YNL050C,210
YNL051W,1110
YNL052W,7849
YNL053W,220
YNL054W,213
YNL055C,26830
YNL056W,946
YNL058C,1270
YNL059C,355
YNL061W,1738
YNL062C,1005
YNL063W,482
YNL064C,4382
YNL065W,456
YNL066W,6623
YNL067W,6447
YNL068C,143
YNL069C,32225
YNL070W,2564
YNL071W,3752
YNL072W,221
YNL073W,812
YNL074C,1608
YNL075W,756
YNL076W,109
YNL077W,25
YNL078W,132
YNL079C,3914
YNL080C,990
YNL081C,1732
YNL082W,232
YNL083W,378
YNL084C,2072
YNL085W,1410
YNL086W,312
YNL087W,497
YNL088W,298
YNL090W,972
YNL091W,283
YNL092W,62
YNL093W,0
YNL094W,1515
YNL095C,151
YNL096C,14586
YNL097C,266
YNL097W-A,174
YNL098C,1368
YNL099C,812
YNL100W,1203
YNL101W,787
YNL102W,369
YNL103W,329
YNL104C,15162
YNL106C,89
YNL107W,367
YNL108C,827
YNL109W,84
YNL110C,1824
YNL111C,2453
YNL112W,3104
YNL113W,2193
YNL114C,0
YNL115C,296
YNL116W,769
YNL118C,264
YNL119W,233
YNL121C,1826
YNL122C,834
YNL123W,686
YNL124W,178
YNL125C,1577
YNL126W,211
YNL127W,722
YNL129W,507
YNL130C,5160
YNL131W,8644
YNL132W,807
YNL133C,372
YNL134C,1671
YNL135C,21376
YNL136W,414
YNL137C,2119
YNL138W,1488
YNL138W-A,441
YNL139C,473
YNL141W,1596
YNL142W,1526
YNL144C,31
YNL145W,45117
YNL146C-A,301
YNL146W,171
YNL147W,2987
YNL148C,133
YNL149C,4630
YNL151C,732
YNL152W,479
YNL153C,1718
YNL154C,724
YNL155W,1568
YNL156C,1558
YNL157W,1831
YNL158W,927
YNL159C,530
YNL160W,2340
YNL161W,393
YNL162W,17280
YNL162W-A,535
YNL163C,534
YNL164C,365
YNL165W,430
YNL166C,1036
YNL167C,1048
YNL168C,1544
YNL169C,993
YNL172W,238
YNL173C,448
YNL175C,636
YNL176C,778
YNL177C,439
YNL178W,28746
YNL179C,23
YNL180C,396
YNL181W,478
YNL182C,795
YNL183C,731
YNL185C,2600
YNL186W,538
YNL187W,320
YNL188W,234
YNL189W,3250
YNL190W,22462
YNL191W,799
YNL192W,2525
YNL193W,356
YNL194C,37
YNL197C,1599
YNL199C,376
YNL200C,535
YNL201C,643
YNL202W,38
YNL203C,21
YNL206C,502
YNL207W,664
YNL208W,4364
YNL209W,17357
YNL211C,916
YNL212W,363
YNL213C,400
YNL214W,377
YNL215W,298
YNL216W,235
YNL217W,1625
YNL218W,256
YNL219C,1106
YNL220W,3722
YNL221C,482
YNL222W,1289
YNL223W,193
YNL224C,231
YNL225C,74
YNL227C,206
YNL229C,466
YNL230C,281
YNL231C,799
YNL232W,560
YNL233W,323
YNL234W,179
YNL236W,507
YNL237W,118
YNL238W,923
YNL239W,1347
YNL240C,1294
YNL241C,1786
YNL242W,82
YNL243W,583
YNL244C,8020
YNL245C,306
YNL246W,1116
YNL247W,1856
YNL248C,974
YNL249C,223
YNL250W,182
YNL251C,2107
YNL252C,767
YNL253W,159
YNL254C,206
YNL255C,7375
YNL256W,973
YNL257C,981
YNL258C,397
YNL259C,898
YNL261W,725
YNL262W,330
YNL263C,2507
YNL264C,473
YNL265C,469
YNL267W,486
YNL268W,877
YNL270C,126
YNL271C,401
YNL272C,285
YNL273W,60
YNL274C,653
YNL275W,501
YNL276C,239
YNL277W,0
YNL277W-A,18
YNL278W,160
YNL279W,0
YNL280C,3012
YNL281W,6518
YNL282W,523
YNL283C,834
YNL284C,2310
YNL285W,0
YNL286W,261
YNL287W,7804
YNL288W,1254
YNL289W,1085
YNL290W,580
YNL291C,877
YNL292W,908
YNL293W,300
YNL294C,525
YNL295W,400
YNL297C,553
YNL298W,270
YNL299W,141
YNL300W,10146
YNL301C,840
YNL302C,18654
YNL303W,16
YNL304W,151
YNL305C,1017
YNL306W,5182
YNL307C,4253
YNL308C,707
YNL309W,216
YNL310C,837
YNL311C,302
YNL312W,1356
YNL313C,1168
YNL314W,334
YNL315C,1082
YNL316C,381
YNL317W,170
YNL320W,478
YNL321W,1963
YNL322C,1239
YNL323W,490
YNL325C,205
YNL326C,216
YNL327W,3260
YNL328C,320
YNL329C,335
YNL330C,642
YNL331C,21
YNL333W,0
YNL334C,22
YNL335W,0
YNR001C,1906
YNR002C,0
YNR003C,561
YNR004W,432
YNR006W,663
YNR007C,385
YNR008W,205
YNR009W,823
YNR010W,525
YNR011C,149
YNR012W,784
YNR013C,2251
YNR014W,213
YNR015W,585
YNR016C,5559
YNR017W,1608
YNR018W,1535
YNR019W,1141
YNR021W,2352
YNR022C,2347
YNR023W,138
YNR024W,494
YNR026C,437
YNR027W,1574
YNR028W,268
YNR029C,251
YNR030W,483
YNR031C,236
YNR032C-A,1865
YNR032W,619
YNR033W,577
YNR034W,249
YNR034W-A,910
YNR035C,1022
YNR036C,1712
YNR037C,2598
YNR038W,1608
YNR039C,736
YNR040W,744
YNR041C,1269
YNR043W,4642
YNR044W,582
YNR045W,261
YNR046W,5115
YNR047W,855
YNR048W,412
YNR049C,245
YNR050C,1429
YNR051C,1770
YNR052C,1512
YNR053C,3391
YNR054C,515
YNR055C,3932
YNR056C,0
YNR057C,0
YNR058W,229
YNR059W,450
YNR060W,0
YNR061C,715
YNR063W,41
YNR064C,24
YNR066C,1074
YNR067C,2784
YNR068C,0
YNR069C,73
YNR070W,0
YNR074C,47
YNR075W,1198
YOL001W,1589
YOL002C,641
YOL003C,346
YOL004W,876
YOL005C,2755
YOL006C,133
YOL007C,1257
YOL008W,882
YOL009C,434
YOL010W,500
YOL011W,3000
YOL012C,2064
YOL013C,422
YOL014W,652
YOL015W,34
YOL016C,921
YOL017W,93
YOL018C,385
YOL019W,587
YOL020W,3508
YOL021C,828
YOL022C,929
YOL023W,318
YOL025W,135
YOL026C,2364
YOL027C,811
YOL028C,578
YOL030W,5020
YOL031C,534
YOL032W,345
YOL033W,342
YOL034W,98
YOL035C,0
YOL036W,891
YOL038C-A,16
YOL038W,1824
YOL039W,42741
YOL040C,123110
YOL041C,1060
YOL042W,888
YOL043C,273
YOL044W,313
YOL045W,445
YOL048C,339
YOL049W,688
YOL050C,0
YOL051W,908
YOL052C,1126
YOL052C-A,867
YOL054W,268
YOL055C,64
YOL056W,488
YOL057W,593
YOL058W,1227
YOL059W,1346
YOL060C,521
YOL061W,7913
YOL062C,2425
YOL063C,319
YOL064C,1539
YOL065C,500
YOL066C,206
YOL067C,897
YOL069W,526
YOL070C,797
YOL071W,372
YOL072W,519
YOL073C,765
YOL075C,135
YOL076W,287
YOL077C,2555
YOL077W-A,2191
YOL078W,141
YOL080C,263
YOL081W,603
YOL082W,785
YOL083C-A,0
YOL083W,144
YOL084W,0
YOL085W-A,51
YOL086C,48349
YOL086W-A,625
YOL087C,126
YOL088C,638
YOL089C,102
YOL090W,303
YOL092W,1933
YOL093W,614
YOL094C,507
YOL095C,169
YOL096C,460
YOL097C,1705
YOL097W-A,158
YOL098C,847
YOL100W,233
YOL101C,367
YOL102C,1585
YOL103W,1490
YOL103W-A,120
YOL104C,46
YOL105C,177
YOL107W,351
YOL108C,612
YOL109W,23977
YOL110W,123
YOL111C,1381
YOL112W,542
YOL113W,584
YOL114C,27
YOL115W,199
YOL116W,210
YOL117W,1151
YOL119C,866
YOL120C,85135
YOL121C,34587
YOL122C,286
YOL123W,2570
YOL124C,534
YOL125W,612
YOL126C,468
YOL127W,53635
YOL128C,312
YOL129W,1860
YOL130W,860
YOL133W,4522
YOL135C,114
YOL136C,3101
YOL137W,573
YOL138C,447
YOL139C,8174
YOL140W,148
YOL141W,280
YOL142W,958
YOL143C,2643
YOL144W,447
YOL145C,695
YOL146W,494
YOL147C,1077
YOL148C,419
YOL149W,1142
YOL151W,160
YOL152W,582
YOL154W,61
YOL155C,226
YOL158C,2694
YOL159C,742
YOL159C-A,988
YOL160W,38
YOL162W,55
YOL163W,32
YOL164W,245
YOL164W-A,81
YOL165C,20
YOR001W,718
YOR002W,1553
YOR003W,0
YOR004W,967
YOR005C,0
YOR006C,468
YOR007C,6303
YOR008C,1356
YOR008W-B,198
YOR010C,40
YOR011W,0
YOR012W,129
YOR014W,1205
YOR016C,3456
YOR017W,140
YOR018W,223
YOR019W,0
YOR020C,20569
YOR020W-A,1005
YOR021C,3192
YOR022C,176
YOR023C,597
YOR025W,402
YOR026W,587
YOR027W,1448
YOR028C,353
YOR030W,255
YOR032C,125
YOR032W-A,0
YOR033C,426
YOR034C,596
YOR035C,315
YOR036W,450
YOR037W,278
YOR038C,201
YOR039W,946
YOR040W,84
YOR042W,643
YOR043W,1575
YOR044W,383
YOR045W,1755
YOR046C,1046
YOR047C,675
YOR048C,1126
YOR049C,0
YOR051C,1186
YOR052C,3650
YOR053W,0
YOR054C,129
YOR056C,1029
YOR057W,989
YOR058C,320
YOR059C,308
YOR060C,658
YOR061W,1317
YOR062C,365
YOR063W,21266
YOR064C,678
YOR065W,1792
YOR066W,459
YOR067C,1541
YOR069W,486
YOR070C,357
YOR071C,83
YOR073W,314
YOR074C,436
YOR075W,583
YOR076C,332
YOR077W,219
YOR078W,1257
YOR079C,984
YOR080W,336
YOR081C,222
YOR083W,27
YOR084W,0
YOR085W,3609
YOR086C,996
YOR087W,1027
YOR089C,1820
YOR090C,752
YOR091W,1031
YOR092W,835
YOR093C,523
YOR094W,618
YOR095C,2203
YOR096W,84273
YOR097C,429
YOR098C,772
YOR099W,3386
YOR100C,0
YOR101W,1501
YOR103C,2486
YOR104W,418
YOR105W,0
YOR106W,462
YOR107W,760
YOR108C-A,0
YOR108W,1162
YOR109W,1446
YOR110W,285
YOR111W,539
YOR112W,651
YOR113W,357
YOR114W,70
YOR115C,1033
YOR116C,1230
YOR117W,2034
YOR118W,386
YOR119C,292
YOR120W,1270
YOR122C,14697
YOR123C,546
YOR124C,413
YOR125C,474
YOR126C,222
YOR127W,963
YOR128C,2246
YOR129C,226
YOR130C,1393
YOR131C,909
YOR132W,436
YOR133W,13633
YOR134W,73
YOR136W,1831
YOR137C,153
YOR138C,282
YOR140W,287
YOR141C,434
YOR142W,5348
YOR143C,788
YOR144C,239
YOR145C,2972
YOR147W,311
YOR148C,867
YOR149C,800
YOR150W,1245
YOR151C,944
YOR152C,328
YOR153W,3732
YOR154W,507
YOR155C,701
YOR156C,39
YOR157C,1847
YOR158W,1005
YOR159C,2376
YOR160W,496
YOR161C,653
YOR161W-A,105
YOR162C,57
YOR163W,1526
YOR164C,1431
YOR165W,815
YOR166C,371
YOR167C,7046
YOR168W,5739
YOR171C,788
YOR172W,192
YOR173W,189
YOR174W,789
YOR175C,847
YOR176W,2366
YOR177C,0
YOR178C,250
YOR179C,625
YOR180C,373
YOR181W,639
YOR182C,5523
YOR184W,2880
YOR185C,1385
YOR186C-A,0
YOR186W,30
YOR187W,4667
YOR188W,397
YOR189W,683
YOR190W,0
YOR191W,526
YOR192C-B,164
YOR193W,482
YOR194C,667
YOR195W,286
YOR196C,1150
YOR197W,1699
YOR198C,1097
YOR200W,0
YOR201C,751
YOR202W,1796
YOR204W,8226
YOR205C,591
YOR206W,3222
YOR207C,2252
YOR208W,614
YOR209C,3471
YOR210W,6536
YOR211C,584
YOR212W,1591
YOR213C,544
YOR215C,1380
YOR216C,318
YOR217W,629
YOR219C,349
YOR220W,902
YOR221C,1137
YOR222W,2495
YOR223W,152
YOR224C,6012
YOR226C,316
YOR227W,816
YOR228C,586
YOR229W,107
YOR230W,2003
YOR231C-A,0
YOR231W,515
YOR232W,2620
YOR233W,426
YOR234C,19755
YOR236W,886
YOR237W,0
YOR238W,795
YOR239W,1559
YOR243C,1304
YOR244W,283
YOR245C,615
YOR246C,3012
YOR247W,34793
YOR248W,166
YOR249C,447
YOR250C,292
YOR251C,1206
YOR252W,953
YOR253W,4158
YOR254C,1090
YOR256C,268
YOR257W,901
YOR258W,213
YOR259C,2128
YOR260W,1327
YOR261C,2807
YOR262W,1453
YOR264W,1046
YOR265W,1093
YOR266W,322
YOR267C,727
YOR268C,0
YOR269W,372
YOR270C,1884
YOR271C,1919
YOR272W,2125
YOR273C,575
YOR274W,319
YOR275C,602
YOR276W,11250
YOR277C,463
YOR278W,1071
YOR279C,152
YOR280C,673
YOR281C,1254
YOR283W,831
YOR284W,478
YOR285W,6462
YOR286W,3301
YOR287C,132
YOR288C,340
YOR289W,128
YOR290C,358
YOR291W,359
YOR292C,1036
YOR293W,87931
YOR294W,2412
YOR295W,371
YOR296W,317
YOR297C,1664
YOR298C-A,29012
YOR298W,0
YOR299W,683
YOR301W,948
YOR302W,1733
YOR303W,282
YOR304C-A,1294
YOR304W,263
YOR305W,990
YOR306C,699
YOR307C,527
YOR308C,58
YOR309C,42
YOR310C,3245
YOR311C,883
YOR312C,86956
YOR313C,0
YOR315W,1215
YOR316C,906
YOR316C-A,82
YOR317W,2076
YOR318C,90
YOR319W,761
YOR320C,1366
YOR321W,64
YOR322C,977
YOR323C,1866
YOR324C,398
YOR326W,565
YOR327C,2053
YOR329C,200
YOR329W-A,0
YOR330C,1047
YOR332W,5012
YOR334W,346
YOR335C,2159
YOR336W,958
YOR337W,289
YOR338W,393
YOR340C,1139
YOR341W,969
YOR342C,968
YOR343C,36
YOR343W-A,846
YOR344C,493
YOR346W,641
YOR347C,435
YOR348C,186
YOR349W,136
YOR350C,424
YOR352W,364
YOR353C,176
YOR354C,731
YOR355W,1080
YOR356W,257
YOR357C,1241
YOR358W,290
YOR359W,1506
YOR360C,2603
YOR362C,1540
YOR363C,153
YOR364W,0
YOR367W,1567
YOR368W,243
YOR369C,148591
YOR370C,651
YOR371C,163
YOR372C,602
YOR373W,293
YOR374W,2456
YOR375C,9820
YOR376W-A,665
YOR377W,148
YOR379C,0
YOR380W,122
YOR381W,463
YOR382W,653
YOR383C,212
YOR384W,0
YOR385W,816
YOR386W,125
YOR389W,0
YOR390W,89
YOR391C,0
YOR392W,0
YPL001W,1044
YPL002C,675
YPL003W,427
YPL004C,4575
YPL005W,146
YPL006W,673
YPL007C,105
YPL008W,237
YPL009C,1008
YPL010W,11599
YPL011C,1284
YPL012W,1108
YPL013C,1849
YPL014W,841
YPL015C,2168
YPL016W,206
YPL017C,108
YPL018W,252
YPL019C,1294
YPL020C,145
YPL022W,1219
YPL023C,641
YPL024W,903
YPL025C,24
YPL026C,202
YPL028W,11072
YPL029W,333
YPL030W,191
YPL031C,968
YPL032C,637
YPL033C,0
YPL034W,609
YPL036W,107
YPL037C,20509
YPL038W,892
YPL039W,56
YPL040C,383
YPL041C,401
YPL042C,276
YPL043W,1078
YPL045W,188
YPL046C,465
YPL047W,2311
YPL048W,3376
YPL049C,699
YPL050C,1954
YPL051W,503
YPL052W,716
YPL053C,1180
YPL054W,0
YPL055C,129
YPL056C,0
YPL057C,2152
YPL058C,1358
YPL059W,2492
YPL060W,240
YPL061W,4328
YPL063W,1054
YPL064C,683
YPL065W,188
YPL066W,896
YPL067C,1271
YPL068C,166
YPL069C,471
YPL070W,177
YPL071C,896
YPL072W,309
YPL074W,412
YPL075W,1035
YPL076W,917
YPL077C,218
YPL078C,2774
YPL079W,99206
YPL081W,5169
YPL082C,206
YPL083C,577
YPL084W,1531
YPL085W,361
YPL086C,496
YPL087W,993
YPL088W,515
YPL089C,437
YPL090C,82589
YPL091W,1317
YPL092W,521
YPL093W,2694
YPL094C,4048
YPL095C,0
YPL096C-A,658
YPL096W,524
YPL097W,339
YPL098C,2372
YPL099C,1182
YPL100W,399
YPL101W,709
YPL103C,555
YPL104W,492
YPL105C,778
YPL106C,12650
YPL107W,336
YPL108W,368
YPL109C,366
YPL110C,287
YPL111W,1402
YPL112C,611
YPL113C,50
YPL114W,216
YPL115C,366
YPL116W,135
YPL117C,3907
YPL118W,1096
YPL119C,55
YPL120W,259
YPL122C,401
YPL123C,101
YPL124W,77
YPL125W,699
YPL126W,919
YPL127C,2084
YPL128C,1266
YPL129W,1826
YPL131W,59193
YPL132W,830
YPL133C,359
YPL134C,848
YPL135W,7128
YPL137C,1326
YPL138C,231
YPL139C,226
YPL140C,261
YPL141C,372
YPL143W,81793
YPL144W,1307
YPL145C,3703
YPL146C,922
YPL147W,0
YPL148C,707
YPL149W,1125
YPL150W,309
YPL151C,348
YPL152W,534
YPL152W-A,49
YPL153C,159
YPL154C,4281
YPL155C,197
YPL156C,77
YPL157W,482
YPL158C,226
YPL159C,575
YPL160W,2014
YPL161C,202
YPL162C,537
YPL163C,753
YPL164C,283
YPL165C,0
YPL166W,517
YPL167C,234
YPL168W,440
YPL169C,594
YPL170W,744
YPL171C,0
YPL172C,543
YPL173W,388
YPL174C,524
YPL175W,343
YPL176C,319
YPL177C,960
YPL178W,2319
YPL179W,1748
YPL180W,416
YPL181W,449
YPL183C,1964
YPL183W-A,9780
YPL184C,2106
YPL185W,28
YPL186C,58
YPL187W,0
YPL188W,1093
YPL189C-A,3085
YPL189W,28
YPL190C,409
YPL191C,190
YPL192C,0
YPL193W,305
YPL194W,92
YPL195W,375
YPL196W,364
YPL197C,0
YPL198W,5503
YPL199C,1783
YPL202C,502
YPL203W,335
YPL204W,1744
YPL206C,2698
YPL207W,916
YPL208W,117
YPL209C,98
YPL210C,1184
YPL211W,8133
YPL212C,932
YPL213W,705
YPL214C,313
YPL215W,712
YPL216W,118
YPL217C,441
YPL218W,4405
YPL219W,215
YPL220W,55315
YPL221W,1716
YPL222C-A,33
YPL222W,60
YPL223C,34
YPL224C,475
YPL225W,5016
YPL226W,7309
YPL227C,883
YPL228W,375
YPL229W,460
YPL230W,117
YPL231W,6796
YPL232W,606
YPL233W,350
YPL234C,2024
YPL235W,1398
YPL236C,634
YPL237W,11695
YPL239W,2001
YPL240C,5123
YPL241C,837
YPL242C,519
YPL243W,1549
YPL244C,1011
YPL245W,475
YPL246C,4909
YPL247C,365
YPL248C,24
YPL249C,133
YPL249C-A,63297
YPL250C,1921
YPL250W-A,97
YPL252C,1388
YPL253C,44
YPL254W,445
YPL255W,203
YPL256C,1138
YPL257W,370
YPL258C,389
YPL259C,1833
YPL260W,799
YPL262W,2313
YPL263C,1076
YPL264C,252
YPL265W,775
YPL266W,1633
YPL267W,387
YPL268W,499
YPL269W,253
YPL270W,240
YPL271W,2170
YPL272C,0
YPL273W,4497
YPL274W,988
YPL277C,0
YPL279C,56
YPR001W,0
YPR002C-A,62
YPR002W,82
YPR003C,111
YPR004C,2918
YPR005C,319
YPR008W,146
YPR009W,612
YPR010C,5161
YPR010C-A,2063
YPR011C,370
YPR012W,37
YPR013C,182
YPR014C,0
YPR015C,15
YPR016C,9570
YPR017C,1766
YPR018W,189
YPR019W,338
YPR020W,2612
YPR021C,299
YPR022C,400
YPR023C,1277
YPR024W,3264
YPR025C,397
YPR026W,24
YPR028W,13143
YPR029C,444
YPR030W,96
YPR031W,384
YPR032W,194
YPR033C,2057
YPR034W,224
YPR035W,5233
YPR036W,4313
YPR036W-A,9769
YPR037C,1296
YPR040W,222
YPR041W,1590
YPR042C,537
YPR043W,26478
YPR045C,698
YPR046W,649
YPR047W,191
YPR048W,274
YPR049C,144
YPR050C,35
YPR051W,495
YPR052C,2975
YPR055W,323
YPR056W,728
YPR057W,491
YPR058W,1120
YPR060C,2407
YPR061C,269
YPR062W,3571
YPR063C,4052
YPR064W,0
YPR065W,505
YPR066W,503
YPR067W,1357
YPR068C,65
YPR069C,4212
YPR070W,610
YPR071W,653
YPR072W,567
YPR073C,1954
YPR074C,7133
YPR075C,612
YPR076W,0
YPR077C,0
YPR079W,120
YPR080W,60715
YPR081C,145
YPR082C,1750
YPR083W,92
YPR084W,462
YPR085C,664
YPR086W,2701
YPR088C,1732
YPR089W,811
YPR091C,5878
YPR092W,0
YPR093C,308
YPR094W,433
YPR095C,235
YPR097W,595
YPR098C,1970
YPR099C,0
YPR100W,1796
YPR101W,952
YPR102C,77682
YPR103W,2078
YPR104C,401
YPR105C,817
YPR106W,414
YPR107C,248
YPR108W,1173
YPR109W,781
YPR110C,5601
YPR111W,273
YPR112C,1175
YPR113W,7986
YPR114W,471
YPR115W,560
YPR116W,425
YPR117W,311
YPR118W,2429
YPR119W,1200
YPR120C,189
YPR121W,16
YPR122W,817
YPR124W,664
YPR125W,407
YPR126C,0
YPR127W,561
YPR128C,1097
YPR129W,1726
YPR131C,1731
YPR132W,21907
YPR133C,587
YPR133W-A,10348
YPR134W,403
YPR135W,172
YPR137W,680
YPR138C,1328
YPR139C,980
YPR140W,153
YPR141C,113
YPR143W,1440
YPR144C,1262
YPR145C-A,0
YPR145W,4670
YPR147C,2533
YPR148C,1293
YPR149W,1675
YPR150W,0
YPR151C,117
YPR152C,53
YPR153W,256
YPR154W,3630
YPR155C,103
YPR156C,3319
YPR157W,374
YPR158W,868
YPR158W-A,225
YPR159W,3071
YPR160W,1428
YPR161C,169
YPR162C,293
YPR163C,2641
YPR164W,1113
YPR165W,4587
YPR166C,1490
YPR167C,214
YPR168W,520
YPR169W,619
YPR169W-A,3074
YPR171W,162
YPR172W,1311
YPR173C,403
YPR174C,695
YPR175W,375
YPR176C,1601
YPR178W,650
YPR179C,166
YPR180W,608
YPR181C,3660
YPR182W,577
YPR183W,7857
YPR184W,393
YPR185W,310
YPR186C,1148
YPR187W,3120
YPR188C,1627
YPR189W,665
YPR190C,1463
YPR191W,3141
YPR193C,99
YPR194C,143
YPR195C,80
YPR196W,139
YPR198W,1253
YPR199C,950
YPR200C,67
YPR201W,0
SUM,15784175
,15.784175
,
Lin total TSS reads,17025294
,17.025294