sample,dmso_time,labeling_time,dmso_conc,strain,plate,media,row,col,volume,pr_new,total,pr_new_95ci,p_spikein,spikein,aligned,orf_aligned,od,scale_factor,scaled_rna,scaled_mrna,smoothed_mrna,exp,klac,rep,iaa_time,iaa_conc,xrn1,repeat,control,time,add,treat,remove_sample,hu_conc,alphaFactor
calib|A1,60.0,0.0,0.0,nf164,calib,YPD,A,1,500.0,0.0100036298163087,681988,0.0009766135810006,0.0032594619688714,1334,409270,320859,0.5,1.1502998500749626,470783.21964018,369084.0595952025,387110.13362459827,4tU_timecourse_calib,,,,,,,,,,,,,
calib|A2,60.0,0.0,5.0,nf164,calib,YPD,A,2,500.0,0.0116313854010191,597164,0.0010987956683028,0.0039161828095892,1440,367705,280112,0.5,1.065625,391835.640625,298494.35000000003,392918.10392988526,4tU_timecourse_calib,,,,,,,,,,,,,
calib|A3,60.0,0.0,15.0,nf164,calib,YPD,A,3,500.0,0.0097163535513571,777037,0.0008681091907604,0.0038183129772891,1842,482412,379751,0.5,0.8330618892508144,401879.05211726384,316356.085504886,399981.40735938627,4tU_timecourse_calib,,,,,,,,,,,,,
calib|A4,0.0,0.0,0.0,nf164,calib,YPD,A,4,500.0,0.0086361163337136,991234,0.0007442957693125,0.0025985397102304,1567,603031,483108,0.5,0.9792597319719208,590523.9754307594,473088.21059349074,469141.0334735351,4tU_timecourse_calib,,,,,,,,,,,,,
calib|A5,0.0,0.0,5.0,nf164,calib,YPD,A,5,500.0,0.0090317869099245,1069256,0.0007346870606652,0.0026153281651326,1675,640455,509205,0.5,0.9161194029850748,586733.252238806,466492.5805970149,440958.02352681814,4tU_timecourse_calib,,,,,,,,,,,,,
calib|A6,0.0,0.0,15.0,nf164,calib,YPD,A,6,500.0,0.0094236277516079,914465,0.0008437731372826,0.0032971202693692,1790,542898,428841,0.5,0.8572625698324022,465406.1346368715,367629.3377094972,369297.8755509221,4tU_timecourse_calib,,,,,,,,,,,,,
calib|A7,60.0,3.0,0.0,nf164,calib,YPD,A,7,500.0,0.0451176204751259,835041,0.0016781869470575,0.0027942926274123,1402,501737,391467,0.5,1.0945078459343796,549155.0830955778,428463.70292439376,389981.38579365343,4tU_timecourse_calib,,,,,,,,,,,,,
calib|A8,60.0,3.0,5.0,nf164,calib,YPD,A,8,500.0,0.0459388594632475,902596,0.0016517922862212,0.0030641429690488,1682,548930,426374,0.5,0.91230677764566,500792.5594530321,388983.8900118906,405554.9127410073,4tU_timecourse_calib,,,,,,,,,,,,,
calib|A9,60.0,3.0,15.0,nf164,calib,YPD,A,9,500.0,0.0483066397923129,829854,0.0017262556682736,0.0031040865159517,1558,501919,389772,0.5,0.9849165596919128,494348.33472400514,383892.8973042362,411507.61416018184,4tU_timecourse_calib,,,,,,,,,,,,,
calib|A10,0.0,3.0,0.0,nf164,calib,YPD,A,10,500.0,0.0480773858607579,822954,0.0017378962837166,0.0033277937495703,1646,494622,378856,0.5,0.9322600243013366,461116.3177399757,353192.3037667072,470786.9656541888,4tU_timecourse_calib,,,,,,,,,,,,,
calib|A11,0.0,3.0,5.0,nf164,calib,YPD,A,11,500.0,0.0504076516653102,566324,0.0021089327394409,0.0039008072223949,1355,347364,262634,0.5,1.132472324723247,393380.1166051661,297425.7365313653,438638.1755267044,4tU_timecourse_calib,,,,,,,,,,,,,
calib|A12,0.0,3.0,15.0,nf164,calib,YPD,A,12,500.0,0.0522761348192468,454953,0.0025090758619866,0.0036353447209263,999,274802,203722,0.5,1.536036036036036,422105.7747747748,312924.3333333334,369993.4659072113,4tU_timecourse_calib,,,,,,,,,,,,,
calib|B1,60.0,6.0,0.0,nf164,calib,YPD,B,1,500.0,0.1215921301551404,693393,0.0026832814841324,0.0038268816489992,1613,421492,321071,0.5,0.9513329200247984,400979.2151270924,305445.4119652821,392900.04367280076,4tU_timecourse_calib,,,,,,,,,,,,,
calib|B2,60.0,6.0,5.0,nf164,calib,YPD,B,2,500.0,0.1266750564468499,751732,0.0026076747725955,0.0027534346515246,1253,455068,355717,0.5,1.224660814046289,557303.9473264166,435632.6707901037,418251.4243360059,4tU_timecourse_calib,,,,,,,,,,,,,
calib|B3,60.0,6.0,15.0,nf164,calib,YPD,B,3,500.0,0.1264623603093768,901488,0.0024366683559108,0.0029010828661393,1511,520840,406152,0.5,1.0155526141628062,528940.423560556,412468.725347452,423110.99127607705,4tU_timecourse_calib,,,,,,,,,,,,,
calib|B4,0.0,6.0,0.0,nf164,calib,YPD,B,4,500.0,0.1237526009090821,684785,0.0027226069201193,0.0035281696620996,1457,412962,317490,0.5,1.053191489361702,434928.0638297872,334377.7659574468,472586.73823815375,4tU_timecourse_calib,,,,,,,,,,,,,
calib|B5,0.0,6.0,5.0,nf164,calib,YPD,B,5,500.0,0.1269122447663205,1057187,0.0022749649860566,0.0027200394438809,1644,604403,473550,0.5,0.9333941605839416,564146.230839416,442008.8047445256,436377.20105980185,4tU_timecourse_calib,,,,,,,,,,,,,
calib|B6,0.0,6.0,15.0,nf164,calib,YPD,B,6,500.0,0.1269732796283219,938941,0.0023967993926387,0.0032382310196006,1758,542889,423873,0.5,0.8728668941979523,473869.8353242321,369984.7090443687,370722.66350259853,4tU_timecourse_calib,,,,,,,,,,,,,
calib|B7,60.0,10.0,0.0,nf164,calib,YPD,B,7,500.0,0.2226067936255647,967176,0.0027696902732314,0.0028586472806332,1683,588740,463230,0.5,0.9117647058823528,536792.3529411765,422356.7647058824,396823.2187479109,4tU_timecourse_calib,,,,,,,,,,,,,
calib|B8,60.0,10.0,5.0,nf164,calib,YPD,B,8,500.0,0.2282131144051598,882110,0.0029056994753057,0.002262046875663,1226,541987,421138,0.5,1.25163132137031,678367.9049755301,527109.5114192496,435092.26186924917,4tU_timecourse_calib,,,,,,,,,,,,,
calib|B9,60.0,10.0,15.0,nf164,calib,YPD,B,9,500.0,0.2245263729048538,915220,0.0028771447653253,0.0022836226708046,1259,551317,431069,0.5,1.2188244638602066,671958.6469420175,525397.4428117553,438536.96057596063,4tU_timecourse_calib,,,,,,,,,,,,,
calib|B10,0.0,10.0,0.0,nf164,calib,YPD,B,10,500.0,0.2261636855028662,953989,0.0029192354771104,0.0023645301781341,1265,534990,417032,0.5,1.2130434782608697,648966.1304347827,505877.947826087,475199.8226968569,4tU_timecourse_calib,,,,,,,,,,,,,
calib|B11,0.0,10.0,5.0,nf164,calib,YPD,B,11,500.0,0.2249083120163965,789591,0.0030794013209106,0.0027914778559447,1338,479316,370708,0.5,1.1468609865470851,549708.8206278026,425150.5426008969,433486.8295210171,4tU_timecourse_calib,,,,,,,,,,,,,
calib|B12,0.0,10.0,15.0,nf164,calib,YPD,B,12,500.0,0.2299759988966613,890890,0.0029343835370067,0.003022612247314,1634,540592,405220,0.5,0.9391064871481029,507673.4541003672,380544.7307221543,371736.9955376381,4tU_timecourse_calib,,,,,,,,,,,,,
calib|C7,,5.0,,nf164,calib,YPD,C,7,500.0,0.0182102104455206,911129,0.0011311183058286,0.0702201160774799,38438,547393,434789,0.5,0.9007232426244862,493049.59794994537,391624.55793745775,,spikin_calib,5.0,A,,,,,,,,,,,
calib|C8,,5.0,,nf164,calib,YPD,C,8,500.0,0.0181654078586439,725291,0.0012305494362071,0.0600328111280558,25981,432780,339389,0.5,1.3325891997998538,576717.9538893807,452266.11593087256,,spikin_calib,4.0,A,,,,,,,,,,,
calib|C9,,5.0,,nf164,calib,YPD,C,9,500.0,0.0174606933047767,742945,0.0012167229753774,0.0391306704243672,17328,442824,343898,0.5,1.9980378578024007,884779.1163434903,687121.22322253,,spikin_calib,3.0,A,,,,,,,,,,,
calib|C10,,5.0,,nf164,calib,YPD,C,10,500.0,0.0155255957334957,689295,0.0012346472677042,0.0279551494063892,11698,418456,333456,0.5,2.9596512224311846,1238483.8119336637,986913.4580270132,,spikin_calib,2.0,A,,,,,,,,,,,
calib|C11,,5.0,,nf164,calib,YPD,C,11,500.0,0.0122115439517013,933933,0.0009938924123635,0.0147302937156681,8439,572901,435968,0.5,4.102618793695935,2350394.409527195,1788610.5102500296,,spikin_calib,1.0,A,,,,,,,,,,,
calib|D7,,5.0,,nf164,calib,YPD,D,7,500.0,0.0202082525713705,837650,0.0012461640506881,0.0695184794086589,32917,473500,369602,0.5,1.051796943828417,498025.8529027554,388746.2540328706,,spikin_calib,5.0,B,,,,,,,,,,,
calib|D8,,5.0,,nf164,calib,YPD,D,8,500.0,0.0195052181346355,852738,0.0012065435805266,0.0554591154026979,27603,497718,379261,0.5,1.2542839546426112,624279.7013368112,475700.98692171136,,spikin_calib,4.0,B,,,,,,,,,,,
calib|D9,,5.0,,nf164,calib,YPD,D,9,500.0,0.0177050359294575,704764,0.0012623126621599,0.0418607608649575,17775,424622,331616,0.5,1.9477918424753868,827075.2677355837,645918.9396343179,,spikin_calib,3.0,B,,,,,,,,,,,
calib|D10,,5.0,,nf164,calib,YPD,D,10,500.0,0.0158958761257937,726660,0.0012419369878835,0.0249194106617622,11124,446399,355132,0.5,3.112369651204603,1389358.6999280837,1105302.058971593,,spikin_calib,2.0,B,,,,,,,,,,,
calib|D11,,5.0,,nf164,calib,YPD,D,11,500.0,0.0142451427415523,853544,0.0011385126347409,0.0144833914337315,7466,515487,399580,0.5,4.637289043664613,2390462.2172515406,1852967.9560675065,,spikin_calib,1.0,B,,,,,,,,,,,
e6tc1|G2,,9.0,,nf164,e6tc1,YPD,G,2,500.0,0.2158712732881961,591176,0.0056763594320399,0.1062301817694609,23786,223910,192147,1.08,1.1577164905593391,259224.29940114167,222451.75051150535,,xrn1_ko,,,0.0,1000.0,wt,A,,,,,,,
e6tc1|G11,,9.0,,nf164,e6tc1,YPD,G,11,500.0,0.2396525949177151,1245612,0.0047283592244693,0.0684432734100268,32990,482005,410482,2.2,0.4097721072501309,197512.20455509936,168204.07412824823,,xrn1_ko,,,0.0,1000.0,wt,B,,,,,,,
e6tc1|H2,,9.0,,aa72,e6tc1,YPD,H,2,500.0,0.1457763602529763,1051766,0.0043004131901197,0.1862063651074978,72492,389310,313829,0.64,0.6410284927992055,249558.8025316587,201173.33086668185,,xrn1_ko,,,0.0,1000.0,ko,A,,,,,,,
e6tc1|H3,,9.0,,aa73,e6tc1,YPD,H,3,500.0,0.132971670538887,586315,0.0052691648669528,0.5257966903585174,97132,184733,144671,0.24,1.275774204175761,235677.59606000083,184567.52989231152,,xrn1_ko,,,0.0,1000.0,ko,A,,,,,,,
e6tc1|H4,,9.0,,aa72,e6tc1,YPD,H,4,500.0,0.1452777320790985,716641,0.0047465215148747,0.1973573551124152,52800,267535,215955,0.64,0.8801029829545455,235458.35154474436,190062.6396839489,,xrn1_ko,,,0.0,1000.0,ko,B,,,,,,,
e6tc1|H5,,9.0,,aa73,e6tc1,YPD,H,5,500.0,0.1357225967769043,429232,0.0060245806782544,0.5241245278867661,71467,136355,107642,0.22,1.8915557975263853,257923.0907717103,203610.8491573352,,xrn1_ko,,,0.0,1000.0,ko,B,,,,,,,
calib|E4,,6.0,,nf164,calib,YPD,E,4,500.0,0.0653806953226277,1099092,0.0019580583782019,0.1385990612077265,83355,601411,469533,0.5,0.804306880211145,483719.00513466494,377648.6223861796,377205.1081639455,thio_4tU_test,,A,,,,,no,15.0,thio,,,,
calib|E9,,6.0,,nf164,calib,YPD,E,9,500.0,0.0767947291276209,946076,0.0022405304807406,0.138669822249158,72303,521404,408904,0.5,0.9272505981771156,483472.1708919409,379156.4785970153,373227.04375042906,thio_4tU_test,,B,,,,,no,15.0,thio,,,,
calib|F4,,6.0,,nf164,calib,YPD,F,4,500.0,0.1412570664142054,1075233,0.0026195034451101,0.1225696737160835,72580,592153,471557,0.5,0.9237117663268118,546978.6935657206,435582.7493937724,507403.53970660624,thio_4tU_test,,A,,,,,no,15.0,dmso,,,,
calib|F9,,6.0,,nf164,calib,YPD,F,9,500.0,0.1634153597968912,655365,0.0034910506061183,0.1846331497090135,64117,347267,275011,0.5,1.0456353229252773,363114.64168629225,287561.21579300344,402009.6178046867,thio_4tU_test,,B,,,,,no,15.0,dmso,,,,
fish1|A12,,0.0,,nf227,fish1,YPD,A,12,500.0,0.0186245450670538,998035,0.0014147271535778,0.0163433828691498,13316,814764,706008,0.58,2.143099822873184,1746120.5840834463,1513045.6197470506,,smFISH,,A,60.0,2500.0,,,,,,mock,,,
fish1|B12,,0.0,,nf227,fish1,YPD,B,12,500.0,0.0167257464602566,3375702,0.0009786788854851,0.012220488447333,34146,2794160,2313469,0.58,0.8357499338540184,2335219.035177544,1933481.5637233225,,smFISH,,A,60.0,2500.0,,,,,,IAA,,,
fish1|C12,,0.0,,nf189,fish1,YPD,C,12,500.0,0.0173650882938542,2129897,0.0011485336469296,0.0189266887485791,32536,1719054,1478447,0.5,1.017442832554709,1749039.1710745022,1504235.3034620115,,smFISH,,A,60.0,2500.0,,,,,,mock,,,
fish1|D12,,0.0,,nf189,fish1,YPD,D,12,500.0,0.0202005584924544,1721742,0.0012143993182979,0.0291185061034739,40237,1381836,1181365,0.48,0.8569931489259472,1184223.9849392353,1012421.7113809016,,smFISH,,A,60.0,2500.0,,,,,,IAA,,,
fish1|E12,,0.0,,nf227,fish1,YPD,E,12,500.0,0.0177894794363358,1315259,0.0012709434927422,0.0165975836267155,17863,1076241,932885,0.58,1.5975769602742718,1719377.8253025424,1490355.582585464,,smFISH,,B,60.0,2500.0,,,,,,mock,,,
fish1|F12,,0.0,,nf227,fish1,YPD,F,12,500.0,0.0149098807789654,2626451,0.0009814029582533,0.0123595184648671,26825,2170392,1800607,0.58,1.0638403445062188,2308950.572993541,1915558.371200309,,smFISH,,B,60.0,2500.0,,,,,,IAA,,,
fish1|G12,,0.0,,nf189,fish1,YPD,G,12,500.0,0.0178119525736291,2219280,0.0011322442107067,0.0192931511202394,34728,1800017,1548084,0.5,0.9532227597327806,1715817.1723059206,1475668.902778162,,smFISH,,B,60.0,2500.0,,,,,,mock,,,
fish1|H12,,0.0,,nf189,fish1,YPD,H,12,500.0,0.0179068313100693,1514325,0.0012103349782524,0.0287940471176809,35074,1218099,1038896,0.48,0.9831451597574652,1197568.135955409,1021385.5738913916,,smFISH,,B,60.0,2500.0,,,,,,IAA,,,
TC-14Apr2019|A1,,8.5,,aa100,TC-14Apr2019,YPD,A,1,500.0,0.14585733385195,253286,0.0045575841162958,0.0447714065374876,7373,164681,130987,0.852,1.1502930053761695,189431.40241835295,150673.4298952083,150237.9496125989,screen_1,,,240.0,1000.0,,,,,,,,,
TC-14Apr2019|A2,,8.5,,aa91,TC-14Apr2019,YPD,A,2,500.0,0.0560128979921775,191972,0.003567105683344,0.0696399709540652,8919,128073,105760,0.916,0.8844650373497333,113276.0907284924,93541.0223501078,94520.97887904728,screen_1,,,240.0,1000.0,,,,,,,,,
TC-14Apr2019|A3,,8.5,,aa81,TC-14Apr2019,YPD,A,3,500.0,0.0863652095296566,305788,0.0033567131815473,0.0803252048881353,15966,198767,160095,0.504,0.8979778954882299,178488.372352509,143761.77117818818,145460.42987521642,screen_1,,,240.0,1000.0,,,,,,,,,
TC-14Apr2019|A4,,8.5,,aa88,TC-14Apr2019,YPD,A,4,500.0,0.0610979703371476,264729,0.0031686608491153,0.0628933366527521,10863,172721,128065,0.63,1.0558494028806098,182367.3647149418,135217.3537799053,136352.15711397817,screen_1,,,240.0,1000.0,,,,,,,,,
TC-14Apr2019|A5,,8.5,,aa93,TC-14Apr2019,YPD,A,5,500.0,0.1527820656905041,271270,0.0044225190360587,0.0414730489798899,7381,177971,143331,0.98,0.9989667347768264,177787.10875496655,143182.9010622973,142855.3757654855,screen_1,,,240.0,1000.0,,,,,,,,,
TC-14Apr2019|A6,,8.5,,aa92,TC-14Apr2019,YPD,A,6,500.0,0.16730612667268,286411,0.0043972146209108,0.0328284973873146,6182,188312,151843,1.496,0.7813249869813517,147132.8709484323,118638.72999820938,118928.67615521705,screen_1,,,240.0,1000.0,,,,,,,,,
TC-14Apr2019|A7,,8.5,,aa90,TC-14Apr2019,YPD,A,7,500.0,0.0644682266994495,291808,0.0031116724926463,0.0590106544103389,11260,190813,141669,0.636,1.0090130924852263,192532.8152163835,142945.87579928953,145108.9871500895,screen_1,,,240.0,1000.0,,,,,,,,,
TC-14Apr2019|A8,,8.5,,aa98,TC-14Apr2019,YPD,A,8,500.0,0.1064064256281717,400402,0.0032079784757215,0.0327258497316636,8781,268320,205297,1.362,0.604186786281487,162115.3984950486,124037.73466323044,123855.02170275405,screen_1,,,240.0,1000.0,,,,,,,,,
TC-14Apr2019|A9,,8.5,,aa97,TC-14Apr2019,YPD,A,9,500.0,0.0709736612505868,269731,0.0034884685061071,0.0836002162791664,14070,168301,127084,0.408,1.258745836643115,211848.1830528729,159966.45590395364,159264.82100290275,screen_1,,,240.0,1000.0,,,,,,,,,
TC-14Apr2019|A10,,8.5,,nf227,TC-14Apr2019,YPD,A,10,500.0,0.0954564751941474,459552,0.0028842248634739,0.0411527746897029,12586,305836,235066,1.028,0.5584849387961796,170804.79974166836,131280.82062306275,132594.9635032373,screen_1,,,240.0,1000.0,,,,,,,,,
TC-14Apr2019|A11,,8.5,,aa85,TC-14Apr2019,YPD,A,11,500.0,0.0446687860764059,76885,0.0062482850362274,0.1965982769340083,8854,45036,33014,0.694,1.175962084900815,52960.62845559311,38823.21227091551,38946.90345713053,screen_1,,,240.0,1000.0,,,,,,,,,
TC-14Apr2019|A12,,8.5,,nf164,TC-14Apr2019,YPD,A,12,500.0,0.1907877594597661,212843,0.0053793020256341,0.0327612653025786,4528,138212,99500,1.22,1.3080551613276952,180788.9199574234,130151.48855210569,130396.542600627,screen_1,,,240.0,1000.0,,,,,,,,,
TC-14Apr2019|B1,,8.5,,aa100,TC-14Apr2019,YPD,B,1,500.0,0.1810930992074228,293990,0.0044976605019099,0.0416001769547975,7899,189879,147829,0.956,0.9568906291300048,181693.4357685762,141456.1848136595,142916.1050332017,screen_1,,,120.0,1000.0,,,,,,,,,
TC-14Apr2019|B2,,8.5,,aa91,TC-14Apr2019,YPD,B,2,500.0,0.0981384709687776,419546,0.0029515735335743,0.0464833158098611,13440,289136,241471,1.136,0.4732762460177733,136841.20066859492,114282.48840215776,114137.88240004021,screen_1,,,120.0,1000.0,,,,,,,,,
TC-14Apr2019|B3,,8.5,,aa81,TC-14Apr2019,YPD,B,3,500.0,0.1243607513783396,363270,0.0036509433187155,0.0614655394444921,13603,221311,177956,0.526,1.00988486939109,223498.6303298115,179715.07181736082,175093.3243040343,screen_1,,,120.0,1000.0,,,,,,,,,
TC-14Apr2019|B4,,8.5,,aa88,TC-14Apr2019,YPD,B,4,500.0,0.0335954677949359,356067,0.002191643423591,0.0347383966244725,8233,237000,177438,0.978,0.8974191598129827,212688.3408756769,159236.26087889602,163633.4056729773,screen_1,,,120.0,1000.0,,,,,,,,,
TC-14Apr2019|B5,,8.5,,aa93,TC-14Apr2019,YPD,B,5,500.0,0.1607390393849899,263281,0.0045768925360795,0.0387804415805932,6548,168848,131617,1.066,1.035205169846915,174792.32251831185,136250.59883974135,137629.71993994963,screen_1,,,120.0,1000.0,,,,,,,,,
TC-14Apr2019|B6,,8.5,,aa92,TC-14Apr2019,YPD,B,6,500.0,0.1796870881666823,112296,0.0072584479924645,0.0314320254973074,2288,72792,58552,1.482,2.131022739069298,155121.40722233235,124775.64341798551,125550.19170161911,screen_1,,,120.0,1000.0,,,,,,,,,
TC-14Apr2019|B7,,8.5,,aa90,TC-14Apr2019,YPD,B,7,500.0,0.0418752805766284,412156,0.0021653084062431,0.0343664422638064,9638,280448,212460,0.844,0.8883067026354016,249123.8381406931,188729.64204191745,185764.12411833537,screen_1,,,120.0,1000.0,,,,,,,,,
TC-14Apr2019|B8,,8.5,,aa98,TC-14Apr2019,YPD,B,8,500.0,0.1260714601201052,308361,0.0038082964244137,0.0306367689007171,6412,209291,162938,1.528,0.7375227812380583,154356.88040809444,120170.48692936671,121360.53629119344,screen_1,,,120.0,1000.0,,,,,,,,,
TC-14Apr2019|B9,,8.5,,aa97,TC-14Apr2019,YPD,B,9,500.0,0.0890087108510178,193785,0.0044865046186977,0.0750668023395296,9074,120879,94031,0.516,1.5432768127010812,186549.757842494,145115.86197509535,146946.1708341828,screen_1,,,120.0,1000.0,,,,,,,,,
TC-14Apr2019|B10,,8.5,,nf227,TC-14Apr2019,YPD,B,10,500.0,0.0511490353542632,432615,0.002357014581593,0.0258161696252052,7404,286797,223985,1.374,0.7102956661374275,203710.66616121575,159095.5747797917,159429.5028670765,screen_1,,,120.0,1000.0,,,,,,,,,
TC-14Apr2019|B11,,8.5,,aa85,TC-14Apr2019,YPD,B,11,500.0,0.0466018614910466,78492,0.0056483925502011,0.1377269058017511,6654,48313,37856,0.992,1.0947068583534525,52888.57244763034,41441.222829828286,44309.08282533678,screen_1,,,120.0,1000.0,,,,,,,,,
TC-14Apr2019|B12,,8.5,,nf164,TC-14Apr2019,YPD,B,12,500.0,0.156393568306554,328025,0.0039971371959342,0.0344407644914999,7664,222527,177994,1.24,0.7603527594450804,169199.0185010354,135338.22906466766,133804.87740193453,screen_1,,,120.0,1000.0,,,,,,,,,
TC-14Apr2019|C1,,8.5,,aa100,TC-14Apr2019,YPD,C,1,500.0,0.1742112777925259,303088,0.0042881121805499,0.0408422851805109,8220,201262,160510,0.962,0.9137879316711434,183910.78670399764,146672.1009125352,146491.1662406058,screen_1,,,90.0,1000.0,,,,,,,,,
TC-14Apr2019|C2,,8.5,,aa91,TC-14Apr2019,YPD,C,2,500.0,0.0591053149498726,223321,0.0034065664503921,0.0396666600632606,6007,151437,127332,1.246,0.965420759782394,146200.42359916642,122928.9561846118,125984.33436922089,screen_1,,,90.0,1000.0,,,,,,,,,
TC-14Apr2019|C3,,8.5,,aa81,TC-14Apr2019,YPD,C,3,500.0,0.1162075649605467,378350,0.0034228034741607,0.0606280374455031,14546,239922,195204,0.582,0.8535436579203882,204783.90149557535,166615.13620069146,168001.44574677845,screen_1,,,90.0,1000.0,,,,,,,,,
TC-14Apr2019|C4,,8.5,,aa88,TC-14Apr2019,YPD,C,4,500.0,0.0385765780055031,308170,0.0024038609687324,0.0296322792286947,6296,212471,164948,1.042,1.1014375272847885,234023.53285972629,181679.9172505713,176661.8155016211,screen_1,,,90.0,1000.0,,,,,,,,,
TC-14Apr2019|C5,,8.5,,aa93,TC-14Apr2019,YPD,C,5,500.0,0.1710697739389544,172767,0.0056989375885997,0.0376517501107665,4249,112850,91897,1.122,1.5156981468639572,171046.53587359758,139288.11260235708,136537.24620801938,screen_1,,,90.0,1000.0,,,,,,,,,
TC-14Apr2019|C6,,8.5,,aa92,TC-14Apr2019,YPD,C,6,500.0,0.1827178011191528,175770,0.0057150512624621,0.0298699949798327,3451,115534,92819,1.502,1.394046998477062,161059.82592204888,129394.04835164244,128211.54840844266,screen_1,,,90.0,1000.0,,,,,,,,,
TC-14Apr2019|C7,,8.5,,aa90,TC-14Apr2019,YPD,C,7,500.0,0.0705988753598089,330117,0.002857531316605,0.0325550862463614,7538,231546,183220,0.942,1.0176191514303468,235625.64403709103,186448.18092506813,190809.6146633911,screen_1,,,90.0,1000.0,,,,,,,,,
TC-14Apr2019|C8,,8.5,,aa98,TC-14Apr2019,YPD,C,8,500.0,0.1695967215377822,288760,0.0043459068117866,0.0297645882237111,5744,192981,149356,1.498,0.8397810358100494,162061.78407165917,125426.33638444572,125445.46423042464,screen_1,,,90.0,1000.0,,,,,,,,,
TC-14Apr2019|C9,,8.5,,aa97,TC-14Apr2019,YPD,C,9,500.0,0.1295726930808212,162900,0.0056270075049971,0.0703737681631203,7134,101373,77328,0.518,1.9553722291316904,198221.94898376687,151205.02373429536,151411.494629923,screen_1,,,90.0,1000.0,,,,,,,,,
TC-14Apr2019|C10,,8.5,,nf227,TC-14Apr2019,YPD,C,10,500.0,0.0541993296514466,409378,0.002401363752695,0.022846267051565,6458,282672,222268,1.47,0.7611617084120734,215159.1024402576,169181.89060533475,171482.91339810973,screen_1,,,90.0,1000.0,,,,,,,,,
TC-14Apr2019|C11,,8.5,,aa85,TC-14Apr2019,YPD,C,11,500.0,0.0494602140852912,86692,0.0054792336794033,0.0935450465999309,5149,55043,42097,1.046,1.341645354664274,73848.18525678564,56479.24449530195,53167.90819956821,screen_1,,,90.0,1000.0,,,,,,,,,
TC-14Apr2019|C12,,8.5,,nf164,TC-14Apr2019,YPD,C,12,500.0,0.2031224527724173,305231,0.0045169632599201,0.0350840918833051,6957,198295,164313,1.3,0.7989635231808582,158430.47182914827,131280.09338441634,133774.12271446222,screen_1,,,90.0,1000.0,,,,,,,,,
TC-14Apr2019|D1,,8.5,,aa100,TC-14Apr2019,YPD,D,1,500.0,0.1869840536475473,250136,0.0048775673827162,0.0424907482292968,6935,163212,132282,0.912,1.1424863076942535,186467.4752513945,151130.37375441124,149822.69158711724,screen_1,,,60.0,1000.0,,,,,,,,,
TC-14Apr2019|D2,,8.5,,aa91,TC-14Apr2019,YPD,D,2,500.0,0.0519511774985276,422136,0.0023305009355386,0.0339423985052388,9955,293291,246206,1.214,0.5979052358347324,175360.2245232045,147207.85649392614,144183.75407807145,screen_1,,,60.0,1000.0,,,,,,,,,
TC-14Apr2019|D3,,8.5,,aa81,TC-14Apr2019,YPD,D,3,500.0,0.1113464459696287,269245,0.0039542065982892,0.060621922599052,10539,173848,144371,0.61,1.123991606507601,195403.6928081334,162271.79222310887,163817.37474516366,screen_1,,,60.0,1000.0,,,,,,,,,
TC-14Apr2019|D4,,8.5,,aa88,TC-14Apr2019,YPD,D,4,500.0,0.1243835170309516,377495,0.0033453732102608,0.0295005067547889,7597,257521,206858,1.1,0.8646841456555817,222674.32587337107,178866.83300202232,174480.99565114477,screen_1,,,60.0,1000.0,,,,,,,,,
TC-14Apr2019|D5,,8.5,,aa93,TC-14Apr2019,YPD,D,5,500.0,0.1882674122418103,194029,0.0055787908718389,0.0386377837950427,4823,124826,99764,1.124,1.3329342717981674,166384.85341147805,132978.85469167237,135325.37083818665,screen_1,,,60.0,1000.0,,,,,,,,,
TC-14Apr2019|D6,,8.5,,aa92,TC-14Apr2019,YPD,D,6,500.0,0.1874797301927707,295449,0.0044307205637513,0.0300141969466277,5835,194408,158622,1.508,0.821202202932546,159648.2778677104,130260.7358335663,130579.57031456985,screen_1,,,60.0,1000.0,,,,,,,,,
TC-14Apr2019|D7,,8.5,,aa90,TC-14Apr2019,YPD,D,7,500.0,0.1398502541016258,508705,0.0030558878903142,0.0312105823937412,10516,336937,270238,0.97,0.7083860430644712,238681.4681920137,191432.82750565652,180896.68243950512,screen_1,,,60.0,1000.0,,,,,,,,,
TC-14Apr2019|D8,,8.5,,aa98,TC-14Apr2019,YPD,D,8,500.0,0.1868062331271738,357796,0.0039980222600093,0.0285879692296158,6864,240101,195228,1.576,0.6679728636422798,160380.95253337504,130407.006223155,128710.96185470457,screen_1,,,60.0,1000.0,,,,,,,,,
TC-14Apr2019|D9,,8.5,,aa97,TC-14Apr2019,YPD,D,9,500.0,0.161755913843165,336666,0.0040967817082393,0.0670178232946315,14390,214719,169616,0.54,0.9299032249761924,199667.89056366304,157726.46540756183,155544.07811240925,screen_1,,,60.0,1000.0,,,,,,,,,
TC-14Apr2019|D10,,8.5,,nf227,TC-14Apr2019,YPD,D,10,500.0,0.1182015724004937,312273,0.0035698329239308,0.0212354946613012,4628,217937,175425,1.486,1.0507034249945617,228987.1523330398,184319.64832967095,174387.14511522878,screen_1,,,60.0,1000.0,,,,,,,,,
TC-14Apr2019|D11,,8.5,,aa85,TC-14Apr2019,YPD,D,11,500.0,0.0620915681545794,174874,0.0038182066895912,0.0788806569668838,8837,112030,93277,1.112,0.7353306446163652,82379.0921163714,68589.4365378807,76594.54300617528,screen_1,,,60.0,1000.0,,,,,,,,,
TC-14Apr2019|D12,,8.5,,nf164,TC-14Apr2019,YPD,D,12,500.0,0.2064301515067109,261335,0.0048550565475098,0.0349695665254923,6044,172836,142076,1.236,0.9672737037346408,167179.71785868035,137426.3787318028,134405.87350586493,screen_1,,,60.0,1000.0,,,,,,,,,
TC-14Apr2019|E1,,8.5,,aa100,TC-14Apr2019,YPD,E,1,500.0,0.1900753555870921,388185,0.0039087956862208,0.0417961193504894,10695,255885,207527,0.936,0.7218312335423135,184705.7851949749,149799.4704033357,149335.34972713297,screen_1,,,45.0,1000.0,,,,,,,,,
TC-14Apr2019|E2,,8.5,,aa91,TC-14Apr2019,YPD,E,2,500.0,0.0940165783028392,252688,0.0037616674762714,0.0320202955192156,5604,175014,146790,1.294,0.9964600798502284,174394.46441490788,146270.37512121504,149612.98894648234,screen_1,,,45.0,1000.0,,,,,,,,,
TC-14Apr2019|E3,,8.5,,aa81,TC-14Apr2019,YPD,E,3,500.0,0.1230159954189716,213545,0.0045815782306548,0.0610564846048948,8507,139330,116118,0.636,1.335545717806941,186081.58486204108,155080.89766030636,163991.0072517385,screen_1,,,45.0,1000.0,,,,,,,,,
TC-14Apr2019|E4,,8.5,,aa88,TC-14Apr2019,YPD,E,4,500.0,0.1575407452804834,249063,0.0044826732273075,0.0308862972364576,5159,167032,133061,1.176,1.1910211070278085,198938.63754906887,158478.4595222272,165563.04315873,screen_1,,,45.0,1000.0,,,,,,,,,
TC-14Apr2019|E5,,8.5,,aa93,TC-14Apr2019,YPD,E,5,500.0,0.1915347746192829,301463,0.0043901363335044,0.0383678562515597,7687,200350,161927,1.142,0.8231316911646269,164914.434324833,133287.24535521457,133468.16063820402,screen_1,,,45.0,1000.0,,,,,,,,,
TC-14Apr2019|E6,,8.5,,aa92,TC-14Apr2019,YPD,E,6,500.0,0.1907625598034009,135015,0.0064822739884505,0.0314507101948553,2894,92017,75871,1.488,1.6779957234471023,154404.13248443202,127311.2135336551,130679.35736736243,screen_1,,,45.0,1000.0,,,,,,,,,
TC-14Apr2019|E10,,8.5,,nf227,TC-14Apr2019,YPD,E,10,500.0,0.1497024300850262,335163,0.0037478110910795,0.0228449899200248,5156,225695,182100,1.606,0.8726374717771893,196949.91419275277,158907.28361062618,167715.64756964738,screen_1,,,45.0,1000.0,,,,,,,,,
TC-14Apr2019|E11,,8.5,,aa85,TC-14Apr2019,YPD,E,11,500.0,0.0687334070372063,120427,0.0047109491092125,0.0591014452367984,4666,78949,66041,1.138,1.3608345003340925,107436.52296687626,89870.8712365638,94276.46987304896,screen_1,,,45.0,1000.0,,,,,,,,,
TC-14Apr2019|E12,,8.5,,nf164,TC-14Apr2019,YPD,E,12,500.0,0.1983837594399362,236617,0.0050531077380341,0.0354049614246358,5539,156447,129750,1.276,1.022375110430965,159947.5189015932,132653.17057841772,134110.10647814104,screen_1,,,45.0,1000.0,,,,,,,,,
TC-14Apr2019|F1,,8.5,,aa100,TC-14Apr2019,YPD,F,1,500.0,0.1837331499892882,327282,0.0041984338212815,0.0413084904649418,8866,214629,178143,0.976,0.8350543890271547,179226.88846250917,148759.09402446443,148130.12397807173,screen_1,,,30.0,1000.0,,,,,,,,,
TC-14Apr2019|F2,,8.5,,aa91,TC-14Apr2019,YPD,F,2,500.0,0.137956068926377,328256,0.0037333783516572,0.0313118661872247,6975,222759,186719,1.186,0.8735010003203443,194580.2093303596,163099.23327881435,151282.2867040569,screen_1,,,30.0,1000.0,,,,,,,,,
TC-14Apr2019|F3,,8.5,,aa81,TC-14Apr2019,YPD,F,3,500.0,0.1344165438095355,96262,0.0072545959593022,0.0590420362998025,3767,63802,53098,0.566,3.3890677925559607,216229.30330065545,179952.7216491364,163960.8891885876,screen_1,,,30.0,1000.0,,,,,,,,,
TC-14Apr2019|F4,,8.5,,aa88,TC-14Apr2019,YPD,F,4,500.0,0.1724325824172947,222073,0.0048351648519056,0.0317422211552568,4760,149958,122346,1.156,1.3131898607193744,196923.32513375595,160663.52669957257,155463.74887258757,screen_1,,,30.0,1000.0,,,,,,,,,
TC-14Apr2019|F5,,8.5,,aa93,TC-14Apr2019,YPD,F,5,500.0,0.1955264708506389,90327,0.0080787278597355,0.0376500871605219,2311,61381,50897,1.136,2.752415727597955,168946.02977569005,140089.7032875531,133311.7511326899,screen_1,,,30.0,1000.0,,,,,,,,,
TC-14Apr2019|F6,,8.5,,aa92,TC-14Apr2019,YPD,F,6,500.0,0.1924252003003476,212233,0.0051848319589171,0.0297962295536456,4299,144280,119926,1.488,1.1295928410458045,162977.65510608867,135467.55105525916,130104.94248288979,screen_1,,,30.0,1000.0,,,,,,,,,
TC-14Apr2019|F7,,8.5,,aa90,TC-14Apr2019,YPD,F,7,500.0,0.172977802591153,363115,0.0038434438495532,0.0354218400476122,8630,243635,199240,1.1,0.7611825555672601,185450.7119256294,151658.01237122092,157286.8750651345,screen_1,,,30.0,1000.0,,,,,,,,,
TC-14Apr2019|F8,,8.5,,aa98,TC-14Apr2019,YPD,F,8,500.0,0.1863137810011267,95168,0.0077536878413071,0.028639100887038,1850,64597,53649,1.64,2.3816433750823998,153847.01710019776,127772.78542979564,126585.85060119872,screen_1,,,30.0,1000.0,,,,,,,,,
TC-14Apr2019|F9,,8.5,,aa97,TC-14Apr2019,YPD,F,9,500.0,0.1702659208383187,103918,0.0075008939700051,0.0751294163811708,4978,66259,54034,0.516,2.8131164721674597,186394.28432934367,152003.9354570965,155761.06297734025,screen_1,,,30.0,1000.0,,,,,,,,,
TC-14Apr2019|F10,,8.5,,nf227,TC-14Apr2019,YPD,F,10,500.0,0.1672637138696389,262743,0.0043409852147278,0.023456248972659,4281,182510,148976,1.526,1.1060952981000811,201873.45285624583,164781.65312975773,156388.48378682675,screen_1,,,30.0,1000.0,,,,,,,,,
TC-14Apr2019|F11,,8.5,,aa85,TC-14Apr2019,YPD,F,11,500.0,0.1048958249703956,133274,0.0053751249995018,0.04663890675604,4133,88617,73779,1.084,1.6128635239897038,142927.1269053956,118995.45793643636,112801.2839238762,screen_1,,,30.0,1000.0,,,,,,,,,
TC-14Apr2019|F12,,8.5,,nf164,TC-14Apr2019,YPD,F,12,500.0,0.2081822672905136,190302,0.0057870770884298,0.0344942604479372,4240,122919,101835,1.272,1.3397980449744868,164686.63589021895,136438.33390997688,133649.83033407485,screen_1,,,30.0,1000.0,,,,,,,,,
TC-14Apr2019|G1,,8.5,,aa100,TC-14Apr2019,YPD,G,1,500.0,0.1886791163859556,451357,0.0036579873555631,0.0384015627945233,11205,291785,214645,0.958,0.6731547856934582,196416.4691435657,144489.30897517235,146729.2496851114,screen_1,,,15.0,1000.0,,,,,,,,,
TC-14Apr2019|G2,,8.5,,aa91,TC-14Apr2019,YPD,G,2,500.0,0.1662684514551619,259044,0.0044408809923087,0.033222441245079,5882,177049,149636,1.286,0.95527039553944,169129.6682598623,142942.84090693964,149754.32754431287,screen_1,,,15.0,1000.0,,,,,,,,,
TC-14Apr2019|G3,,8.5,,aa81,TC-14Apr2019,YPD,G,3,500.0,0.1565836588528172,264217,0.0044834913820373,0.0589193544620127,10091,171268,139323,0.628,1.140245738303729,195287.60710780305,158862.45699769043,163368.38752641546,screen_1,,,15.0,1000.0,,,,,,,,,
TC-14Apr2019|G4,,8.5,,aa88,TC-14Apr2019,YPD,G,4,500.0,0.1783134925807903,257011,0.0046066062354445,0.0361005006596724,6266,173571,143261,1.152,1.001035404918963,173750.7162671893,143409.33314409555,147247.29852144618,screen_1,,,15.0,1000.0,,,,,,,,,
TC-14Apr2019|G5,,8.5,,aa93,TC-14Apr2019,YPD,G,5,500.0,0.1926915351719871,350240,0.0041260330826399,0.0387290011720276,8922,230370,184150,1.2,0.6749146305013823,155480.08342860345,124285.52920682955,134570.32803011755,screen_1,,,15.0,1000.0,,,,,,,,,
TC-14Apr2019|G6,,8.5,,aa92,TC-14Apr2019,YPD,G,6,500.0,0.194080248385392,201027,0.0053732241281927,0.0297171208530805,4013,135040,112307,1.576,1.1425282173039144,154287.0104647206,128313.91650075073,129244.32015747702,screen_1,,,15.0,1000.0,,,,,,,,,
TC-14Apr2019|G7,,8.5,,aa90,TC-14Apr2019,YPD,G,7,500.0,0.1893627282501179,330776,0.0042205034514047,0.038891029875945,8477,217968,177085,1.086,0.7849107899155574,171085.43505631422,138995.9272321965,146524.06909917944,screen_1,,,15.0,1000.0,,,,,,,,,
TC-14Apr2019|G8,,8.5,,aa98,TC-14Apr2019,YPD,G,8,500.0,0.1953794288580587,238285,0.0050023805060176,0.030115904083783,4716,156595,130892,1.68,0.9120302213336564,142819.37250974393,119377.45973080496,125681.18180229863,screen_1,,,15.0,1000.0,,,,,,,,,
TC-14Apr2019|G9,,8.5,,aa97,TC-14Apr2019,YPD,G,9,500.0,0.1801405167253154,163223,0.0061017501909537,0.0679569477291375,7040,103595,84225,0.532,1.9293366584073817,199869.63112771272,162498.38005436174,153656.49942025376,screen_1,,,15.0,1000.0,,,,,,,,,
TC-14Apr2019|G10,,8.5,,nf227,TC-14Apr2019,YPD,G,10,500.0,0.1832823212631827,154687,0.0058751531594185,0.025728633782325,2741,106535,87835,1.642,1.6054992954463752,171041.86744037957,141019.03061553236,144015.23571980267,screen_1,,,15.0,1000.0,,,,,,,,,
TC-14Apr2019|G11,,8.5,,aa85,TC-14Apr2019,YPD,G,11,500.0,0.1748265597872163,135926,0.0063567571019321,0.0396518163725039,3626,91446,76744,1.138,1.751145553932398,160135.2563249021,134389.91439098795,128714.24855358058,screen_1,,,15.0,1000.0,,,,,,,,,
TC-14Apr2019|G12,,8.5,,nf164,TC-14Apr2019,YPD,G,12,500.0,0.2172016247218896,268430,0.0049380711396464,0.0346647654421784,6029,173923,140423,1.316,0.9107331282791734,158397.43786969868,127887.87807234636,133046.45461184383,screen_1,,,15.0,1000.0,,,,,,,,,
TC-14Apr2019|H1,,8.5,,aa100,TC-14Apr2019,YPD,H,1,500.0,0.1910082859242437,637816,0.0032047899948877,0.0402359395726815,15621,388235,307724,0.976,0.4739512331550319,184004.45700394383,145846.16927139906,145730.84238098195,screen_1,,,0.0,1000.0,,,,,,,,,
TC-14Apr2019|H2,,8.5,,aa91,TC-14Apr2019,YPD,H,2,500.0,0.1750972199434174,490310,0.0033641357139079,0.0332642363665782,10896,327559,263891,1.206,0.5498926378874107,180122.28257376238,145111.7181047467,147349.54949053066,screen_1,,,0.0,1000.0,,,,,,,,,
TC-14Apr2019|H3,,8.5,,aa81,TC-14Apr2019,YPD,H,3,500.0,0.1576983694304462,396582,0.0037050686160122,0.0553766648360548,14016,253103,193583,0.626,0.8235574222796038,208444.85425123456,159426.71647715254,162326.59004698455,screen_1,,,0.0,1000.0,,,,,,,,,
TC-14Apr2019|H4,,8.5,,aa88,TC-14Apr2019,YPD,H,4,500.0,0.182077633350891,294727,0.004425798186491,0.0366378538272969,7159,195399,156805,1.13,0.893226299713091,174535.5257376383,140062.34992651123,142178.78636997627,screen_1,,,0.0,1000.0,,,,,,,,,
TC-14Apr2019|H5,,8.5,,aa93,TC-14Apr2019,YPD,H,5,500.0,0.1839539362221895,474017,0.0034883192863778,0.0362909748322945,11442,315285,247847,1.122,0.5628562686615063,177460.13866494302,139502.23761894836,136141.6982157792,screen_1,,,0.0,1000.0,,,,,,,,,
TC-14Apr2019|H6,,8.5,,aa92,TC-14Apr2019,YPD,H,6,500.0,0.1928458939895549,370490,0.0039624322566214,0.029083386326864,7226,248458,202112,1.596,0.6265582653006722,155673.4134800744,126634.94411644943,128254.96008147366,screen_1,,,0.0,1000.0,,,,,,,,,
TC-14Apr2019|H7,,8.5,,aa90,TC-14Apr2019,YPD,H,7,500.0,0.1829794202498199,217035,0.0052683990953974,0.04225108100109,5853,138529,115720,1.002,1.2321002962467342,170681.62193876386,142578.6462816721,140731.09155308112,screen_1,,,0.0,1000.0,,,,,,,,,
TC-14Apr2019|H8,,8.5,,aa98,TC-14Apr2019,YPD,H,8,500.0,0.1973488300130898,147774,0.006484765789569,0.0302488278314617,2858,94483,79483,1.574,1.6062951762501745,151767.58713764523,127673.1594938926,125512.57818692506,screen_1,,,0.0,1000.0,,,,,,,,,
TC-14Apr2019|H9,,8.5,,aa97,TC-14Apr2019,YPD,H,9,500.0,0.1778707566826261,190236,0.0056662178979897,0.0717564954174724,8534,118930,97904,0.562,1.5066186999959132,179182.16199051397,147503.9972043999,151422.36553885587,screen_1,,,0.0,1000.0,,,,,,,,,
TC-14Apr2019|H10,,8.5,,nf227,TC-14Apr2019,YPD,H,10,500.0,0.1892816797451189,349354,0.0040797037168684,0.0288808664259927,6696,231849,185985,1.554,0.6944258006085963,161001.92744530243,129152.78252618978,134981.93022547124,screen_1,,,0.0,1000.0,,,,,,,,,
TC-14Apr2019|H12,,8.5,,nf164,TC-14Apr2019,YPD,H,12,500.0,0.2010343298820727,413832,0.0038499489537456,0.0346054748632017,9442,272847,216705,1.23,0.622190248379925,169762.7426997174,134831.73777517164,133191.47090339253,screen_1,,,0.0,1000.0,,,,,,,,,
tc|A1,,9.18,,aa82,tc,YPD,A,1,500.0,0.0963401355665522,1002984,0.0019015890834681,0.0079662238500911,4985,625767,496089,0.1308999955654144,1.029919375591528,644489.5579057838,510931.6731178256,512591.511521686,screen_2,,,240.0,2500.0,,A,,,,,,,
tc|A2,,9.18,,aa91,tc,YPD,A,2,500.0,0.0782267511726565,648802,0.00222454157257,0.0114325095330944,4761,416444,324662,0.1274999976158142,1.107132666032503,461058.75597323966,359443.90561944444,361725.8642901841,screen_2,,,240.0,2500.0,,A,,,,,,,
tc|A3,,9.18,,nf164,tc,YPD,A,3,500.0,0.1892334918246673,606756,0.0030649652189928,0.0077408607409218,3039,392592,318830,0.1420000046491623,1.5573598150318864,611407.0045029983,496533.02982661634,496021.9498547825,screen_2,,,240.0,2500.0,,A,,,,,,,
tc|A4,,9.18,,aa119,tc,YPD,A,4,500.0,0.1690838092687276,728061,0.0026692214812263,0.0054291618110177,2567,472817,391717,0.1724999994039535,1.517724889901501,717606.129268558,594518.6406975463,592766.7682709969,screen_2,,,240.0,2500.0,,A,,,,,,,
tc|A5,,9.18,,aa118,tc,YPD,A,5,500.0,0.1257758513428959,931993,0.0021277309856843,0.0050815320439893,3015,593325,481409,0.1476999968290329,1.5091771480923046,895432.5313918666,726531.4616859683,723082.1277109368,screen_2,,,240.0,2500.0,,A,,,,,,,
tc|A6,,9.18,,aa114,tc,YPD,A,6,500.0,0.0985799852987996,989966,0.0019659446217259,0.0073561564834941,4643,631172,457068,0.1334999948740005,1.08424665324055,684346.1286191446,495574.44930335175,495484.2447360756,screen_2,,,240.0,2500.0,,A,,,,,,,
tc|A7,,9.18,,aa119,tc,YPD,A,7,500.0,0.1735511573188299,1289908,0.0020177524931132,0.0056613676812162,4692,828775,671954,0.1614000052213668,0.8874552748190689,735500.7453881738,596329.1217357727,594479.0562447069,screen_2,,,240.0,2500.0,,B,,,,,,,
tc|A8,,9.18,,aa44,tc,YPD,A,8,500.0,0.0402495816297557,723284,0.0015884734972611,0.0152077232756312,6928,455558,336969,0.1165999993681907,0.8319583710130083,379005.291581944,280344.1803218824,,screen_2,,,240.0,2500.0,,A,,,,,,,
tc|A9,,9.18,,aa113,tc,YPD,A,9,500.0,0.0375050369471575,1059800,0.0012749936157788,0.0185844230171434,12794,688426,493539,0.098300002515316,0.5343774800545379,367879.3510840253,263736.1271286366,266606.6074868,screen_2,,,240.0,2500.0,,A,,,,,,,
tc|A10,,9.18,,nf227,tc,YPD,A,10,500.0,0.1276632692462528,1119564,0.0019638647432709,0.0090005709469563,6621,735620,570837,0.1251000016927719,0.8113852706012004,596871.232759655,463168.7337141774,467611.4043223562,screen_2,,,240.0,2500.0,,A,,,,,,,
tc|A11,,9.18,,aa116,tc,YPD,A,11,500.0,0.132336693068915,827347,0.0023772722000191,0.0122931397266506,6485,527530,429292,0.1230000033974647,0.8425446380947248,444467.5729341102,361697.6727769606,361457.7448917495,screen_2,,,240.0,2500.0,,A,,,,,,,
tc|A12,,9.18,,aa40,tc,YPD,A,12,500.0,0.1453492343559816,891005,0.0023615728024675,0.0092783288500336,5298,571008,449966,0.1330000013113021,0.9537716818046592,544611.2604839148,429164.8285749152,432792.9843504944,screen_2,,,240.0,2500.0,,A,,,,,,,
tc|B1,,9.18,,aa82,tc,YPD,B,1,500.0,0.1194941547138913,986138,0.0020525657013087,0.0069805277501846,4385,628176,502370,0.1410000026226043,1.086974371628822,682811.2128723069,546063.3150751713,549167.2713015933,screen_2,,,120.0,2500.0,,A,,,,,,,
tc|B2,,9.18,,aa91,tc,YPD,B,2,500.0,0.1378856967736272,608872,0.0027741876177396,0.0084001906932515,3295,392253,312459,0.1562999933958053,1.3049493168746362,511870.28439202666,407743.15860133193,416125.8954474668,screen_2,,,120.0,2500.0,,A,,,,,,,
tc|B3,,9.18,,nf164,tc,YPD,B,3,500.0,0.183142243897587,626390,0.0030161559111092,0.0073907965664326,2930,396439,320603,0.1513999998569488,1.5150066106506774,600607.7057197439,485715.6643944392,496314.4238363388,screen_2,,,120.0,2500.0,,A,,,,,,,
tc|B4,,9.18,,aa119,tc,YPD,B,4,500.0,0.1661441189732035,754696,0.0026001578803836,0.0055624253001435,2690,483602,394479,0.1767999976873397,1.413101924872261,683378.9170720752,557439.0342216847,567857.6383704232,screen_2,,,120.0,2500.0,,A,,,,,,,
tc|B5,,9.18,,aa118,tc,YPD,B,5,500.0,0.1276349839449016,784831,0.0023843870267925,0.0049758515892882,2451,492579,399696,0.1676999926567077,1.6350523724540746,805392.4625710556,653523.8930604039,645791.3106186668,screen_2,,,120.0,2500.0,,A,,,,,,,
tc|B6,,9.18,,aa114,tc,YPD,B,6,500.0,0.0873105478834405,1071103,0.001787753551457,0.007037674675966,4795,681333,489937,0.1391000002622604,1.0076095630344544,686517.646410954,493665.2064844115,502147.96064081707,screen_2,,,120.0,2500.0,,A,,,,,,,
tc|B7,,9.18,,aa119,tc,YPD,B,7,500.0,0.1658826530987251,1063171,0.0021713306700841,0.0058951328146429,4062,689043,561379,0.166700005531311,0.992504511746228,683878.286287156,557171.1902995857,571718.5098374835,screen_2,,,120.0,2500.0,,B,,,,,,,
tc|B8,,9.18,,aa44,tc,YPD,B,8,500.0,,0,,,0,0,0,0.1436000019311905,inf,,,,screen_2,,,120.0,2500.0,,A,,,,,,,
tc|B9,,9.18,,aa113,tc,YPD,B,9,500.0,0.0339012708210351,719014,0.0015043845377831,0.0143922227751212,6739,468239,346530,0.1064999997615814,0.9364033523138512,438460.5692840853,324491.85367731884,325186.06412703916,screen_2,,,120.0,2500.0,,A,,,,,,,
tc|B10,,9.18,,nf227,tc,YPD,B,10,500.0,0.0912331505710392,3480899,0.0010113058534532,0.0063130006509217,14092,2232219,1729172,0.1480000019073486,0.3222357103137374,719300.6750408205,557200.9676746259,570200.1300276197,screen_2,,,120.0,2500.0,,A,,,,,,,
tc|B11,,9.18,,aa116,tc,YPD,B,11,500.0,0.1462903874233423,740879,0.0026075632308515,0.0124568182836561,5838,468659,384134,0.123999997973442,0.9283724718563564,435090.1142877282,356619.43110406963,353197.13181022974,screen_2,,,120.0,2500.0,,A,,,,,,,
tc|B12,,9.18,,aa40,tc,YPD,B,12,500.0,0.1197931274715524,1238582,0.0018277999336837,0.0078284413749803,6384,815488,639220,0.1330000013113021,0.7915229276630771,645477.4492341074,505957.28582079214,509074.6574041823,screen_2,,,120.0,2500.0,,A,,,,,,,
tc|C1,,9.18,,aa82,tc,YPD,C,1,500.0,0.1378504142597221,1188436,0.001972851794927,0.0066191432659866,5042,761730,613017,0.1419000029563903,0.9393399151999152,715523.3936052314,575831.3367961064,581060.84695311,screen_2,,,90.0,2500.0,,A,,,,,,,
tc|C2,,9.18,,aa91,tc,YPD,C,2,500.0,0.1097033571641381,603097,0.0026575916370305,0.0073712790081811,2867,388942,315550,0.1561000049114227,1.5016800574288474,584066.4448964908,473855.1421216728,485658.0614013759,screen_2,,,90.0,2500.0,,A,,,,,,,
tc|C3,,9.18,,nf164,tc,YPD,C,3,500.0,0.1911942476885974,684760,0.002897541299247,0.0070230636769986,3067,436704,352640,0.1471000015735626,1.489640837240185,650532.1121861378,525306.9448443789,513159.0429538187,screen_2,,,90.0,2500.0,,A,,,,,,,
tc|C4,,9.18,,aa119,tc,YPD,C,4,500.0,0.1683067654225443,777758,0.0025499165530817,0.0055604884788589,2793,502294,412059,0.1694999933242797,1.419604612736639,713058.8793499374,584960.8571196467,567869.2573892025,screen_2,,,90.0,2500.0,,A,,,,,,,
tc|C5,,9.18,,aa118,tc,YPD,C,5,500.0,0.1424082653566831,752714,0.0024852981418922,0.005574954946706,2679,480542,396271,0.1608999967575073,1.5591190357856983,749222.179694531,617833.6594298345,639940.5899454888,screen_2,,,90.0,2500.0,,A,,,,,,,
tc|C6,,9.18,,aa114,tc,YPD,C,6,500.0,0.0852389976579593,1002318,0.0018069609548841,0.0065469310197026,4231,646257,480631,0.1435000002384185,1.1069120005176094,715349.6287185088,532016.2217207791,530420.5932360706,screen_2,,,90.0,2500.0,,A,,,,,,,
tc|C7,,9.18,,aa119,tc,YPD,C,7,500.0,0.1705595865886272,1080705,0.0021790233178602,0.0056150879914978,3952,703818,577078,0.162100002169609,1.049078692720655,738360.467353266,605400.2338378502,589033.5571714108,screen_2,,,90.0,2500.0,,B,,,,,,,
tc|C8,,9.18,,aa44,tc,YPD,C,8,500.0,,0,,,0,0,0,0.1403000056743621,inf,,,,screen_2,,,90.0,2500.0,,A,,,,,,,
tc|C9,,9.18,,aa113,tc,YPD,C,9,500.0,0.0411076091382665,683680,0.0016493426914714,0.0126334224682764,5641,446514,332011,0.1114000007510185,1.0694653776070695,477531.2636168432,355074.2694847008,367648.00501091813,screen_2,,,90.0,2500.0,,A,,,,,,,
tc|C10,,9.18,,nf227,tc,YPD,C,10,500.0,0.0937315267182402,3681453,0.0009982201584579,0.0054821657664262,13311,2428055,1897309,0.1495999991893768,0.337493760691114,819453.4131148627,640329.9496030968,639161.6327603237,screen_2,,,90.0,2500.0,,A,,,,,,,
tc|C11,,9.18,,aa116,tc,YPD,C,11,500.0,0.1605869763226831,760177,0.0026297077207018,0.0116224992318105,5598,481652,393419,0.1343999952077865,0.8932558633638132,430238.4731009074,351423.82850872807,365153.0626969152,screen_2,,,90.0,2500.0,,A,,,,,,,
tc|C12,,9.18,,aa40,tc,YPD,C,12,500.0,0.1010409056286672,1561637,0.0015992839080016,0.0063567836973899,6469,1017653,800735,0.1527000069618225,0.6803491005591219,692359.303231292,544779.3370362085,548686.038709016,screen_2,,,90.0,2500.0,,A,,,,,,,
tc|D1,,9.18,,aa82,tc,YPD,D,1,500.0,0.1285665770403615,1262492,0.0018686973093641,0.0060616454412428,4913,810506,654813,0.1439000070095062,0.950605764946882,770471.6761240375,622469.0127621626,604863.9766053375,screen_2,,,60.0,2500.0,,A,,,,,,,
tc|D2,,9.18,,aa91,tc,YPD,D,2,500.0,0.0961620396112582,818866,0.0021266210363886,0.006249365665891,3325,532054,427864,0.1501999944448471,1.34569443592809,715982.107413284,575774.2041339363,535444.0636720406,screen_2,,,60.0,2500.0,,A,,,,,,,
tc|D3,,9.18,,nf164,tc,YPD,D,3,500.0,0.1876738747750195,724107,0.0027707625758839,0.007103091215601,3316,466839,376542,0.148499995470047,1.364793862151619,637139.0018129996,513902.2104422949,502445.0754229331,screen_2,,,60.0,2500.0,,A,,,,,,,
tc|D4,,9.18,,aa119,tc,YPD,D,4,500.0,0.1667363671767598,746242,0.0026022495022445,0.0056970509383378,2737,480424,392388,0.1768999993801117,1.388050906805607,666852.9688511769,544654.5192196385,563003.8707935145,screen_2,,,60.0,2500.0,,A,,,,,,,
tc|D5,,9.18,,aa118,tc,YPD,D,5,500.0,0.1454740575935592,885131,0.0023098979290709,0.0049175575415075,2748,558814,452440,0.1653999984264373,1.4786173351018512,826272.0674976059,668985.6270934816,658818.3598551846,screen_2,,,60.0,2500.0,,A,,,,,,,
tc|D6,,9.18,,aa114,tc,YPD,D,6,500.0,0.131618622878109,1102558,0.0020432381134737,0.0063258985847093,4408,696818,524371,0.1458999961614608,1.044987647147168,728166.2023097953,547961.2175222076,527830.9756173246,screen_2,,,60.0,2500.0,,A,,,,,,,
tc|D7,,9.18,,aa119,tc,YPD,D,7,500.0,0.1696198622167023,1301948,0.001993743839281,0.0057037559148502,4742,831382,679747,0.1650999933481216,0.8584191896532889,713674.2627323306,583507.8689092542,588125.1330523463,screen_2,,,60.0,2500.0,,B,,,,,,,
tc|D8,,9.18,,aa44,tc,YPD,D,8,500.0,,0,,,0,0,0,0.1509000062942505,inf,,,,screen_2,,,60.0,2500.0,,A,,,,,,,
tc|D9,,9.18,,aa113,tc,YPD,D,9,500.0,0.0569892050121637,704183,0.0018910421076266,0.0114934221620686,5248,456609,346395,0.1033999994397163,1.2384932963400055,565507.1855485137,429007.88538569625,397418.1961277698,screen_2,,,60.0,2500.0,,A,,,,,,,
tc|D10,,9.18,,nf227,tc,YPD,D,10,500.0,0.1267862222332179,3816638,0.0010580612947088,0.0049990439634588,12654,2531284,2008564,0.1546999961137771,0.3433127163561847,869021.9859089488,689565.5628152438,664941.7102934537,screen_2,,,60.0,2500.0,,A,,,,,,,
tc|D11,,9.18,,aa116,tc,YPD,D,11,500.0,0.1606672107196875,810448,0.0025351017422245,0.0110355206425168,5705,516967,427111,0.1262000054121017,0.9334541711284112,482565.0024857413,398688.54448482685,382317.2424576463,screen_2,,,60.0,2500.0,,A,,,,,,,
tc|D12,,9.18,,aa40,tc,YPD,D,12,500.0,0.1276386676321481,1342745,0.0017971859075967,0.0055573282582306,4894,880639,696491,0.1606999933719635,0.854531741344417,752533.978165806,595173.6670607143,589599.1556170185,screen_2,,,60.0,2500.0,,A,,,,,,,
tc|E1,,9.18,,aa82,tc,YPD,E,1,500.0,0.1229613113670755,1409349,0.0017574944872457,0.0063513543492246,5726,901540,730300,0.1433999985456466,0.8184789836260961,737891.5428982707,597735.2017421379,607526.7116811306,screen_2,,,45.0,2500.0,,A,,,,,,,
tc|E2,,9.18,,aa91,tc,YPD,E,2,500.0,0.1151496080383174,850243,0.0022082058929585,0.0065240223824152,3640,557938,453183,0.1552000045776367,1.1896382229954952,663744.3708616606,539123.8188117675,547189.8117942426,screen_2,,,45.0,2500.0,,A,,,,,,,
tc|E3,,9.18,,nf164,tc,YPD,E,3,500.0,0.1822864878231126,829460,0.0025730817607214,0.0070886659405771,3814,538042,435837,0.1639000028371811,1.0750987902525533,578448.3033050643,468567.8314473021,499244.0848343204,screen_2,,,45.0,2500.0,,A,,,,,,,
tc|E4,,9.18,,aa119,tc,YPD,E,4,500.0,0.1662158611419423,981037,0.0022754121796412,0.0053266955486306,3364,631536,515259,0.1750999987125396,1.1409481091564584,720549.8050642331,587883.7817758475,569315.1657669712,screen_2,,,45.0,2500.0,,A,,,,,,,
tc|E5,,9.18,,aa118,tc,YPD,E,5,500.0,0.1378146177475508,1127088,0.0020025612760378,0.0046659544267827,3376,723539,591724,0.1652999967336654,1.2042946028454544,871354.1126481972,712610.0195741237,672002.7520601051,screen_2,,,45.0,2500.0,,A,,,,,,,
tc|E6,,9.18,,aa114,tc,YPD,E,6,500.0,0.1580617145638085,1192022,0.0020778760611171,0.0065794462909548,5032,764806,594933,0.1525000035762787,0.8757850688086464,669805.6753352656,521033.4383415344,517521.9208219718,screen_2,,,45.0,2500.0,,A,,,,,,,
tc|E7,,9.18,,aa119,tc,YPD,E,7,500.0,0.1642896410486752,1405598,0.0018842604038624,0.0056111606602142,5096,908190,744955,0.1645999997854232,0.8012144501619649,727654.9514925949,596868.7107204066,588505.6520519985,screen_2,,,45.0,2500.0,,B,,,,,,,
tc|E8,,9.18,,aa44,tc,YPD,E,8,500.0,,0,,,0,0,0,0.1524000018835067,inf,,,,screen_2,,,45.0,2500.0,,A,,,,,,,
tc|E9,,9.18,,aa113,tc,YPD,E,9,500.0,0.064747438664594,983487,0.0017064181964281,0.0121620020454488,7801,641424,493622,0.1093999966979026,0.7874816383735108,505109.6224120908,388718.26129720913,404522.90634565626,screen_2,,,45.0,2500.0,,A,,,,,,,
tc|E10,,9.18,,nf227,tc,YPD,E,10,500.0,0.1427035084103319,4205422,0.0010472686176733,0.005178843154619,14199,2741732,2197578,0.1561000049114227,0.3032126716422639,831327.8846470874,666333.496522263,645725.1824882516,screen_2,,,45.0,2500.0,,A,,,,,,,
tc|E11,,9.18,,aa116,tc,YPD,E,11,500.0,0.1716475610970246,1144813,0.0021715901666322,0.0104265997661756,7643,733029,592610,0.1310999989509582,0.6707203375104714,491657.4582849634,397475.57921208045,390508.4402512688,screen_2,,,45.0,2500.0,,A,,,,,,,
tc|E12,,9.18,,aa40,tc,YPD,E,12,500.0,0.1535101443822706,1427308,0.0018437465070495,0.0057500284708061,5352,930778,742204,0.1527999937534332,0.8218046262212572,764917.6663849693,609946.680799922,598608.8795996122,screen_2,,,45.0,2500.0,,A,,,,,,,
tc|F1,,9.18,,aa82,tc,YPD,F,1,500.0,0.130166927614616,1273296,0.0018814563548647,0.0062121850218414,5030,809699,650516,0.1440999954938888,0.9272056527989088,750757.4898656238,603162.112436135,604549.1562773217,screen_2,,,30.0,2500.0,,A,,,,,,,
tc|F2,,9.18,,aa91,tc,YPD,F,2,500.0,0.1463392500024435,913598,0.0023012579380036,0.0063683101559207,3778,593250,482010,0.1642999947071075,1.082700955226165,642312.3416879224,521872.68742856383,556040.7613737122,screen_2,,,30.0,2500.0,,A,,,,,,,
tc|F3,,9.18,,nf164,tc,YPD,F,3,500.0,0.17124940845248,778151,0.0026033412593413,0.0073552773717989,3704,503584,411766,0.150299996137619,1.2071967999446254,607924.9933033142,497082.5975259986,506082.43628313654,screen_2,,,30.0,2500.0,,A,,,,,,,
tc|F4,,9.18,,aa119,tc,YPD,F,4,500.0,0.1618405666614359,945317,0.0022952677856975,0.0055637752019256,3407,612354,498515,0.1747999936342239,1.128481586130042,691030.2131930758,562564.997909618,590243.1889138345,screen_2,,,30.0,2500.0,,A,,,,,,,
tc|F5,,9.18,,aa118,tc,YPD,F,5,500.0,0.1323627209878791,1133565,0.0019572362714062,0.005239202331445,3840,732936,601846,0.1633999943733215,1.0710870324058508,785038.2451834147,644629.4461053316,685229.4125493623,screen_2,,,30.0,2500.0,,A,,,,,,,
tc|F6,,9.18,,aa114,tc,YPD,F,6,500.0,0.169314743989081,1230054,0.0020753341005574,0.0074419505227847,5919,795356,633946,0.1510999947786331,0.751441599343585,597663.5846875164,476373.39613746834,511837.0388739787,screen_2,,,30.0,2500.0,,A,,,,,,,
tc|F7,,9.18,,aa119,tc,YPD,F,7,500.0,0.1641931052051722,1452408,0.0018713546967702,0.0055347483653921,5156,931569,761003,0.1737000048160553,0.7504042478350068,699053.3347514095,571059.8838151837,600881.899898446,screen_2,,,30.0,2500.0,,B,,,,,,,
tc|F8,,9.18,,aa44,tc,YPD,F,8,500.0,,0,,,0,0,0,0.1519999951124191,inf,,,,screen_2,,,30.0,2500.0,,A,,,,,,,
tc|F9,,9.18,,aa113,tc,YPD,F,9,500.0,0.0814175454719134,907431,0.0019520503948925,0.0121248546013502,7182,592337,462133,0.1097000017762184,0.8530136632236126,505271.554232885,394205.76322651777,407412.5955160887,screen_2,,,30.0,2500.0,,A,,,,,,,
tc|F10,,9.18,,nf227,tc,YPD,F,10,500.0,0.1558541530065031,4097112,0.001092697817648,0.0057934895674896,15617,2695612,2169708,0.1592999994754791,0.2701435721457658,728202.254798992,586132.6696332452,616790.345173544,screen_2,,,30.0,2500.0,,A,,,,,,,
tc|F11,,9.18,,aa116,tc,YPD,F,11,500.0,0.1665330970334465,1149600,0.0021373989808344,0.0113557277097491,8452,744294,609298,0.1280999928712844,0.6207252742148447,462002.0972464637,378206.66812855646,397431.0457429616,screen_2,,,30.0,2500.0,,A,,,,,,,
tc|F12,,9.18,,aa40,tc,YPD,F,12,500.0,0.1701083153760979,1410320,0.0019068552342764,0.0060998755888683,5560,911494,735299,0.1489000022411346,0.8117803360706378,739932.9056463699,596901.2693324039,599145.1945678955,screen_2,,,30.0,2500.0,,A,,,,,,,
tc|G1,,9.18,,aa82,tc,YPD,G,1,500.0,0.1675576949536589,1754441,0.0017494039163034,0.0063991813062538,7141,1115924,890839,0.1407999992370605,0.6684152309332562,745900.598163963,595450.355909351,595821.1583218445,screen_2,,,0.0,2500.0,,A,,,,,,,
tc|G2,,9.18,,aa91,tc,YPD,G,2,500.0,0.1861156129637011,944455,0.0024368806676062,0.0061406025824964,3745,609875,498050,0.1527999937534332,1.1744454898627952,716264.9431300722,584932.5762261652,577204.7699547475,screen_2,,,0.0,2500.0,,A,,,,,,,
tc|G3,,9.18,,nf164,tc,YPD,G,3,500.0,0.1925369225689243,751108,0.0027656258062979,0.0071610765650868,3456,482609,389303,0.1446000039577484,1.3448256514386066,649024.9628151344,523544.6605820038,541856.1200091448,screen_2,,,0.0,2500.0,,A,,,,,,,
tc|G4,,9.18,,aa119,tc,YPD,G,4,500.0,0.1741930698991881,1064107,0.0022120384507837,0.0046494443559019,3209,690190,558845,0.1662999987602234,1.2593488789199312,869190.0027417473,703780.824240009,645152.6525959582,screen_2,,,0.0,2500.0,,A,,,,,,,
tc|G5,,9.18,,aa118,tc,YPD,G,5,500.0,0.1499709355956258,1224245,0.0019751967707834,0.0049053347571498,3877,790364,649850,0.1588000059127807,1.0915954272066473,862757.7282287546,709373.2883702398,702675.3971299417,screen_2,,,0.0,2500.0,,A,,,,,,,
tc|G6,,9.18,,aa114,tc,YPD,G,6,500.0,0.186755082620427,1137158,0.0022453411038413,0.007261548391861,5310,731249,587030,0.1448000073432922,0.8740673905438188,639160.9052677769,513103.780270938,521246.5802389107,screen_2,,,0.0,2500.0,,A,,,,,,,
tc|G7,,9.18,,aa119,tc,YPD,G,7,500.0,0.1726994871463749,1561415,0.001817275460966,0.005250447525982,5344,1017818,836332,0.1737000048160553,0.7240052960024879,736905.6223666602,605508.7972163527,644006.0164664885,screen_2,,,0.0,2500.0,,B,,,,,,,
tc|G8,,9.18,,aa44,tc,YPD,G,8,500.0,,2264,,0.0076230076230076,11,1443,1174,0.1479000002145767,413.0923602482157,596092.2758381752,484970.4309314052,,screen_2,,,0.0,2500.0,,A,,,,,,,
tc|G9,,9.18,,aa113,tc,YPD,G,9,500.0,0.1134120899253032,905303,0.0021989169718036,0.0122177115409966,7229,591682,467369,0.1039000004529953,0.8947758392837545,529422.7581390904,418190.489230209,413235.3980432126,screen_2,,,0.0,2500.0,,A,,,,,,,
tc|G10,,9.18,,nf227,tc,YPD,G,10,500.0,0.186499071143194,4049369,0.0011877959100511,0.0063024395313346,16738,2655797,2189210,0.152999997138977,0.2624297318965202,696960.0946815828,574513.7933651811,569662.1892911269,screen_2,,,0.0,2500.0,,A,,,,,,,
tc|G11,,9.18,,aa116,tc,YPD,G,11,500.0,0.1852016261235325,1100769,0.0022673068199956,0.010241724993274,7271,709939,581602,0.123599998652935,0.7478171353986423,530904.5492877767,434931.94158212113,407936.83103320247,screen_2,,,0.0,2500.0,,A,,,,,,,
tc|G12,,9.18,,aa40,tc,YPD,G,12,500.0,0.2025093535216497,1240789,0.0021961197515338,0.0056337535757229,4512,800887,629024,0.1554999947547912,0.9578743707844216,767149.1311944231,602525.9682083001,586676.5790097925,screen_2,,,0.0,2500.0,,A,,,,,,,
tc|H1,,9.18,,aa82,tc,YPD,H,1,500.0,0.1748932603080898,1919172,0.0017216043192824,0.005900700860817,7009,1187825,942309,0.1518999934196472,0.6312395592732217,749802.1294937145,594822.7178591903,595821.1583218445,screen_2,,,0.0,2500.0,,A,,,,,,,
tc|H2,,9.18,,aa91,tc,YPD,H,2,500.0,0.1929721444738643,964819,0.0024464493723088,0.0056262258699316,3468,616399,494651,0.1565999984741211,1.2374771278864145,762779.6641520578,612119.2987861427,577204.7699547475,screen_2,,,0.0,2500.0,,A,,,,,,,
tc|H3,,9.18,,nf164,tc,YPD,H,3,500.0,0.1866282191979354,757208,0.0027052136515971,0.0064565472950688,3191,494227,405016,0.1439999938011169,1.4625770195549237,722845.0526435712,592367.0941520568,541856.1200091448,screen_2,,,0.0,2500.0,,A,,,,,,,
tc|H4,,9.18,,aa119,tc,YPD,H,4,500.0,0.1776699001027974,974038,0.0023344421701753,0.0048926817803581,3081,629716,517988,0.1780000030994415,1.225452027760861,771686.7491134583,634769.4449557929,645152.6525959582,screen_2,,,0.0,2500.0,,A,,,,,,,
tc|H5,,9.18,,aa118,tc,YPD,H,5,500.0,0.1475676170428748,1249968,0.0019399255960759,0.0045342309251501,3691,814030,670678,0.1665000021457672,1.093577923415199,890205.2369976745,733438.6545202588,702675.3971299417,screen_2,,,0.0,2500.0,,A,,,,,,,
tc|H6,,9.18,,aa114,tc,YPD,H,6,500.0,0.1842389617694139,1427814,0.0019738366777621,0.0066451007533639,6140,923989,744354,0.1437000036239624,0.7616981008142408,703800.6664732496,566973.0281334834,521246.5802389107,screen_2,,,0.0,2500.0,,A,,,,,,,
tc|H7,,9.18,,aa119,tc,YPD,H,7,500.0,0.1727678970069909,1523087,0.0018602870679526,0.0045245963436621,4369,965611,784281,0.1653999984264373,0.9300161219638104,898033.7975455968,729393.9741498991,644006.0164664885,screen_2,,,0.0,2500.0,,B,,,,,,,
tc|H8,,9.18,,aa44,tc,YPD,H,8,500.0,,0,,,0,0,0,0.1501999944448471,inf,,,,screen_2,,,0.0,2500.0,,A,,,,,,,
tc|H9,,9.18,,aa113,tc,YPD,H,9,500.0,0.1137934587725607,1080327,0.0020455923806314,0.011576283201684,8018,692623,549921,0.1081999987363815,0.7746663926123986,536551.7608503774,426005.3172918029,413235.3980432126,screen_2,,,0.0,2500.0,,A,,,,,,,
tc|H10,,9.18,,nf227,tc,YPD,H,10,500.0,0.1825482545369794,4179909,0.0011648848542704,0.0065271064003643,17829,2731532,2247419,0.149399995803833,0.2523076698285926,689186.4739822352,567041.0510185057,569662.1892911269,screen_2,,,0.0,2500.0,,A,,,,,,,
tc|H11,,9.18,,aa116,tc,YPD,H,11,500.0,0.1912045007398068,1261938,0.0021615965227223,0.0105582766893242,8450,800320,644063,0.1273999959230423,0.6242835623434679,499626.6206147242,402077.94401362096,407936.83103320247,screen_2,,,0.0,2500.0,,A,,,,,,,
tc|H12,,9.18,,aa40,tc,YPD,H,12,500.0,0.1967364331826301,1719626,0.0018533795640499,0.0060733604034125,6629,1091488,846534,0.1523000001907348,0.6656717093282883,726572.6826713148,563513.7347845132,586676.5790097925,screen_2,,,0.0,2500.0,,A,,,,,,,
HU|A2,,9.0,,nf227,HU,YPD,A,2,500.0,0.0403088178357524,483487,0.0034358110540877,0.0683593474613313,19393,283692,193694,0.1261000037193298,1.141841578078299,323931.32096818875,221167.862624298,222062.93850182716,xrn1_dep_rep,,,240.0,1000.0,,A,,,,,,0.0,
HU|A3,,9.0,,nf227,HU,YPD,A,3,500.0,0.1486040939352795,595546,0.0046704071335311,0.0780326006768387,26655,341588,234861,0.1243999972939491,0.842106252772532,287653.3906720637,197777.91663240964,201267.52958186975,xrn1_dep_rep,,,240.0,1000.0,,B,,,,,,0.0,
HU|B2,,9.0,,nf227,HU,YPD,B,2,500.0,0.0167480089848887,740771,0.0018573949107193,0.0539686177239761,24021,445092,303226,0.1467999964952469,0.7918607581841879,352450.8885817166,240112.77026115856,244121.90537606154,xrn1_dep_rep,,,120.0,1000.0,,A,,,,,,0.0,
HU|B3,,9.0,,nf227,HU,YPD,B,3,500.0,0.0184658497453825,752804,0.0019197205696405,0.0509945598428349,23050,452009,311681,0.1389999985694885,0.8715257521659253,393937.48371076776,271638.01796082774,272942.6453160332,xrn1_dep_rep,,,120.0,1000.0,,B,,,,,,0.0,
HU|C2,,9.0,,nf227,HU,YPD,C,2,500.0,0.019277913851191,389810,0.0033829220347894,0.05037193557429,11681,231895,161396,0.1460999995470047,1.6361974493951332,379426.0075274845,264075.72354257695,267294.02864851966,xrn1_dep_rep,,,90.0,1000.0,,A,,,,,,0.0,
HU|C3,,9.0,,nf227,HU,YPD,C,3,500.0,0.0239401662029068,596150,0.0023992583135722,0.0454455043352803,16222,356955,245268,0.1414999961853027,1.2164804243041274,434228.7698574798,298363.7207082247,293642.40753710084,xrn1_dep_rep,,,90.0,1000.0,,B,,,,,,0.0,
HU|D2,,9.0,,nf227,HU,YPD,D,2,500.0,0.017987491372328,586057,0.0020949274029721,0.0484916093010549,17040,351401,250188,0.1441999971866607,1.1363996924073372,399331.9883116307,284313.56624400686,280151.54670720414,xrn1_dep_rep,,,75.0,1000.0,,A,,,,,,0.0,
HU|D3,,9.0,,nf227,HU,YPD,D,3,500.0,0.033017726745921,446530,0.003530763836252,0.0473449698040948,12857,271560,193977,0.1498000025749206,1.4498213307860823,393713.4805882685,281231.9922818919,305537.523434393,xrn1_dep_rep,,,75.0,1000.0,,B,,,,,,0.0,
HU|E2,,9.0,,nf227,HU,YPD,E,2,500.0,0.0176817597113979,557839,0.00228143567742,0.0489694995558187,16537,337700,242775,0.1442999988794326,1.1701536610123453,395160.891323869,284084.0550522721,283955.22590908856,xrn1_dep_rep,,,60.0,1000.0,,A,,,,,,0.0,
HU|E3,,9.0,,nf227,HU,YPD,E,3,500.0,0.0291103356987521,563157,0.0025368737391943,0.0451267365094671,15537,344297,251082,0.1406999975442886,1.277334652627532,439782.48889570136,320715.739251026,307299.88852507365,xrn1_dep_rep,,,60.0,1000.0,,B,,,,,,0.0,
HU|F2,,9.0,,nf227,HU,YPD,F,2,500.0,0.0261941580209544,791981,0.0023534717828199,0.0471705789448428,22609,479303,336211,0.1465000063180923,0.8430376149673112,404070.4579666772,283438.51956577465,266423.6879008708,xrn1_dep_rep,,,40.0,1000.0,,A,,,,,,0.0,
HU|F3,,9.0,,nf227,HU,YPD,F,3,500.0,0.0753091952762938,706440,0.0033274541513192,0.0459706375076598,19730,429187,310238,0.1418000012636184,0.998073741644706,428360.2749552665,309640.4014603703,286321.1731768833,xrn1_dep_rep,,,40.0,1000.0,,B,,,,,,0.0,
HU|G2,,9.0,,nf227,HU,YPD,G,2,500.0,0.0226166436311794,544558,0.0024818833318407,0.0611472324407562,20013,327292,235674,0.1445000022649765,0.9655747505112792,316024.89124433754,227560.8637519952,232239.68772523172,xrn1_dep_rep,,,20.0,1000.0,,A,,,,,,0.0,
HU|G3,,9.0,,nf227,HU,YPD,G,3,500.0,0.031247263539794,548415,0.002853159412055,0.0585356135834252,19099,326280,231495,0.1421000063419342,1.0288717048913034,335700.2598719345,238178.65532381227,248846.41289865298,xrn1_dep_rep,,,20.0,1000.0,,B,,,,,,0.0,
HU|H2,,9.0,,nf227,HU,YPD,H,2,500.0,0.0256412406996466,432695,0.003504582411848,0.0755360604695791,19287,255335,182601,0.1423999965190887,1.0166964114692352,259598.1782224972,185649.7814306938,200500.49271730956,xrn1_dep_rep,,,0.0,1000.0,,A,,,,,,0.0,
HU|H3,,9.0,,nf227,HU,YPD,H,3,500.0,0.0248195328883606,574861,0.0023739649633999,0.0743088669806629,25401,341830,245083,0.1412999927997589,0.7779881743413952,265939.69763511914,190671.67573211217,207071.60335598007,xrn1_dep_rep,,,0.0,1000.0,,B,,,,,,0.0,
HU|A1,,9.0,,nf164,HU,YPD,A,1,500.0,0.0557573277025914,457481,0.0038267253585929,0.0600171445747811,16173,269473,201824,0.1380999982357025,1.2502063207447065,336896.8478700383,252321.64047797964,251389.4750381128,xrn1_dep_rep,,,240.0,1000.0,,A,,,,,,0.0,
HU|B1,,9.0,,nf164,HU,YPD,B,1,500.0,0.0429654054825822,532935,0.0032280872423497,0.0608940984661043,19123,314037,231924,0.1456000059843063,1.0028789874699209,314941.10858809145,232591.70628997387,237238.48242135244,xrn1_dep_rep,,,120.0,1000.0,,A,,,,,,0.0,
HU|C1,,9.0,,nf164,HU,YPD,C,1,500.0,0.1212380381008723,394263,0.0055990599613488,0.0580413389178329,13636,234936,175224,0.1441999971866607,1.4200829245101954,333628.60195272724,248832.61036437447,249702.94340166534,xrn1_dep_rep,,,90.0,1000.0,,A,,,,,,0.0,
HU|D1,,9.0,,nf164,HU,YPD,D,1,500.0,0.0732896223839684,438163,0.0042919135739055,0.055791840082632,14692,263336,201590,0.1456000059843063,1.3053399725964672,343743.00702366326,263143.4850757218,253261.08524669343,xrn1_dep_rep,,,75.0,1000.0,,A,,,,,,0.0,
HU|E1,,9.0,,nf164,HU,YPD,E,1,500.0,0.0604839543025944,492420,0.0038242157434137,0.0576341352330584,16957,294218,223556,0.1438000053167343,1.1451385303372656,336920.3681187696,256002.58928807772,253676.47065778755,xrn1_dep_rep,,,60.0,1000.0,,A,,,,,,0.0,
HU|F1,,9.0,,nf164,HU,YPD,F,1,500.0,0.071607120696785,458730,0.0041186008414016,0.0594905324248379,16196,272245,206286,0.1469999998807907,1.1728456119926205,319301.35363693093,241941.6299155097,248725.3737262186,xrn1_dep_rep,,,40.0,1000.0,,A,,,,,,0.0,
HU|G1,,9.0,,nf164,HU,YPD,G,1,500.0,0.0588482720302895,592009,0.003605209226706,0.0585225061797862,20905,357213,268626,0.1466999948024749,0.910512011717224,325246.7272415447,244587.199659551,241942.309921518,xrn1_dep_rep,,,20.0,1000.0,,A,,,,,,0.0,
HU|H1,,9.0,,nf164,HU,YPD,H,1,500.0,0.0547609804841444,610270,0.0033146156876484,0.0589690166596094,21029,356611,263449,0.1464000046253204,0.9069978099119368,323445.39599050564,238947.66602348984,239794.94947018535,xrn1_dep_rep,,,0.0,1000.0,,A,,,,,,0.0,
aArrest|A2,,9.33,,nf227,αArrest,YPD,A,2,500.0,0.0746288205324231,2197871,0.002012179446435,0.2471012720421286,114164,462013,330399,0.96,0.4949819083365451,228688.0764162922,163541.52753248616,163707.67390665386,cellcycle_arrest,,,90.0,,,1.0,,,,,,,yes
aArrest|A3,,9.33,,nf227,αArrest,YPD,A,3,500.0,0.0938398961634114,2254343,0.0021419802085504,0.2514233725985456,121042,481427,361594,0.98,0.4573277651306057,220169.9339835321,165366.97590463623,164022.47666595352,cellcycle_arrest,,,60.0,,,1.0,,,,,,,yes
aArrest|A4,,9.33,,nf227,αArrest,YPD,A,4,500.0,0.1123096988409417,2156999,0.002290034531706,0.257620397072103,123817,480618,389090,1.05,0.417272880060704,200548.85706901544,162356.70490281933,161986.4303205836,cellcycle_arrest,,,40.0,,,1.0,,,,,,,yes
aArrest|A5,,9.33,,nf227,αArrest,YPD,A,5,500.0,0.0991105914033554,1803290,0.0024034537446102,0.2841073732261586,114518,403080,323599,0.97,0.4883646797163117,196850.0351000509,158034.32199151875,159436.42893568153,cellcycle_arrest,,,20.0,,,1.0,,,,,,,yes
aArrest|A6,,9.33,,nf227,αArrest,YPD,A,6,500.0,0.1123773784269959,2132284,0.0024159081024403,0.2800347025762891,126208,450687,359334,0.98,0.4386082288518856,197675.02683656977,157606.84930626347,157669.65672613864,cellcycle_arrest,,,0.0,,,1.0,,,,,,,yes
aArrest|A8,,9.33,,nf227,αArrest,YPD,A,8,500.0,0.0631518414518624,2532734,0.0015923978197086,0.0682234921177321,44722,655522,535864,1.45,0.8365665899218004,548387.8041587184,448285.9191418557,458351.8800563175,cellcycle_arrest,,,90.0,,,1.0,,,,,,,no
aArrest|A9,,9.33,,nf227,αArrest,YPD,A,9,500.0,0.1384576882936959,3818776,0.0017421910513774,0.065611669848381,63033,960698,816904,1.43,0.6018464742466456,578192.7041158039,491650.7921979818,475983.34654828615,cellcycle_arrest,,,60.0,,,1.0,,,,,,,no
aArrest|A10,,9.33,,nf227,αArrest,YPD,A,10,500.0,0.182865916758085,3224656,0.0020782261882352,0.067470365612477,54517,808014,692660,1.44,0.6910274420007623,558359.8475208039,478647.067976248,455014.7830359195,cellcycle_arrest,,,40.0,,,1.0,,,,,,,no
aArrest|A11,,9.33,,nf227,αArrest,YPD,A,11,500.0,0.2036754616235416,1405559,0.0032331619984252,0.0756054391189526,26911,355940,298189,1.54,1.3089985893857916,465924.95790597866,390328.9803703598,418712.4358407178,cellcycle_arrest,,,20.0,,,1.0,,,,,,,no
aArrest|A12,,9.33,,nf227,αArrest,YPD,A,12,500.0,0.2064663264837318,1118940,0.0037880584901485,0.0735491299151776,20186,274456,218631,1.53,1.7564995217678203,482081.83274630894,384025.2469436204,387583.4766265864,cellcycle_arrest,,,0.0,,,1.0,,,,,,,no
aArrest|B2,,9.33,,nf189,αArrest,YPD,B,2,500.0,0.0193087924507436,932018,0.0018591725404831,0.3950880692626448,76847,194506,139250,0.83,0.8505203815247979,165431.31732886235,118434.96312732813,116509.45507450048,cellcycle_arrest,,,90.0,,,1.0,,,,,,,yes
aArrest|B3,,9.33,,nf189,αArrest,YPD,B,3,500.0,0.036275084930181,1403189,0.0019294456148278,0.3674998854338883,104252,283679,213030,0.87,0.5981169191715388,169673.20951366294,127416.8472911129,139573.99486000693,cellcycle_arrest,,,60.0,,,1.0,,,,,,,yes
aArrest|B4,,9.33,,nf189,αArrest,YPD,B,4,500.0,0.0482161052899237,1421944,0.002041456828144,0.2997791010372647,93639,312360,240297,0.83,0.6979991217231725,218027.00566145012,167727.09495271317,159549.89226571863,cellcycle_arrest,,,40.0,,,1.0,,,,,,,yes
aArrest|B5,,9.33,,nf189,αArrest,YPD,B,5,500.0,0.0982294374186487,646916,0.0047074937152185,0.2466990121713248,32491,131703,95140,0.87,1.9191433029907132,252756.93043378592,182587.2938465365,174125.85981867614,cellcycle_arrest,,,20.0,,,1.0,,,,,,,yes
aArrest|B6,,9.33,,nf189,αArrest,YPD,B,6,500.0,0.1190551703681269,929723,0.0040651948846024,0.2462471057863827,48178,195649,147640,0.96,1.1729236286963622,229481.33503081455,173170.4445407309,178319.64952168844,cellcycle_arrest,,,0.0,,,1.0,,,,,,,yes
aArrest|B8,,9.33,,nf189,αArrest,YPD,B,8,500.0,0.0521888299471388,85193,0.0182895748052591,0.126170824445887,2721,21566,12137,0.99,20.138448060168017,434305.7708655834,244420.34410625923,232249.5567388667,cellcycle_arrest,,,90.0,,,1.0,,,,,,,no
aArrest|B9,,9.33,,nf189,αArrest,YPD,B,9,500.0,0.0568333495576121,158782,0.012002118176125,0.1330580468688356,5059,38021,24302,1.13,9.489571726197246,360803.0066017455,230615.57209004543,256173.80803141155,cellcycle_arrest,,,60.0,,,1.0,,,,,,,no
aArrest|B10,,9.33,,nf189,αArrest,YPD,B,10,500.0,0.0498974268951326,652522,0.0033550407619215,0.1484096709954281,21165,142612,114599,1.02,2.512877345599237,358366.4640105984,287973.23092832696,296949.9233218139,cellcycle_arrest,,,40.0,,,1.0,,,,,,,no
aArrest|B11,,9.33,,nf189,αArrest,YPD,B,11,500.0,0.0978944980220925,1482214,0.0026438942898739,0.1148568285427124,39883,347241,288339,1.05,1.295426025887626,449825.02865524514,373521.8448784122,340995.3323395846,cellcycle_arrest,,,20.0,,,1.0,,,,,,,no
aArrest|B12,,9.33,,nf189,αArrest,YPD,B,12,500.0,0.1524190948359929,1057284,0.0036526144474003,0.1096373242033593,28244,257613,204632,1.08,1.7784422912503213,458149.853975869,363926.20294313575,368315.18251216196,cellcycle_arrest,,,0.0,,,1.0,,,,,,,no
aArrest|C2,,9.33,,nf164,αArrest,YPD,C,2,500.0,0.1096599682766521,520074,0.0052552932999283,0.2944626693111,31327,106387,86465,0.94,1.8422267108313204,195988.97308521168,159288.13255203012,159899.4867945592,cellcycle_arrest,,,90.0,,,1.0,,,,,,,yes
aArrest|C3,,9.33,,nf164,αArrest,YPD,C,3,500.0,0.1139871759306926,827113,0.0040495508523448,0.2870845819970441,49144,171183,134693,0.92,1.1998622946584658,205396.02718652016,161613.05205443274,161601.26099311124,cellcycle_arrest,,,60.0,,,1.0,,,,,,,yes
aArrest|C4,,9.33,,nf164,αArrest,YPD,C,4,500.0,0.1056403202526964,599698,0.004806157102797,0.2803364748996838,36259,129341,94711,0.86,1.7397044005754467,225015.10687482887,164769.14348290113,163770.45730471457,cellcycle_arrest,,,40.0,,,1.0,,,,,,,yes
aArrest|C5,,9.33,,nf164,αArrest,YPD,C,5,500.0,0.1003330477671833,334750,0.006671845797797,0.270888169227589,19657,72565,55359,0.93,2.9674919492960177,215336.05330066552,164277.38682107825,166448.97344387614,cellcycle_arrest,,,20.0,,,1.0,,,,,,,yes
aArrest|C6,,9.33,,nf164,αArrest,YPD,C,6,500.0,0.1115466246581525,559205,0.0053443976544155,0.2819671857526747,33787,119826,92406,0.87,1.8455289033495503,221142.34637276325,170537.94384291858,168748.4205851164,cellcycle_arrest,,,0.0,,,1.0,,,,,,,yes
aArrest|C8,,9.33,,nf164,αArrest,YPD,C,8,500.0,0.1772296172589564,58652,0.0181089042966453,0.0760943175521763,1236,16243,9359,1.33,33.00043190500523,536026.0154329999,308851.042198944,323396.93144830095,cellcycle_arrest,,,90.0,,,1.0,,,,,,,no
aArrest|C9,,9.33,,nf164,αArrest,YPD,C,9,500.0,0.2040892285933972,1053972,0.0038926319267959,0.0930582831926263,23787,255614,212269,1.37,1.6646751476531834,425514.2731922208,353358.92891719355,347082.1562077129,cellcycle_arrest,,,60.0,,,1.0,,,,,,,no
aArrest|C10,,9.33,,nf164,αArrest,YPD,C,10,500.0,0.1970668009327785,664452,0.0050490648575981,0.0983818645246003,15285,155364,135890,1.3,2.73011499458997,424161.58601947606,370995.326614831,361999.9056087553,cellcycle_arrest,,,40.0,,,1.0,,,,,,,no
aArrest|C11,,9.33,,nf164,αArrest,YPD,C,11,500.0,0.2148265159278438,1290115,0.0035952263866677,0.0910286571099879,28169,309452,262436,1.4,1.3755939913684243,425680.31181694166,361005.3847187638,364258.60662058956,cellcycle_arrest,,,20.0,,,1.0,,,,,,,no
aArrest|C12,,9.33,,nf164,αArrest,YPD,C,12,500.0,0.2205319343697528,689596,0.0050523276733589,0.0941088013607873,15270,162259,142625,1.42,2.501856258704816,405948.6946811847,356827.2488977744,359539.62198066467,cellcycle_arrest,,,0.0,,,1.0,,,,,,,no
aArrest|D2,,9.33,,nf198,αArrest,YPD,D,2,500.0,0.0726499545123692,1416799,0.0025522360304997,0.3650370423392148,101995,279410,205978,0.88,0.6044051847461328,168876.85266991696,124494.17114363896,127310.56524668864,cellcycle_arrest,,,90.0,,,1.0,,,,,,,yes
aArrest|D3,,9.33,,nf198,αArrest,YPD,D,3,500.0,0.0742409872443773,1199016,0.0027175032499728,0.3486109440769693,86961,249450,188557,0.85,0.7339158798027785,183075.3162168031,138384.9765479725,139816.3236371302,cellcycle_arrest,,,60.0,,,1.0,,,,,,,yes
aArrest|D4,,9.33,,nf198,αArrest,YPD,D,4,500.0,0.0809579491310275,935453,0.0033300636974045,0.3277053032451484,64710,197464,153465,0.85,0.9862781459361676,194754.42780913945,151359.17566609397,153297.10801137987,cellcycle_arrest,,,40.0,,,1.0,,,,,,,yes
aArrest|D5,,9.33,,nf198,αArrest,YPD,D,5,500.0,0.097120833459204,389363,0.006750797863208,0.23916668680668,19792,82754,56017,0.9,3.045492567142729,252026.6919013294,170599.35713363424,163288.25229547685,cellcycle_arrest,,,20.0,,,1.0,,,,,,,yes
aArrest|D6,,9.33,,nf198,αArrest,YPD,D,6,500.0,0.1169388670315531,2087642,0.0025037455909779,0.2762941698174859,118381,428460,337354,0.93,0.492747900822867,211122.76558656563,166230.4753341975,167928.94662584932,cellcycle_arrest,,,0.0,,,1.0,,,,,,,yes
aArrest|D8,,9.33,,nf198,αArrest,YPD,D,8,500.0,0.11128303227195,343265,0.0064685759447063,0.1276804773918106,10527,82448,58576,1.38,3.734272670827121,307883.3131643545,218738.75596636944,217214.74643324962,cellcycle_arrest,,,90.0,,,1.0,,,,,,,no
aArrest|D9,,9.33,,nf198,αArrest,YPD,D,9,500.0,0.1652279585676641,1616459,0.0029261329704893,0.1436031611855787,53513,372645,324633,1.36,0.7454036732140953,277770.95180486655,241982.6306465114,252942.35730447932,cellcycle_arrest,,,60.0,,,1.0,,,,,,,no
aArrest|D10,,9.33,,nf198,αArrest,YPD,D,10,500.0,0.1520213950262753,1151585,0.0032963587271041,0.122493822357662,34006,277614,245573,1.36,1.1729926120304028,325639.17099620827,288055.3147141421,285572.3794842265,cellcycle_arrest,,,40.0,,,1.0,,,,,,,no
aArrest|D11,,9.33,,nf198,αArrest,YPD,D,11,500.0,0.2165762810189252,1420642,0.0034498704366241,0.0992572505428014,33235,334837,288271,1.45,1.125708771911622,376928.9480605718,324509.1933877352,313577.2476920086,cellcycle_arrest,,,20.0,,,1.0,,,,,,,no
aArrest|D12,,9.33,,nf198,αArrest,YPD,D,12,500.0,0.2275436940638208,1230276,0.0038221428787109,0.1000291979019724,28435,284267,242094,1.41,1.3530610437890571,384630.603734784,327567.96033506806,328514.4233566389,cellcycle_arrest,,,0.0,,,1.0,,,,,,,no
aArrest|E2,,9.33,,aa46,αArrest,YPD,E,2,500.0,0.0306675495408685,1534577,0.001737296233568,0.5295578292347275,159309,300834,221702,0.75,0.4540337750325887,136588.7966781538,100660.19599227498,99153.87398602773,cellcycle_arrest,,,90.0,,,1.0,,,,,,,yes
aArrest|E3,,9.33,,aa46,αArrest,YPD,E,3,500.0,0.04051329046294,1273094,0.0019890729406981,0.4398276644665858,118216,268778,214666,0.86,0.5335990209486459,143419.67765253517,114545.567430962,122522.69223862147,cellcycle_arrest,,,60.0,,,1.0,,,,,,,yes
aArrest|E4,,9.33,,aa46,αArrest,YPD,E,4,500.0,0.0482614436069901,2083922,0.0017133382374405,0.3347458496410962,146852,438697,328863,0.86,0.4295477205653659,188441.29636886436,141262.35202828795,150989.58996603367,cellcycle_arrest,,,40.0,,,1.0,,,,,,,yes
aArrest|E5,,9.33,,aa46,αArrest,YPD,E,5,500.0,0.0994528235715917,2689029,0.0020111319470312,0.2690890129898364,158431,588768,457826,0.79,0.4334335060529085,255191.7784917589,198437.1283421789,176523.62856224945,cellcycle_arrest,,,20.0,,,1.0,,,,,,,yes
aArrest|E6,,9.33,,aa46,αArrest,YPD,E,6,500.0,0.102212130509466,772223,0.0041409478921416,0.2708181219701957,45251,167090,126666,0.81,1.4800505056705655,247301.6389924948,187472.07735126783,191129.50813611737,cellcycle_arrest,,,0.0,,,1.0,,,,,,,yes
aArrest|E8,,9.33,,aa46,αArrest,YPD,E,8,500.0,0.0490951156301218,456502,0.0039529100884141,0.281667345276873,27671,98240,77463,1.15,1.7047748938222878,167477.08556910156,132056.97760015586,137834.5230511479,cellcycle_arrest,,,90.0,,,1.0,,,,,,,no
aArrest|E9,,9.33,,aa46,αArrest,YPD,E,9,500.0,0.0580261139939368,656423,0.0031375661813231,0.1911616598990307,29800,155889,124506,1.23,1.4800226441861737,230719.2499795384,184271.6993370437,186519.83069554725,cellcycle_arrest,,,60.0,,,1.0,,,,,,,no
aArrest|E10,,9.33,,aa46,αArrest,YPD,E,10,500.0,0.0612824021390588,979735,0.00259431025049,0.1531056716201653,33814,220854,182582,1.32,1.215400067391846,268425.9664837588,221910.175104538,250672.3325658138,cellcycle_arrest,,,40.0,,,1.0,,,,,,,no
aArrest|E11,,9.33,,aa46,αArrest,YPD,E,11,500.0,0.1566208177188499,1285579,0.0032101146307767,0.1005719872891713,30858,306825,264044,1.34,1.3119496335162608,402538.9463036267,346412.4290321676,313104.4164748733,cellcycle_arrest,,,20.0,,,1.0,,,,,,,no
aArrest|E12,,9.33,,aa46,αArrest,YPD,E,12,500.0,0.2296439813298506,1183327,0.0038809023400971,0.0895560996871046,25273,282203,228309,1.35,1.5900074885949138,448704.8833039505,363013.0197136162,356745.8534711485,cellcycle_arrest,,,0.0,,,1.0,,,,,,,no
aArrest|F2,,9.33,,nf164,αArrest,YPD,F,2,500.0,0.1128735756536417,2093441,0.0023619500934082,0.2821793569338439,129991,460668,362514,0.87,0.4796861710231574,220976.0690328959,173892.95260228892,173691.24849640482,cellcycle_arrest,,,90.0,,,2.0,,,,,,,yes
aArrest|F3,,9.33,,nf164,αArrest,YPD,F,3,500.0,0.1154798648934897,1871127,0.0025724056046072,0.3161837885657415,125807,397892,312328,0.79,0.5458305483595377,217181.6085478732,170478.1635080377,166946.15783066914,cellcycle_arrest,,,60.0,,,2.0,,,,,,,yes
aArrest|F4,,9.33,,nf164,αArrest,YPD,F,4,500.0,0.1112558847232544,1775778,0.0025703484798839,0.3233678283169398,124960,386433,313536,0.85,0.5107399073585901,197366.75462030203,160135.3475935829,163332.01293503508,cellcycle_arrest,,,40.0,,,2.0,,,,,,,yes
aArrest|F5,,9.33,,nf164,αArrest,YPD,F,5,500.0,0.1183992032385645,1843042,0.0026650603913472,0.3022209212981596,115640,382634,304210,0.9,0.5212416887659018,199444.79233925208,158566.934139475,164243.21299424602,cellcycle_arrest,,,20.0,,,2.0,,,,,,,yes
aArrest|F6,,9.33,,nf164,αArrest,YPD,F,6,500.0,0.1110845531062195,1744935,0.002555474415512,0.2798867928443946,107893,385488,318996,0.92,0.54652324625968,210678.1531541515,174338.72946385288,168688.27115769358,cellcycle_arrest,,,0.0,,,2.0,,,,,,,yes
aArrest|F8,,9.33,,nf164,αArrest,YPD,F,8,500.0,0.2017555793367031,286894,0.0080806555323543,0.0872438570034595,5901,67638,54474,1.4,6.566532306872928,444147.1121722711,357705.2808845959,370507.6794048945,cellcycle_arrest,,,90.0,,,2.0,,,,,,,no
aArrest|F9,,9.33,,nf164,αArrest,YPD,F,9,500.0,0.2172089104266602,1441343,0.0033854135000098,0.0881609866556532,30952,351085,308170,1.35,1.2982766625503763,455805.462071499,400089.9190981495,384815.5982860035,cellcycle_arrest,,,60.0,,,2.0,,,,,,,no
aArrest|F10,,9.33,,nf164,αArrest,YPD,F,10,500.0,0.2037805877595396,1750987,0.0029836857720486,0.0889380273494326,38210,429625,382996,1.4,1.0141090589598831,435686.6044556399,388399.71314539947,392188.71916045394,cellcycle_arrest,,,40.0,,,2.0,,,,,,,no
aArrest|F11,,9.33,,nf164,αArrest,YPD,F,11,500.0,0.2257629683371905,1632132,0.0032204150702603,0.0915756772246395,37230,406549,355927,1.34,1.0874064408016324,442084.00110146287,387037.3122552026,393569.5155498523,cellcycle_arrest,,,20.0,,,2.0,,,,,,,no
aArrest|F12,,9.33,,nf164,αArrest,YPD,F,12,500.0,0.2291139158078528,1772122,0.0031653834925493,0.0886658271522262,36543,412143,366055,1.36,1.0915575285199868,449877.79447681294,399570.0911023837,394864.7324609207,cellcycle_arrest,,,0.0,,,2.0,,,,,,,no
aArrest|G2,,9.33,,nf227,αArrest,YPD,G,2,500.0,0.0701396267424241,1639873,0.002164419537447,0.2397024987097884,89177,372032,281629,0.87,0.6992260903312655,260134.48083812132,196922.34459390395,206409.0005665585,cellcycle_arrest,,,90.0,,,2.0,,,,,,,yes
aArrest|G3,,9.33,,nf227,αArrest,YPD,G,3,500.0,0.0893277447658451,2692863,0.0018229733669066,0.2313433788584359,144963,626614,478338,0.78,0.4797753874242357,300633.9746154501,229494.7992697341,215524.91449022855,cellcycle_arrest,,,60.0,,,2.0,,,,,,,yes
aArrest|G4,,9.33,,nf227,αArrest,YPD,G,4,500.0,0.1050646731645663,2386764,0.0020978359815477,0.2569997009227088,139208,541666,432731,0.8,0.4871195441353945,263856.0949936426,210791.7274532534,210129.49854379502,cellcycle_arrest,,,40.0,,,2.0,,,,,,,yes
aArrest|G5,,9.33,,nf227,αArrest,YPD,G,5,500.0,0.1086963843705231,2595287,0.0021527642591038,0.2692200767149572,148165,550349,425218,0.82,0.4465090419135555,245735.8047080834,189863.68178439827,196202.46959852357,cellcycle_arrest,,,20.0,,,2.0,,,,,,,yes
aArrest|G6,,9.33,,nf227,αArrest,YPD,G,6,500.0,0.1124751115285598,2443084,0.0022685016218288,0.268774094976401,136158,506589,408621,0.89,0.4476685298358764,226783.9528610268,182926.76233006569,184526.97689276803,cellcycle_arrest,,,0.0,,,2.0,,,,,,,yes
aArrest|G8,,9.33,,nf227,αArrest,YPD,G,8,500.0,0.0659564260592685,586048,0.0043429063343641,0.0661169216244523,8964,135578,103429,1.36,4.449886966165314,603306.775098761,460247.3590235123,479078.7383060105,cellcycle_arrest,,,90.0,,,2.0,,,,,,,no
aArrest|G9,,9.33,,nf227,αArrest,YPD,G,9,500.0,0.1424024818338568,2515886,0.002222120784368,0.0659768795553047,41269,625507,534687,1.38,0.9525476363807484,595825.2143896128,509314.8380535132,448068.11137354403,cellcycle_arrest,,,60.0,,,2.0,,,,,,,no
aArrest|G10,,9.33,,nf227,αArrest,YPD,G,10,500.0,0.3102556228553652,701940,0.0053311333110055,0.0978182548401195,16562,169314,149446,1.42,2.3066866966805057,390554.3513617632,344725.10007211484,416006.06880444346,cellcycle_arrest,,,40.0,,,2.0,,,,,,,no
aArrest|G11,,9.33,,nf227,αArrest,YPD,G,11,500.0,0.2034344712948436,3645365,0.0021104516324448,0.0812764105155426,69646,856903,741687,1.43,0.5447001810755652,466755.219264195,403997.0432013927,383631.5680753906,cellcycle_arrest,,,20.0,,,2.0,,,,,,,no
aArrest|G12,,9.33,,nf227,αArrest,YPD,G,12,500.0,0.2208588710949704,1562997,0.0032703968287199,0.0870309598176599,32991,379072,325289,1.41,1.1662056554860976,442075.910236426,379353.8714674172,375290.5434476721,cellcycle_arrest,,,0.0,,,2.0,,,,,,,no
aArrest|H2,,9.33,,aa45,αArrest,YPD,H,2,500.0,0.0245671482646736,2095678,0.0015552545453033,0.3835493409559363,163565,426451,312234,0.76,0.4364010284017138,186103.65496293924,136259.2387019807,139362.9848526037,cellcycle_arrest,,,90.0,,,1.0,,,,,,,yes
aArrest|H3,,9.33,,aa45,αArrest,YPD,H,3,500.0,0.0468032513469281,2073774,0.0017416505692592,0.3237070898457218,137873,425919,321145,0.81,0.4857641846634131,206896.19576765623,156000.7390837318,155911.1512616283,cellcycle_arrest,,,60.0,,,1.0,,,,,,,yes
aArrest|H4,,9.33,,aa45,αArrest,YPD,H,4,500.0,0.0835697870976891,1820641,0.0023239396245203,0.3306596041172641,126473,382487,301690,0.77,0.5570589934446252,213067.82322565437,168059.12773230896,168556.25184740132,cellcycle_arrest,,,40.0,,,1.0,,,,,,,yes
aArrest|H5,,9.33,,aa45,αArrest,YPD,H,5,500.0,0.1099751439565367,1949535,0.0024085297177747,0.2867343768778472,126449,440997,350856,0.83,0.5168877552138502,227945.9493860423,181353.17024331063,176310.08034992008,cellcycle_arrest,,,20.0,,,1.0,,,,,,,yes
aArrest|H6,,9.33,,aa45,αArrest,YPD,H,6,500.0,0.1228922007537369,1947073,0.0026029053591472,0.3132458790871349,127513,407070,325043,0.78,0.5454320695707848,222029.0325601794,177288.8761894966,178991.34245444264,cellcycle_arrest,,,0.0,,,1.0,,,,,,,yes
aArrest|H8,,9.33,,aa45,αArrest,YPD,H,8,500.0,0.0140239418264984,981013,0.0028129931395277,0.1491799573518862,30362,203526,148629,1.15,1.5536797999788066,316214.2349704866,230921.87499105005,231745.05626552092,cellcycle_arrest,,,90.0,,,1.0,,,,,,,no
aArrest|H9,,9.33,,aa45,αArrest,YPD,H,9,500.0,0.0169379837849491,1291603,0.0015250051518052,0.1329550103322039,38025,285999,226630,1.26,1.1322699143211965,323828.0632259478,256606.33068261272,265455.6096334008,cellcycle_arrest,,,60.0,,,1.0,,,,,,,no
aArrest|H10,,9.33,,aa45,αArrest,YPD,H,10,500.0,0.0449771182758554,1689319,0.0018124008332235,0.1217229661487165,47605,391093,324330,1.28,0.8902811876378531,348182.7405168509,288744.8975865849,311927.0109598266,cellcycle_arrest,,,40.0,,,1.0,,,,,,,no
aArrest|H11,,9.33,,aa45,αArrest,YPD,H,11,500.0,0.1960167228081748,1317039,0.0033976350532329,0.088818982170666,28460,320427,273300,1.32,1.4440456036116611,462711.2006284737,394657.663467067,352770.4146985664,cellcycle_arrest,,,20.0,,,1.0,,,,,,,no
aArrest|H12,,9.33,,aa45,αArrest,YPD,H,12,500.0,0.2128136414132358,1708032,0.0031567053718039,0.0881500375392173,35458,402246,308593,1.28,1.195268654111907,480792.0350418982,368851.5397783557,376291.1025065537,cellcycle_arrest,,,0.0,,,1.0,,,,,,,no
